[12Aug2024 14:45:18.943] [main/INFO] [cpw.mods.modlauncher.Launcher/MODLAUNCHER]: ModLauncher running: args [--username, NemEzanevem, --version, 1.20.1, --gameDir, C:/Users/Borka Patrik/AppData/Roaming/PrismLauncher/instances/Forge Server Ecset/.minecraft, --assetsDir, C:/Users/Borka Patrik/AppData/Roaming/PrismLauncher/assets, --assetIndex, 5, --uuid, 9dc6a7e5576047539dee6ff9ce315468, --accessToken, ????????, --userType, msa, --versionType, release, --launchTarget, forgeclient, --fml.forgeVersion, 47.3.5, --fml.mcVersion, 1.20.1, --fml.forgeGroup, net.minecraftforge, --fml.mcpVersion, 20230612.114412, --width, 854, --height, 480]
[12Aug2024 14:45:18.950] [main/INFO] [cpw.mods.modlauncher.Launcher/MODLAUNCHER]: ModLauncher 10.0.9+10.0.9+main.dcd20f30 starting: java version 17.0.10 by Eclipse Adoptium; OS Windows 11 arch amd64 version 10.0
[12Aug2024 14:45:20.411] [main/INFO] [net.minecraftforge.fml.loading.ImmediateWindowHandler/]: Loading ImmediateWindowProvider fmlearlywindow
[12Aug2024 14:45:20.501] [main/INFO] [EARLYDISPLAY/]: Trying GL version 4.6
[12Aug2024 14:45:20.851] [main/INFO] [EARLYDISPLAY/]: Requested GL version 4.6 got version 4.6
[12Aug2024 14:45:20.987] [main/INFO] [mixin/]: SpongePowered MIXIN Subsystem Version=0.8.5 Source=union:/C:/Users/Borka%20Patrik/AppData/Roaming/PrismLauncher/libraries/org/spongepowered/mixin/0.8.5/mixin-0.8.5.jar%23150!/ Service=ModLauncher Env=CLIENT
[12Aug2024 14:45:21.087] [pool-2-thread-1/INFO] [EARLYDISPLAY/]: GL info: NVIDIA GeForce RTX 3050 Ti Laptop GPU/PCIe/SSE2 GL version 4.6.0 NVIDIA 536.40, NVIDIA Corporation
[12Aug2024 14:45:21.789] [main/WARN] [net.minecraftforge.fml.loading.moddiscovery.ModFileParser/LOADING]: Mod file C:\Users\Borka Patrik\AppData\Roaming\PrismLauncher\libraries\net\minecraftforge\fmlcore\1.20.1-47.3.5\fmlcore-1.20.1-47.3.5.jar is missing mods.toml file
[12Aug2024 14:45:21.793] [main/WARN] [net.minecraftforge.fml.loading.moddiscovery.ModFileParser/LOADING]: Mod file C:\Users\Borka Patrik\AppData\Roaming\PrismLauncher\libraries\net\minecraftforge\javafmllanguage\1.20.1-47.3.5\javafmllanguage-1.20.1-47.3.5.jar is missing mods.toml file
[12Aug2024 14:45:21.796] [main/WARN] [net.minecraftforge.fml.loading.moddiscovery.ModFileParser/LOADING]: Mod file C:\Users\Borka Patrik\AppData\Roaming\PrismLauncher\libraries\net\minecraftforge\lowcodelanguage\1.20.1-47.3.5\lowcodelanguage-1.20.1-47.3.5.jar is missing mods.toml file
[12Aug2024 14:45:21.800] [main/WARN] [net.minecraftforge.fml.loading.moddiscovery.ModFileParser/LOADING]: Mod file C:\Users\Borka Patrik\AppData\Roaming\PrismLauncher\libraries\net\minecraftforge\mclanguage\1.20.1-47.3.5\mclanguage-1.20.1-47.3.5.jar is missing mods.toml file
[12Aug2024 14:45:22.100] [main/INFO] [net.minecraftforge.fml.loading.moddiscovery.JarInJarDependencyLocator/]: Found 17 dependencies adding them to mods collection
[12Aug2024 14:45:28.239] [main/INFO] [mixin/]: Compatibility level set to JAVA_17
[12Aug2024 14:45:28.263] [main/ERROR] [mixin/]: Mixin config rei-jei-internals-workaround.mixins.json does not specify "minVersion" property
[12Aug2024 14:45:28.314] [main/ERROR] [mixin/]: Mixin config rei.mixins.json does not specify "minVersion" property
[12Aug2024 14:45:28.394] [main/INFO] [cpw.mods.modlauncher.LaunchServiceHandler/MODLAUNCHER]: Launching target 'forgeclient' with arguments [--version, 1.20.1, --gameDir, C:\Users\Borka Patrik\AppData\Roaming\PrismLauncher\instances\Forge Server Ecset\.minecraft, --assetsDir, C:\Users\Borka Patrik\AppData\Roaming\PrismLauncher\assets, --uuid, 9dc6a7e5576047539dee6ff9ce315468, --username, NemEzanevem, --assetIndex, 5, --accessToken, ????????, --userType, msa, --versionType, release, --width, 854, --height, 480]
[12Aug2024 14:45:28.573] [main/INFO] [ModernFix/]: Loaded configuration file for ModernFix 5.19.1+mc1.20.1: 84 options available, 0 override(s) found
[12Aug2024 14:45:28.574] [main/INFO] [ModernFix/]: Applying Nashorn fix
[12Aug2024 14:45:28.589] [main/INFO] [ModernFix/]: Applied Forge config corruption patch
[12Aug2024 14:45:28.732] [main/WARN] [mixin/]: Reference map 'bloodmagic.refmap.json' for bloodmagic.mixins.json could not be read. If this is a development environment you can ignore this message
[12Aug2024 14:45:28.744] [main/INFO] [Embeddium/]: Loaded configuration file for Embeddium: 128 options available, 0 override(s) found
[12Aug2024 14:45:28.747] [main/INFO] [Embeddium-GraphicsAdapterProbe/]: Searching for graphics cards...
[12Aug2024 14:45:28.963] [main/INFO] [Embeddium-GraphicsAdapterProbe/]: Found graphics card: GraphicsAdapterInfo[vendor=NVIDIA, name=NVIDIA GeForce RTX 3050 Ti Laptop GPU, version=DriverVersion=31.0.15.3640]
[12Aug2024 14:45:28.963] [main/INFO] [Embeddium-GraphicsAdapterProbe/]: Found graphics card: GraphicsAdapterInfo[vendor=INTEL, name=Intel(R) UHD Graphics, version=DriverVersion=27.20.100.8280]
[12Aug2024 14:45:28.971] [main/WARN] [Embeddium-Workarounds/]: Embeddium has applied one or more workarounds to prevent crashes or other issues on your system: [NVIDIA_THREADED_OPTIMIZATIONS]
[12Aug2024 14:45:28.971] [main/WARN] [Embeddium-Workarounds/]: This is not necessarily an issue, but it may result in certain features or optimizations being disabled. You can sometimes fix these issues by upgrading your graphics driver.
[12Aug2024 14:45:29.051] [main/WARN] [mixin/]: Reference map 'coroutil.refmap.json' for coroutil.mixins.json could not be read. If this is a development environment you can ignore this message
[12Aug2024 14:45:29.074] [main/WARN] [mixin/]: Reference map 'kubejs_botania-forge-refmap.json' for kubejs_botania.mixins.forge.json could not be read. If this is a development environment you can ignore this message
[12Aug2024 14:45:29.371] [main/WARN] [mixin/]: Error loading class: xfacthd/framedblocks/common/blockentity/doubled/FramedAdjustableDoubleBlockEntity (java.lang.ClassNotFoundException: xfacthd.framedblocks.common.blockentity.doubled.FramedAdjustableDoubleBlockEntity)
[12Aug2024 14:45:29.371] [main/WARN] [mixin/]: @Mixin target xfacthd.framedblocks.common.blockentity.doubled.FramedAdjustableDoubleBlockEntity was not found createbigcannons.mixins.json:compat.FramedAdjustableDoubleBlockEntityAccessor
[12Aug2024 14:45:30.050] [main/WARN] [mixin/]: Error loading class: com/mcwwindows/kikoz/objects/WindowBarred (java.lang.ClassNotFoundException: com.mcwwindows.kikoz.objects.WindowBarred)
[12Aug2024 14:45:30.524] [main/WARN] [mixin/]: Error loading class: mezz/modnametooltip/TooltipEventHandler (java.lang.ClassNotFoundException: mezz.modnametooltip.TooltipEventHandler)
[12Aug2024 14:45:30.622] [main/WARN] [mixin/]: Error loading class: com/cozary/tintedcampfires/campfire/ColorCampfire (java.lang.ClassNotFoundException: com.cozary.tintedcampfires.campfire.ColorCampfire)
[12Aug2024 14:45:30.624] [main/WARN] [mixin/]: Error loading class: com/cozary/tintedcampfires/campfire/colors/BlueCampfire (java.lang.ClassNotFoundException: com.cozary.tintedcampfires.campfire.colors.BlueCampfire)
[12Aug2024 14:45:30.626] [main/WARN] [mixin/]: Error loading class: com/cozary/tintedcampfires/campfire/colors/BrownCampfire (java.lang.ClassNotFoundException: com.cozary.tintedcampfires.campfire.colors.BrownCampfire)
[12Aug2024 14:45:30.628] [main/WARN] [mixin/]: Error loading class: com/cozary/tintedcampfires/campfire/colors/CyanCampfire (java.lang.ClassNotFoundException: com.cozary.tintedcampfires.campfire.colors.CyanCampfire)
[12Aug2024 14:45:30.630] [main/WARN] [mixin/]: Error loading class: com/cozary/tintedcampfires/campfire/colors/GrayCampfire (java.lang.ClassNotFoundException: com.cozary.tintedcampfires.campfire.colors.GrayCampfire)
[12Aug2024 14:45:30.632] [main/WARN] [mixin/]: Error loading class: com/cozary/tintedcampfires/campfire/colors/GreenCampfire (java.lang.ClassNotFoundException: com.cozary.tintedcampfires.campfire.colors.GreenCampfire)
[12Aug2024 14:45:30.634] [main/WARN] [mixin/]: Error loading class: com/cozary/tintedcampfires/campfire/colors/LightBlueCampfire (java.lang.ClassNotFoundException: com.cozary.tintedcampfires.campfire.colors.LightBlueCampfire)
[12Aug2024 14:45:30.637] [main/WARN] [mixin/]: Error loading class: com/cozary/tintedcampfires/campfire/colors/LightGrayCampfire (java.lang.ClassNotFoundException: com.cozary.tintedcampfires.campfire.colors.LightGrayCampfire)
[12Aug2024 14:45:30.639] [main/WARN] [mixin/]: Error loading class: com/cozary/tintedcampfires/campfire/colors/LimeCampfire (java.lang.ClassNotFoundException: com.cozary.tintedcampfires.campfire.colors.LimeCampfire)
[12Aug2024 14:45:30.641] [main/WARN] [mixin/]: Error loading class: com/cozary/tintedcampfires/campfire/colors/MagentaCampfire (java.lang.ClassNotFoundException: com.cozary.tintedcampfires.campfire.colors.MagentaCampfire)
[12Aug2024 14:45:30.643] [main/WARN] [mixin/]: Error loading class: com/cozary/tintedcampfires/campfire/colors/OrangeCampfire (java.lang.ClassNotFoundException: com.cozary.tintedcampfires.campfire.colors.OrangeCampfire)
[12Aug2024 14:45:30.646] [main/WARN] [mixin/]: Error loading class: com/cozary/tintedcampfires/campfire/colors/PinkCampfire (java.lang.ClassNotFoundException: com.cozary.tintedcampfires.campfire.colors.PinkCampfire)
[12Aug2024 14:45:30.648] [main/WARN] [mixin/]: Error loading class: com/cozary/tintedcampfires/campfire/colors/PurpleCampfire (java.lang.ClassNotFoundException: com.cozary.tintedcampfires.campfire.colors.PurpleCampfire)
[12Aug2024 14:45:30.650] [main/WARN] [mixin/]: Error loading class: com/cozary/tintedcampfires/campfire/colors/RedCampfire (java.lang.ClassNotFoundException: com.cozary.tintedcampfires.campfire.colors.RedCampfire)
[12Aug2024 14:45:30.653] [main/WARN] [mixin/]: Error loading class: com/cozary/tintedcampfires/campfire/colors/WhiteCampfire (java.lang.ClassNotFoundException: com.cozary.tintedcampfires.campfire.colors.WhiteCampfire)
[12Aug2024 14:45:30.655] [main/WARN] [mixin/]: Error loading class: com/cozary/tintedcampfires/campfire/colors/YellowCampfire (java.lang.ClassNotFoundException: com.cozary.tintedcampfires.campfire.colors.YellowCampfire)
[12Aug2024 14:45:30.658] [main/WARN] [mixin/]: Error loading class: io/github/mortuusars/sootychimneys/block/ChimneyBlock (java.lang.ClassNotFoundException: io.github.mortuusars.sootychimneys.block.ChimneyBlock)
[12Aug2024 14:45:30.661] [main/WARN] [mixin/]: Error loading class: com/railwayteam/railways/content/smokestack/SmokeStackBlock (java.lang.ClassNotFoundException: com.railwayteam.railways.content.smokestack.SmokeStackBlock)
[12Aug2024 14:45:30.993] [main/INFO] [MixinExtras|Service/]: Initializing MixinExtras via com.llamalad7.mixinextras.service.MixinExtrasServiceImpl(version=0.3.6).
[12Aug2024 14:45:31.687] [main/WARN] [mixin/]: Static binding violation: PRIVATE @Overwrite method m_216202_ in modernfix-forge.mixins.json:perf.tag_id_caching.TagOrElementLocationMixin cannot reduce visibiliy of PUBLIC target method, visibility will be upgraded.
[12Aug2024 14:45:33.063] [pool-4-thread-1/INFO] [net.minecraft.server.Bootstrap/]: ModernFix reached bootstrap stage (17.30 s after launch)
[12Aug2024 14:45:33.165] [pool-4-thread-1/WARN] [mixin/]: @Final field delegatesByName:Ljava/util/Map; in modernfix-forge.mixins.json:perf.forge_registry_alloc.ForgeRegistryMixin should be final
[12Aug2024 14:45:33.166] [pool-4-thread-1/WARN] [mixin/]: @Final field delegatesByValue:Ljava/util/Map; in modernfix-forge.mixins.json:perf.forge_registry_alloc.ForgeRegistryMixin should be final
[12Aug2024 14:45:34.319] [pool-4-thread-1/INFO] [net.minecraft.server.Bootstrap/]: Vanilla bootstrap took 1253 milliseconds
[12Aug2024 14:45:36.298] [pool-4-thread-1/WARN] [mixin/]: @Inject(@At("INVOKE_ASSIGN")) Shift.BY=2 on refurbished_furniture.common.mixins.json:LevelChunkMixin::handler$cjg000$refurbishedFurniture$AfterRemoveBlockEntity exceeds the maximum allowed value: 0. Increase the value of maxShiftBy to suppress this warning.
[12Aug2024 14:45:38.002] [pool-4-thread-1/WARN] [mixin/]: Static binding violation: PRIVATE @Overwrite method m_47505_ in modernfix-common.mixins.json:perf.remove_biome_temperature_cache.BiomeMixin cannot reduce visibiliy of PUBLIC target method, visibility will be upgraded.
[12Aug2024 14:45:39.525] [Render thread/WARN] [net.minecraft.server.packs.VanillaPackResourcesBuilder/]: Assets URL 'union:/C:/Users/Borka%20Patrik/AppData/Roaming/PrismLauncher/libraries/net/minecraft/client/1.20.1-20230612.114412/client-1.20.1-20230612.114412-srg.jar%23306!/assets/.mcassetsroot' uses unexpected schema
[12Aug2024 14:45:39.525] [Render thread/WARN] [net.minecraft.server.packs.VanillaPackResourcesBuilder/]: Assets URL 'union:/C:/Users/Borka%20Patrik/AppData/Roaming/PrismLauncher/libraries/net/minecraft/client/1.20.1-20230612.114412/client-1.20.1-20230612.114412-srg.jar%23306!/data/.mcassetsroot' uses unexpected schema
[12Aug2024 14:45:39.554] [Render thread/INFO] [com.mojang.authlib.yggdrasil.YggdrasilAuthenticationService/]: Environment: authHost='https://authserver.mojang.com', accountsHost='https://api.mojang.com', sessionHost='https://sessionserver.mojang.com', servicesHost='https://api.minecraftservices.com', name='PROD'
[12Aug2024 14:45:40.010] [Render thread/INFO] [net.minecraft.client.Minecraft/]: Setting user: NemEzanevem
[12Aug2024 14:45:40.148] [Render thread/INFO] [ModernFix/]: Bypassed Mojang DFU
[12Aug2024 14:45:40.335] [Render thread/INFO] [ModernFix/]: Instantiating Mojang DFU
[12Aug2024 14:45:40.970] [Render thread/INFO] [net.minecraft.client.Minecraft/]: Backend library: LWJGL version 3.3.1 build 7
[12Aug2024 14:45:41.096] [Render thread/INFO] [KubeJS/]: Loaded client.properties
[12Aug2024 14:45:41.106] [Render thread/WARN] [Embeddium-NvidiaWorkarounds/]: Applying workaround: Prevent the NVIDIA OpenGL driver from using broken optimizations (NVIDIA_THREADED_OPTIMIZATIONS)
[12Aug2024 14:45:41.164] [Render thread/INFO] [Embeddium-PostlaunchChecks/]: OpenGL Vendor: NVIDIA Corporation
[12Aug2024 14:45:41.164] [Render thread/INFO] [Embeddium-PostlaunchChecks/]: OpenGL Renderer: NVIDIA GeForce RTX 3050 Ti Laptop GPU/PCIe/SSE2
[12Aug2024 14:45:41.164] [Render thread/INFO] [Embeddium-PostlaunchChecks/]: OpenGL Version: 4.6.0 NVIDIA 536.40
[12Aug2024 14:45:41.165] [Render thread/WARN] [Embeddium-PostlaunchChecks/]: Enabling secondary workaround for NVIDIA threaded optimizations
[12Aug2024 14:45:41.174] [Datafixer Bootstrap/INFO] [com.mojang.datafixers.DataFixerBuilder/]: 188 Datafixer optimizations took 238 milliseconds
[12Aug2024 14:45:41.265] [Render thread/INFO] [Acedium/]: All capabilities met
[12Aug2024 14:45:41.265] [Render thread/INFO] [Acedium/]: Enabling Nvidium (Acedium)
[12Aug2024 14:45:41.266] [Render thread/INFO] [ImmediatelyFast/]: Initializing ImmediatelyFast 1.2.20+1.20.4 on NVIDIA GeForce RTX 3050 Ti Laptop GPU/PCIe/SSE2 (NVIDIA Corporation) with OpenGL 4.6.0 NVIDIA 536.40
[12Aug2024 14:45:41.970] [modloading-worker-0/INFO] [de.keksuccino.melody.Melody/]: [MELODY] Loading Melody background audio library..
[12Aug2024 14:45:42.070] [modloading-worker-0/INFO] [net.minecraftforge.common.ForgeMod/FORGEMOD]: Forge mod loading, version 47.3.5, for MC 1.20.1 with MCP 20230612.114412
[12Aug2024 14:45:42.070] [modloading-worker-0/INFO] [net.minecraftforge.common.MinecraftForge/FORGE]: MinecraftForge v47.3.5 Initialized
[12Aug2024 14:45:42.378] [modloading-worker-0/ERROR] [Embeddium-MixinTaintDetector/]: Mod mixin into Embeddium internals detected. This instance is now tainted. The Embeddium team does not provide any guarantee of support for issues encountered while such mods are installed.
[12Aug2024 14:45:42.379] [modloading-worker-0/WARN] [Embeddium-MixinTaintDetector/]: Mod(s) [acedium] are modifying Embeddium class me.jellysquid.mods.sodium.client.gui.SodiumOptionsGUI, which may cause instability.
[12Aug2024 14:45:42.425] [modloading-worker-0/INFO] [coroutil/]: forge loader environment detected
[12Aug2024 14:45:42.425] [modloading-worker-0/INFO] [de.keksuccino.drippyloadingscreen.DrippyLoadingScreen/]: [DRIPPY LOADING SCREEN] Loading v3.0.1 in client-side mode on FORGE!
[12Aug2024 14:45:42.426] [modloading-worker-0/INFO] [de.keksuccino.konkrete.Konkrete/]: [KONKRETE] Successfully initialized!
[12Aug2024 14:45:42.426] [modloading-worker-0/INFO] [de.keksuccino.konkrete.Konkrete/]: [KONKRETE] Server-side libs ready to use!
[12Aug2024 14:45:42.564] [modloading-worker-0/INFO] [PluginManager/]: Scanning classes for titanium
[12Aug2024 14:45:43.385] [modloading-worker-0/INFO] [com.jozufozu.flywheel.backend.Backend/]: No shaders mod detected.
[12Aug2024 14:45:43.779] [modloading-worker-0/INFO] [REI/]: [REI] Config loaded
[12Aug2024 14:45:43.826] [modloading-worker-0/INFO] [noisium/]: Loading Noisium.
[12Aug2024 14:45:44.002] [modloading-worker-0/INFO] [de.keksuccino.fancymenu.FancyMenu/]: [FANCYMENU] Loading v3.2.3 in client-side mode on FORGE!
[12Aug2024 14:45:44.080] [Structurize IO Worker #0/INFO] [structurize/]: Registered structure pack: Warped Netherlands
[12Aug2024 14:45:44.080] [Structurize IO Worker #0/INFO] [structurize/]: Registered structure pack: Stalactite Caves
[12Aug2024 14:45:44.081] [Structurize IO Worker #0/INFO] [structurize/]: Registered structure pack: Space Wars
[12Aug2024 14:45:44.081] [Structurize IO Worker #0/INFO] [structurize/]: Registered structure pack: Shire
[12Aug2024 14:45:44.081] [Structurize IO Worker #0/INFO] [structurize/]: Registered structure pack: Desert Oasis
[12Aug2024 14:45:44.082] [Structurize IO Worker #0/INFO] [structurize/]: Registered structure pack: Pagoda
[12Aug2024 14:45:44.082] [Structurize IO Worker #0/INFO] [structurize/]: Registered structure pack: Minecolonies Original
[12Aug2024 14:45:44.082] [Structurize IO Worker #0/INFO] [structurize/]: Registered structure pack: Nordic Spruce
[12Aug2024 14:45:44.083] [Structurize IO Worker #0/INFO] [structurize/]: Registered structure pack: Medieval Spruce
[12Aug2024 14:45:44.083] [Structurize IO Worker #0/INFO] [structurize/]: Registered structure pack: Medieval Oak
[12Aug2024 14:45:44.083] [Structurize IO Worker #0/INFO] [structurize/]: Registered structure pack: Medieval Dark Oak
[12Aug2024 14:45:44.083] [Structurize IO Worker #0/INFO] [structurize/]: Registered structure pack: Medieval Birch
[12Aug2024 14:45:44.083] [Structurize IO Worker #0/INFO] [structurize/]: Registered structure pack: Lost Mesa City
[12Aug2024 14:45:44.084] [Structurize IO Worker #0/INFO] [structurize/]: Registered structure pack: Jungle Treehouse
[12Aug2024 14:45:44.084] [Structurize IO Worker #0/INFO] [structurize/]: Registered structure pack: Incan
[12Aug2024 14:45:44.084] [Structurize IO Worker #0/INFO] [structurize/]: Registered structure pack: Fortress
[12Aug2024 14:45:44.084] [Structurize IO Worker #0/INFO] [structurize/]: Registered structure pack: Dark Oak Treehouse
[12Aug2024 14:45:44.086] [Structurize IO Worker #0/INFO] [structurize/]: Registered structure pack: Colonial
[12Aug2024 14:45:44.086] [Structurize IO Worker #0/INFO] [structurize/]: Registered structure pack: Cavern
[12Aug2024 14:45:44.086] [Structurize IO Worker #0/INFO] [structurize/]: Registered structure pack: Caledonia
[12Aug2024 14:45:44.086] [Structurize IO Worker #0/INFO] [structurize/]: Registered structure pack: Urban Birch
[12Aug2024 14:45:44.086] [Structurize IO Worker #0/INFO] [structurize/]: Registered structure pack: Ancient Athens
[12Aug2024 14:45:44.086] [Structurize IO Worker #0/INFO] [structurize/]: Registered structure pack: Urban Savanna
[12Aug2024 14:45:44.089] [Structurize IO Worker #0/INFO] [structurize/]: Registered structure pack: NemEzanevem
[12Aug2024 14:45:44.090] [Structurize IO Worker #0/INFO] [structurize/]: Registered structure pack: spectator
[12Aug2024 14:45:44.091] [Structurize IO Worker #0/WARN] [structurize/]: Finished discovering Client Structure packs
[12Aug2024 14:45:44.146] [modloading-worker-0/ERROR] [structurize/]: ----------------------------------------------------------------- 
 Invalid DataFixer detected, schematics might not paste correctly! 
The following DataFixer was added: class org.embeddedt.modernfix.dfu.LazyDataFixer
-----------------------------------------------------------------
[12Aug2024 14:45:44.255] [modloading-worker-0/INFO] [REI/]: [REI] Registered plugin provider AE2 [ae2] for REIPlugin
[12Aug2024 14:45:44.299] [modloading-worker-0/INFO] [KubeJS/]: Loaded common.properties
[12Aug2024 14:45:44.301] [modloading-worker-0/INFO] [KubeJS/]: Loaded dev.properties
[12Aug2024 14:45:44.316] [modloading-worker-0/INFO] [REI/]: [REI] Registered plugin provider REI Plugin Compatibilities Client Handler [rei_plugin_compatibilities, jei] for REIPlugin
[12Aug2024 14:45:44.337] [modloading-worker-0/INFO] [KubeJS/]: Looking for KubeJS plugins...
[12Aug2024 14:45:44.340] [modloading-worker-0/INFO] [KubeJS/]: Found plugin source kubejs
[12Aug2024 14:45:44.378] [modloading-worker-0/WARN] [KubeJS/]: Plugin dev.latvian.mods.kubejs.integration.forge.gamestages.GameStagesIntegration does not have required mod gamestages loaded, skipping
[12Aug2024 14:45:44.379] [modloading-worker-0/INFO] [REI/]: [REI] Registered plugin provider REIForgePluginStub [kubejs] for REIPlugin
[12Aug2024 14:45:44.380] [modloading-worker-0/INFO] [REI/]: [REI] Registered plugin provider ReiIsDumbClientPlugin [ad_astra] for REIPlugin
[12Aug2024 14:45:44.381] [modloading-worker-0/INFO] [KubeJS/]: Found plugin source kubejsbloodmagic
[12Aug2024 14:45:44.385] [modloading-worker-0/INFO] [KubeJS/]: Found plugin source kubejs_botania
[12Aug2024 14:45:44.390] [modloading-worker-0/INFO] [KubeJS/]: Found plugin source kubejs_create
[12Aug2024 14:45:44.414] [modloading-worker-0/INFO] [REI/]: [REI] Registered plugin provider REI Plugin Compatibilities Adapter [rei_plugin_compatibilities, jei] for REIPlugin
[12Aug2024 14:45:44.523] [modloading-worker-0/INFO] [dev.architectury.networking.forge.NetworkManagerImpl/]: Registering S2C receiver with id architectury:sync_ids
[12Aug2024 14:45:44.530] [modloading-worker-0/INFO] [dev.architectury.networking.forge.NetworkManagerImpl/]: Registering C2S receiver with id architectury:sync_ids
[12Aug2024 14:45:44.530] [modloading-worker-0/INFO] [dev.architectury.networking.forge.NetworkManagerImpl/]: Registering S2C receiver with id roughlyenoughitems:request_tags_s2c
[12Aug2024 14:45:44.562] [modloading-worker-0/INFO] [dev.architectury.networking.forge.NetworkManagerImpl/]: Registering C2S receiver with id roughlyenoughitems:request_tags_c2s
[12Aug2024 14:45:44.563] [modloading-worker-0/INFO] [REI/]: [REI] Registered plugin provider DefaultPluginImpl [roughlyenoughitems] for REIServerPlugin
[12Aug2024 14:45:44.563] [modloading-worker-0/INFO] [REI/]: [REI] Registered plugin provider DefaultPluginImpl [roughlyenoughitems] for REIPlugin
[12Aug2024 14:45:44.569] [modloading-worker-0/INFO] [REI/]: [REI] Registered plugin provider DefaultRuntimePlugin [roughlyenoughitems] for REIServerPlugin
[12Aug2024 14:45:44.570] [modloading-worker-0/INFO] [REI/]: [REI] Registered plugin provider DefaultRuntimePlugin [roughlyenoughitems] for REIPlugin
[12Aug2024 14:45:44.604] [modloading-worker-0/INFO] [REI/]: [REI] Registered plugin provider REI Plugin Compatibilities Adapter [rei_plugin_compatibilities, jei] for REIServerPlugin
[12Aug2024 14:45:44.610] [modloading-worker-0/INFO] [dev.architectury.networking.forge.NetworkManagerImpl/]: Registering C2S receiver with id roughlyenoughitems:delete_item
[12Aug2024 14:45:44.611] [modloading-worker-0/INFO] [dev.architectury.networking.forge.NetworkManagerImpl/]: Registering C2S receiver with id roughlyenoughitems:create_item
[12Aug2024 14:45:44.612] [modloading-worker-0/INFO] [dev.architectury.networking.forge.NetworkManagerImpl/]: Registering C2S receiver with id roughlyenoughitems:create_item_grab
[12Aug2024 14:45:44.613] [modloading-worker-0/INFO] [dev.architectury.networking.forge.NetworkManagerImpl/]: Registering C2S receiver with id roughlyenoughitems:create_item_hotbar
[12Aug2024 14:45:44.615] [modloading-worker-0/INFO] [dev.architectury.networking.forge.NetworkManagerImpl/]: Registering C2S receiver with id roughlyenoughitems:move_items
[12Aug2024 14:45:44.617] [modloading-worker-0/INFO] [dev.architectury.networking.forge.NetworkManagerImpl/]: Registering C2S receiver with id roughlyenoughitems:move_items_new
[12Aug2024 14:45:44.711] [modloading-worker-0/INFO] [REI/]: [REI] Registered plugin provider DefaultClientPluginImpl [roughlyenoughitems] for REIClientPlugin
[12Aug2024 14:45:44.712] [modloading-worker-0/INFO] [REI/]: [REI] Registered plugin provider DefaultClientPluginImpl [roughlyenoughitems] for REIPlugin
[12Aug2024 14:45:44.816] [modloading-worker-0/INFO] [REI/]: [REI] Registered plugin provider DefaultClientRuntimePlugin [roughlyenoughitems] for REIClientPlugin
[12Aug2024 14:45:44.816] [modloading-worker-0/INFO] [REI/]: [REI] Registered plugin provider DefaultClientRuntimePlugin [roughlyenoughitems] for REIPlugin
[12Aug2024 14:45:44.831] [modloading-worker-0/INFO] [REI/]: [REI] Registered plugin provider HideIngredientsFromTagsPlugin [roughlyenoughitems] for REIClientPlugin
[12Aug2024 14:45:44.831] [modloading-worker-0/INFO] [REI/]: [REI] Registered plugin provider HideIngredientsFromTagsPlugin [roughlyenoughitems] for REIPlugin
[12Aug2024 14:45:44.837] [modloading-worker-0/INFO] [REI/]: [REI] Registered plugin provider AE2 [ae2] for REIClientPlugin
[12Aug2024 14:45:44.849] [modloading-worker-0/INFO] [REI/]: [REI] Registered plugin provider REI Plugin Compatibilities Client Handler [rei_plugin_compatibilities, jei] for REIClientPlugin
[12Aug2024 14:45:44.850] [modloading-worker-0/INFO] [REI/]: [REI] Registered plugin provider REIForgePluginStub [kubejs] for REIClientPlugin
[12Aug2024 14:45:44.850] [modloading-worker-0/INFO] [REI/]: [REI] Registered plugin provider ReiIsDumbClientPlugin [ad_astra] for REIClientPlugin
[12Aug2024 14:45:44.850] [modloading-worker-0/INFO] [REI/]: [REI] Registered plugin provider REI Plugin Compatibilities Adapter [rei_plugin_compatibilities, jei] for REIClientPlugin
[12Aug2024 14:45:44.852] [modloading-worker-0/INFO] [dev.architectury.networking.forge.NetworkManagerImpl/]: Registering S2C receiver with id roughlyenoughitems:ci_msg
[12Aug2024 14:45:44.853] [modloading-worker-0/INFO] [dev.architectury.networking.forge.NetworkManagerImpl/]: Registering S2C receiver with id roughlyenoughitems:og_not_enough
[12Aug2024 14:45:44.885] [modloading-worker-0/INFO] [KubeJS/]: Done in 547.0 ms
[12Aug2024 14:45:44.963] [modloading-worker-0/INFO] [PluginManager/]: Scanning classes for functionalstorage
[12Aug2024 14:45:45.370] [modloading-worker-0/INFO] [dev.architectury.networking.forge.NetworkManagerImpl/]: Registering S2C receiver with id biomemakeover:entity_particle
[12Aug2024 14:45:45.374] [modloading-worker-0/INFO] [dev.architectury.networking.forge.NetworkManagerImpl/]: Registering S2C receiver with id biomemakeover:lightning_splash
[12Aug2024 14:45:45.378] [modloading-worker-0/INFO] [dev.architectury.networking.forge.NetworkManagerImpl/]: Registering S2C receiver with id biomemakeover:lightning_entity
[12Aug2024 14:45:45.384] [modloading-worker-0/INFO] [dev.architectury.networking.forge.NetworkManagerImpl/]: Registering S2C receiver with id biomemakeover:poltergeist_particle
[12Aug2024 14:45:45.389] [modloading-worker-0/INFO] [dev.architectury.networking.forge.NetworkManagerImpl/]: Registering S2C receiver with id biomemakeover:witch_quests
[12Aug2024 14:45:45.393] [modloading-worker-0/INFO] [dev.architectury.networking.forge.NetworkManagerImpl/]: Registering S2C receiver with id biomemakeover:bm_effect
[12Aug2024 14:45:45.397] [modloading-worker-0/INFO] [dev.architectury.networking.forge.NetworkManagerImpl/]: Registering S2C receiver with id biomemakeover:entity_event
[12Aug2024 14:45:45.404] [modloading-worker-0/INFO] [dev.architectury.networking.forge.NetworkManagerImpl/]: Registering C2S receiver with id biomemakeover:cl_complete_quest
[12Aug2024 14:45:45.407] [modloading-worker-0/INFO] [dev.architectury.networking.forge.NetworkManagerImpl/]: Registering C2S receiver with id biomemakeover:update_dir_data
[12Aug2024 14:45:45.453] [modloading-worker-0/INFO] [Rhino Script Remapper/]: Loading Rhino Minecraft remapper...
[12Aug2024 14:45:45.458] [modloading-worker-0/INFO] [dev.latvian.mods.rhino.mod.util.RhinoProperties/]: Rhino properties loaded.
[12Aug2024 14:45:45.466] [modloading-worker-0/INFO] [Rhino Script Remapper/]: Loading mappings for 1.20.1
[12Aug2024 14:45:45.629] [modloading-worker-0/INFO] [Rhino Script Remapper/]: Done in 0.176 s
[12Aug2024 14:45:45.646] [modloading-worker-0/INFO] [BrandonsCore/]: Knock Knock...
[12Aug2024 14:45:45.646] [modloading-worker-0/WARN] [draconicevolution/]: Reactor detonation initiated.
[12Aug2024 14:45:45.646] [modloading-worker-0/INFO] [BrandonsCore/]: Wait... NO! What?
[12Aug2024 14:45:45.646] [modloading-worker-0/INFO] [BrandonsCore/]: Stop That! That's not how this works!
[12Aug2024 14:45:45.646] [modloading-worker-0/WARN] [draconicevolution/]: Calculating explosion ETA
[12Aug2024 14:45:45.647] [modloading-worker-0/INFO] [BrandonsCore/]: Ahh... NO... NONONO! DONT DO THAT!!! STOP THIS NOW!
[12Aug2024 14:45:45.647] [modloading-worker-0/WARN] [draconicevolution/]: **Explosion Imminent!!!**
[12Aug2024 14:45:45.647] [modloading-worker-0/INFO] [BrandonsCore/]: Well...... fork...
[12Aug2024 14:45:45.668] [modloading-worker-0/WARN] [mixin/]: Static binding violation: PRIVATE @Overwrite method m_215924_ in modernfix-forge.mixins.json:perf.tag_id_caching.TagEntryMixin cannot reduce visibiliy of PUBLIC target method, visibility will be upgraded.
[12Aug2024 14:45:45.897] [modloading-worker-0/INFO] [draconicadditions/]: Hey, Brandon's Core!  How's it going?
[12Aug2024 14:45:45.897] [modloading-worker-0/INFO] [BrandonsCore/]: Oh hey, doin good. just looking for DE.
[12Aug2024 14:45:45.897] [modloading-worker-0/INFO] [draconicadditions/]: Yeah, just finished talking to them.  They're through the door behind me.  Speaking of locating mods, have you seen Curios?
[12Aug2024 14:45:45.897] [modloading-worker-0/INFO] [BrandonsCore/]: Yup, just go up and to the left a bit, cant miss it
[12Aug2024 14:45:45.897] [modloading-worker-0/INFO] [draconicadditions/]: Thanks!  Just be careful, DE seems a bit...  Unstable.
[12Aug2024 14:45:45.898] [modloading-worker-0/INFO] [BrandonsCore/]: Sure sure....
[12Aug2024 14:45:46.507] [modloading-worker-0/INFO] [pneumaticcraft/]: Thirdparty integration activated for [immersiveengineering,computercraft,jei,botania,mekanism,curios,patchouli,create]
[12Aug2024 14:45:46.755] [modloading-worker-0/INFO] [Railways/]: Registered bogey styles from railways
[12Aug2024 14:45:47.023] [modloading-worker-0/INFO] [KubeJS Startup/]: Loaded script startup_scripts:custom_items.js in 0.205 s
[12Aug2024 14:45:47.035] [modloading-worker-0/INFO] [KubeJS Startup/]: Loaded 1/1 KubeJS startup scripts in 1.395 s with 0 errors and 0 warnings
[12Aug2024 14:45:47.205] [modloading-worker-0/INFO] [KubeJS Client/]: example.js#5: Hello, World! (Loaded client scripts)
[12Aug2024 14:45:47.209] [modloading-worker-0/INFO] [KubeJS Client/]: Loaded script client_scripts:example.js in 0.003 s
[12Aug2024 14:45:47.210] [modloading-worker-0/INFO] [KubeJS Client/]: Loaded 1/1 KubeJS client scripts in 0.034 s with 0 errors and 0 warnings
[12Aug2024 14:45:47.227] [modloading-worker-0/INFO] [Railways/]: Registering data fixers
[12Aug2024 14:45:47.239] [Railways Datafixer Bootstrap/INFO] [com.mojang.datafixers.DataFixerBuilder/]: 2 Datafixer optimizations took 4 milliseconds
[12Aug2024 14:45:47.262] [modloading-worker-0/INFO] [Railways/]: Registering tracks for Hex Casting
[12Aug2024 14:45:47.263] [modloading-worker-0/INFO] [Railways/]: Registering tracks for Oh The Biomes You'll Go
[12Aug2024 14:45:47.264] [modloading-worker-0/INFO] [Railways/]: Registering tracks for Blue Skies
[12Aug2024 14:45:47.266] [modloading-worker-0/INFO] [Railways/]: Registering tracks for Twilight Forest
[12Aug2024 14:45:47.268] [modloading-worker-0/INFO] [Railways/]: Registering tracks for Biomes O' Plenty
[12Aug2024 14:45:47.270] [modloading-worker-0/INFO] [Railways/]: Registering tracks for Nature's Spirit
[12Aug2024 14:45:47.271] [modloading-worker-0/INFO] [Railways/]: Registering tracks for Dreams and Desires
[12Aug2024 14:45:47.272] [modloading-worker-0/INFO] [Railways/]: Registering tracks for Quark
[12Aug2024 14:45:47.283] [modloading-worker-0/INFO] [Railways/]: Registering tracks for TerraFirmaCraft
[12Aug2024 14:45:47.346] [modloading-worker-0/INFO] [dev.architectury.networking.forge.NetworkManagerImpl/]: Registering C2S receiver with id kubejs:send_data_from_client
[12Aug2024 14:45:47.349] [modloading-worker-0/INFO] [dev.architectury.networking.forge.NetworkManagerImpl/]: Registering S2C receiver with id kubejs:send_data_from_server
[12Aug2024 14:45:47.351] [modloading-worker-0/INFO] [dev.architectury.networking.forge.NetworkManagerImpl/]: Registering S2C receiver with id kubejs:paint
[12Aug2024 14:45:47.354] [modloading-worker-0/INFO] [dev.architectury.networking.forge.NetworkManagerImpl/]: Registering S2C receiver with id kubejs:add_stage
[12Aug2024 14:45:47.357] [modloading-worker-0/INFO] [dev.architectury.networking.forge.NetworkManagerImpl/]: Registering S2C receiver with id kubejs:remove_stage
[12Aug2024 14:45:47.363] [modloading-worker-0/INFO] [dev.architectury.networking.forge.NetworkManagerImpl/]: Registering S2C receiver with id kubejs:sync_stages
[12Aug2024 14:45:47.365] [modloading-worker-0/INFO] [dev.architectury.networking.forge.NetworkManagerImpl/]: Registering C2S receiver with id kubejs:first_click
[12Aug2024 14:45:47.366] [modloading-worker-0/INFO] [dev.architectury.networking.forge.NetworkManagerImpl/]: Registering S2C receiver with id kubejs:toast
[12Aug2024 14:45:47.368] [modloading-worker-0/INFO] [dev.architectury.networking.forge.NetworkManagerImpl/]: Registering S2C receiver with id kubejs:reload_startup_scripts
[12Aug2024 14:45:47.370] [modloading-worker-0/INFO] [dev.architectury.networking.forge.NetworkManagerImpl/]: Registering S2C receiver with id kubejs:display_server_errors
[12Aug2024 14:45:47.372] [modloading-worker-0/INFO] [dev.architectury.networking.forge.NetworkManagerImpl/]: Registering S2C receiver with id kubejs:display_client_errors
[12Aug2024 14:45:51.080] [Render thread/WARN] [net.minecraftforge.registries.ForgeRegistry/REGISTRIES]: Registry minecraft:menu: The object net.minecraft.world.inventory.MenuType@eac0a32 has been registered twice for the same name ae2:portable_mana_cell.
[12Aug2024 14:45:51.177] [Render thread/WARN] [dev.architectury.registry.registries.forge.RegistrarManagerImpl/]: Registry entry listened Registry Entry [minecraft:block / biomemakeover:mycelium_roots] was not realized!
[12Aug2024 14:45:51.177] [Render thread/WARN] [dev.architectury.registry.registries.forge.RegistrarManagerImpl/]: Registry entry listened Registry Entry [minecraft:block / biomemakeover:blighted_balsa_fence] was not realized!
[12Aug2024 14:45:51.177] [Render thread/WARN] [dev.architectury.registry.registries.forge.RegistrarManagerImpl/]: Registry entry listened Registry Entry [minecraft:block / biomemakeover:willowing_branches] was not realized!
[12Aug2024 14:45:51.177] [Render thread/WARN] [dev.architectury.registry.registries.forge.RegistrarManagerImpl/]: Registry entry listened Registry Entry [minecraft:block / biomemakeover:gray_terracotta_brick_slab] was not realized!
[12Aug2024 14:45:51.177] [Render thread/WARN] [dev.architectury.registry.registries.forge.RegistrarManagerImpl/]: Registry entry listened Registry Entry [minecraft:block / biomemakeover:blighted_balsa_fence_gate] was not realized!
[12Aug2024 14:45:51.177] [Render thread/WARN] [dev.architectury.registry.registries.forge.RegistrarManagerImpl/]: Registry entry listened Registry Entry [minecraft:block / biomemakeover:green_glowshroom_brick_wall] was not realized!
[12Aug2024 14:45:51.177] [Render thread/WARN] [dev.architectury.registry.registries.forge.RegistrarManagerImpl/]: Registry entry listened Registry Entry [minecraft:block / biomemakeover:green_glowshroom_block] was not realized!
[12Aug2024 14:45:51.177] [Render thread/WARN] [dev.architectury.registry.registries.forge.RegistrarManagerImpl/]: Registry entry listened Registry Entry [minecraft:block / biomemakeover:purple_glowshroom] was not realized!
[12Aug2024 14:45:51.177] [Render thread/WARN] [dev.architectury.registry.registries.forge.RegistrarManagerImpl/]: Registry entry listened Registry Entry [minecraft:block / biomemakeover:purple_glowshroom_brick_stairs] was not realized!
[12Aug2024 14:45:51.177] [Render thread/WARN] [dev.architectury.registry.registries.forge.RegistrarManagerImpl/]: Registry entry listened Registry Entry [minecraft:block / biomemakeover:buttonbush] was not realized!
[12Aug2024 14:45:51.177] [Render thread/WARN] [dev.architectury.registry.registries.forge.RegistrarManagerImpl/]: Registry entry listened Registry Entry [minecraft:block / biomemakeover:brown_terracotta_bricks] was not realized!
[12Aug2024 14:45:51.178] [Render thread/WARN] [dev.architectury.registry.registries.forge.RegistrarManagerImpl/]: Registry entry listened Registry Entry [minecraft:block / biomemakeover:small_lily_pad] was not realized!
[12Aug2024 14:45:51.178] [Render thread/WARN] [dev.architectury.registry.registries.forge.RegistrarManagerImpl/]: Registry entry listened Registry Entry [minecraft:block / biomemakeover:pink_terracotta_brick_wall] was not realized!
[12Aug2024 14:45:51.178] [Render thread/WARN] [dev.architectury.registry.registries.forge.RegistrarManagerImpl/]: Registry entry listened Registry Entry [minecraft:block / biomemakeover:blighted_balsa_wall_hanging_sign] was not realized!
[12Aug2024 14:45:51.178] [Render thread/WARN] [dev.architectury.registry.registries.forge.RegistrarManagerImpl/]: Registry entry listened Registry Entry [minecraft:block / biomemakeover:cracked_brick_slab] was not realized!
[12Aug2024 14:45:51.178] [Render thread/WARN] [dev.architectury.registry.registries.forge.RegistrarManagerImpl/]: Registry entry listened Registry Entry [minecraft:block / biomemakeover:ancient_oak_fence] was not realized!
[12Aug2024 14:45:51.178] [Render thread/WARN] [dev.architectury.registry.registries.forge.RegistrarManagerImpl/]: Registry entry listened Registry Entry [minecraft:block / biomemakeover:ancient_oak_trapdoor] was not realized!
[12Aug2024 14:45:51.178] [Render thread/WARN] [dev.architectury.registry.registries.forge.RegistrarManagerImpl/]: Registry entry listened Registry Entry [minecraft:block / biomemakeover:orange_glowshroom_brick] was not realized!
[12Aug2024 14:45:51.178] [Render thread/WARN] [dev.architectury.registry.registries.forge.RegistrarManagerImpl/]: Registry entry listened Registry Entry [minecraft:block / biomemakeover:white_terracotta_brick_slab] was not realized!
[12Aug2024 14:45:51.178] [Render thread/WARN] [dev.architectury.registry.registries.forge.RegistrarManagerImpl/]: Registry entry listened Registry Entry [minecraft:block / biomemakeover:dried_peat_bricks_slab] was not realized!
[12Aug2024 14:45:51.178] [Render thread/WARN] [dev.architectury.registry.registries.forge.RegistrarManagerImpl/]: Registry entry listened Registry Entry [minecraft:block / biomemakeover:ancient_oak_wall_hanging_sign] was not realized!
[12Aug2024 14:45:51.178] [Render thread/WARN] [dev.architectury.registry.registries.forge.RegistrarManagerImpl/]: Registry entry listened Registry Entry [minecraft:block / biomemakeover:red_terracotta_brick_slab] was not realized!
[12Aug2024 14:45:51.178] [Render thread/WARN] [dev.architectury.registry.registries.forge.RegistrarManagerImpl/]: Registry entry listened Registry Entry [minecraft:block / biomemakeover:swamp_cypress_wood] was not realized!
[12Aug2024 14:45:51.179] [Render thread/WARN] [dev.architectury.registry.registries.forge.RegistrarManagerImpl/]: Registry entry listened Registry Entry [minecraft:block / biomemakeover:cracked_dried_peat_brick_stairs] was not realized!
[12Aug2024 14:45:51.179] [Render thread/WARN] [dev.architectury.registry.registries.forge.RegistrarManagerImpl/]: Registry entry listened Registry Entry [minecraft:block / biomemakeover:brown_terracotta_brick_stairs] was not realized!
[12Aug2024 14:45:51.179] [Render thread/WARN] [dev.architectury.registry.registries.forge.RegistrarManagerImpl/]: Registry entry listened Registry Entry [minecraft:block / biomemakeover:purple_glowshroom_brick_wall] was not realized!
[12Aug2024 14:45:51.179] [Render thread/WARN] [dev.architectury.registry.registries.forge.RegistrarManagerImpl/]: Registry entry listened Registry Entry [minecraft:block / biomemakeover:blighted_cobblestone_slab] was not realized!
[12Aug2024 14:45:51.179] [Render thread/WARN] [dev.architectury.registry.registries.forge.RegistrarManagerImpl/]: Registry entry listened Registry Entry [minecraft:block / biomemakeover:cracked_dried_peat_brick_slab] was not realized!
[12Aug2024 14:45:51.179] [Render thread/WARN] [dev.architectury.registry.registries.forge.RegistrarManagerImpl/]: Registry entry listened Registry Entry [minecraft:block / biomemakeover:ancient_oak_stairs] was not realized!
[12Aug2024 14:45:51.179] [Render thread/WARN] [dev.architectury.registry.registries.forge.RegistrarManagerImpl/]: Registry entry listened Registry Entry [minecraft:block / biomemakeover:large_illunite_bud] was not realized!
[12Aug2024 14:45:51.179] [Render thread/WARN] [dev.architectury.registry.registries.forge.RegistrarManagerImpl/]: Registry entry listened Registry Entry [minecraft:block / biomemakeover:willow_leaves] was not realized!
[12Aug2024 14:45:51.179] [Render thread/WARN] [dev.architectury.registry.registries.forge.RegistrarManagerImpl/]: Registry entry listened Registry Entry [minecraft:block / biomemakeover:green_glowshroom] was not realized!
[12Aug2024 14:45:51.179] [Render thread/WARN] [dev.architectury.registry.registries.forge.RegistrarManagerImpl/]: Registry entry listened Registry Entry [minecraft:block / biomemakeover:orange_glowshroom] was not realized!
[12Aug2024 14:45:51.179] [Render thread/WARN] [dev.architectury.registry.registries.forge.RegistrarManagerImpl/]: Registry entry listened Registry Entry [minecraft:block / biomemakeover:orange_glowshroom_brick_slab] was not realized!
[12Aug2024 14:45:51.179] [Render thread/WARN] [dev.architectury.registry.registries.forge.RegistrarManagerImpl/]: Registry entry listened Registry Entry [minecraft:block / biomemakeover:green_glowshroom_brick] was not realized!
[12Aug2024 14:45:51.180] [Render thread/WARN] [dev.architectury.registry.registries.forge.RegistrarManagerImpl/]: Registry entry listened Registry Entry [minecraft:block / biomemakeover:willow_pressure_plate] was not realized!
[12Aug2024 14:45:51.180] [Render thread/WARN] [dev.architectury.registry.registries.forge.RegistrarManagerImpl/]: Registry entry listened Registry Entry [minecraft:block / biomemakeover:foxglove] was not realized!
[12Aug2024 14:45:51.180] [Render thread/WARN] [dev.architectury.registry.registries.forge.RegistrarManagerImpl/]: Registry entry listened Registry Entry [minecraft:block / biomemakeover:swamp_cypress_wall_sign] was not realized!
[12Aug2024 14:45:51.180] [Render thread/WARN] [dev.architectury.registry.registries.forge.RegistrarManagerImpl/]: Registry entry listened Registry Entry [minecraft:block / biomemakeover:mushroom_stem_brick] was not realized!
[12Aug2024 14:45:51.180] [Render thread/WARN] [dev.architectury.registry.registries.forge.RegistrarManagerImpl/]: Registry entry listened Registry Entry [minecraft:block / biomemakeover:black_terracotta_bricks] was not realized!
[12Aug2024 14:45:51.180] [Render thread/WARN] [dev.architectury.registry.registries.forge.RegistrarManagerImpl/]: Registry entry listened Registry Entry [minecraft:block / biomemakeover:pink_terracotta_brick_stairs] was not realized!
[12Aug2024 14:45:51.180] [Render thread/WARN] [dev.architectury.registry.registries.forge.RegistrarManagerImpl/]: Registry entry listened Registry Entry [minecraft:block / biomemakeover:potted_willow_sapling] was not realized!
[12Aug2024 14:45:51.180] [Render thread/WARN] [dev.architectury.registry.registries.forge.RegistrarManagerImpl/]: Registry entry listened Registry Entry [minecraft:block / biomemakeover:willow_door] was not realized!
[12Aug2024 14:45:51.180] [Render thread/WARN] [dev.architectury.registry.registries.forge.RegistrarManagerImpl/]: Registry entry listened Registry Entry [minecraft:block / biomemakeover:willow_wall_hanging_sign] was not realized!
[12Aug2024 14:45:51.180] [Render thread/WARN] [dev.architectury.registry.registries.forge.RegistrarManagerImpl/]: Registry entry listened Registry Entry [minecraft:block / biomemakeover:lime_terracotta_brick_stairs] was not realized!
[12Aug2024 14:45:51.181] [Render thread/WARN] [dev.architectury.registry.registries.forge.RegistrarManagerImpl/]: Registry entry listened Registry Entry [minecraft:block / biomemakeover:glowshroom_stem_brick_stairs] was not realized!
[12Aug2024 14:45:51.181] [Render thread/WARN] [dev.architectury.registry.registries.forge.RegistrarManagerImpl/]: Registry entry listened Registry Entry [minecraft:block / biomemakeover:willow_fence] was not realized!
[12Aug2024 14:45:51.181] [Render thread/WARN] [dev.architectury.registry.registries.forge.RegistrarManagerImpl/]: Registry entry listened Registry Entry [minecraft:block / biomemakeover:reed_thatch_slab] was not realized!
[12Aug2024 14:45:51.181] [Render thread/WARN] [dev.architectury.registry.registries.forge.RegistrarManagerImpl/]: Registry entry listened Registry Entry [minecraft:block / biomemakeover:purple_terracotta_brick_wall] was not realized!
[12Aug2024 14:45:51.181] [Render thread/WARN] [dev.architectury.registry.registries.forge.RegistrarManagerImpl/]: Registry entry listened Registry Entry [minecraft:block / biomemakeover:stripped_swamp_cypress_log] was not realized!
[12Aug2024 14:45:51.181] [Render thread/WARN] [dev.architectury.registry.registries.forge.RegistrarManagerImpl/]: Registry entry listened Registry Entry [minecraft:block / biomemakeover:potted_green_glowshroom] was not realized!
[12Aug2024 14:45:51.181] [Render thread/WARN] [dev.architectury.registry.registries.forge.RegistrarManagerImpl/]: Registry entry listened Registry Entry [minecraft:block / biomemakeover:ancient_oak_sign] was not realized!
[12Aug2024 14:45:51.181] [Render thread/WARN] [dev.architectury.registry.registries.forge.RegistrarManagerImpl/]: Registry entry listened Registry Entry [minecraft:block / biomemakeover:suspicious_red_sand] was not realized!
[12Aug2024 14:45:51.181] [Render thread/WARN] [dev.architectury.registry.registries.forge.RegistrarManagerImpl/]: Registry entry listened Registry Entry [minecraft:block / biomemakeover:barrel_cactus] was not realized!
[12Aug2024 14:45:51.181] [Render thread/WARN] [dev.architectury.registry.registries.forge.RegistrarManagerImpl/]: Registry entry listened Registry Entry [minecraft:block / biomemakeover:blighted_balsa_hanging_sign] was not realized!
[12Aug2024 14:45:51.181] [Render thread/WARN] [dev.architectury.registry.registries.forge.RegistrarManagerImpl/]: Registry entry listened Registry Entry [minecraft:block / biomemakeover:orange_terracotta_bricks] was not realized!
[12Aug2024 14:45:51.182] [Render thread/WARN] [dev.architectury.registry.registries.forge.RegistrarManagerImpl/]: Registry entry listened Registry Entry [minecraft:block / biomemakeover:reed_thatch_stairs] was not realized!
[12Aug2024 14:45:51.182] [Render thread/WARN] [dev.architectury.registry.registries.forge.RegistrarManagerImpl/]: Registry entry listened Registry Entry [minecraft:block / biomemakeover:mossy_dried_peat_brick_slab] was not realized!
[12Aug2024 14:45:51.182] [Render thread/WARN] [dev.architectury.registry.registries.forge.RegistrarManagerImpl/]: Registry entry listened Registry Entry [minecraft:block / biomemakeover:cyan_terracotta_brick_stairs] was not realized!
[12Aug2024 14:45:51.182] [Render thread/WARN] [dev.architectury.registry.registries.forge.RegistrarManagerImpl/]: Registry entry listened Registry Entry [minecraft:block / biomemakeover:swamp_cypress_fence_gate] was not realized!
[12Aug2024 14:45:51.182] [Render thread/WARN] [dev.architectury.registry.registries.forge.RegistrarManagerImpl/]: Registry entry listened Registry Entry [minecraft:block / biomemakeover:yellow_terracotta_bricks] was not realized!
[12Aug2024 14:45:51.182] [Render thread/WARN] [dev.architectury.registry.registries.forge.RegistrarManagerImpl/]: Registry entry listened Registry Entry [minecraft:block / biomemakeover:white_terracotta_bricks] was not realized!
[12Aug2024 14:45:51.182] [Render thread/WARN] [dev.architectury.registry.registries.forge.RegistrarManagerImpl/]: Registry entry listened Registry Entry [minecraft:block / biomemakeover:cyan_terracotta_brick_wall] was not realized!
[12Aug2024 14:45:51.182] [Render thread/WARN] [dev.architectury.registry.registries.forge.RegistrarManagerImpl/]: Registry entry listened Registry Entry [minecraft:block / biomemakeover:blighted_balsa_leaves] was not realized!
[12Aug2024 14:45:51.182] [Render thread/WARN] [dev.architectury.registry.registries.forge.RegistrarManagerImpl/]: Registry entry listened Registry Entry [minecraft:block / biomemakeover:lime_terracotta_brick_slab] was not realized!
[12Aug2024 14:45:51.182] [Render thread/WARN] [dev.architectury.registry.registries.forge.RegistrarManagerImpl/]: Registry entry listened Registry Entry [minecraft:block / biomemakeover:blighted_balsa_door] was not realized!
[12Aug2024 14:45:51.182] [Render thread/WARN] [dev.architectury.registry.registries.forge.RegistrarManagerImpl/]: Registry entry listened Registry Entry [minecraft:block / biomemakeover:green_terracotta_brick_slab] was not realized!
[12Aug2024 14:45:51.182] [Render thread/WARN] [dev.architectury.registry.registries.forge.RegistrarManagerImpl/]: Registry entry listened Registry Entry [minecraft:block / biomemakeover:cracked_dried_peat_bricks] was not realized!
[12Aug2024 14:45:51.182] [Render thread/WARN] [dev.architectury.registry.registries.forge.RegistrarManagerImpl/]: Registry entry listened Registry Entry [minecraft:block / biomemakeover:glowshroom_stem_brick_slab] was not realized!
[12Aug2024 14:45:51.182] [Render thread/WARN] [dev.architectury.registry.registries.forge.RegistrarManagerImpl/]: Registry entry listened Registry Entry [minecraft:block / biomemakeover:stripped_swamp_cypress_wood] was not realized!
[12Aug2024 14:45:51.183] [Render thread/WARN] [dev.architectury.registry.registries.forge.RegistrarManagerImpl/]: Registry entry listened Registry Entry [minecraft:block / biomemakeover:blighted_stone_bricks_slab] was not realized!
[12Aug2024 14:45:51.183] [Render thread/WARN] [dev.architectury.registry.registries.forge.RegistrarManagerImpl/]: Registry entry listened Registry Entry [minecraft:block / biomemakeover:cyan_terracotta_bricks] was not realized!
[12Aug2024 14:45:51.183] [Render thread/WARN] [dev.architectury.registry.registries.forge.RegistrarManagerImpl/]: Registry entry listened Registry Entry [minecraft:block / biomemakeover:orange_terracotta_brick_stairs] was not realized!
[12Aug2024 14:45:51.183] [Render thread/WARN] [dev.architectury.registry.registries.forge.RegistrarManagerImpl/]: Registry entry listened Registry Entry [minecraft:block / biomemakeover:orange_glowshroom_block] was not realized!
[12Aug2024 14:45:51.183] [Render thread/WARN] [dev.architectury.registry.registries.forge.RegistrarManagerImpl/]: Registry entry listened Registry Entry [minecraft:block / biomemakeover:light_gray_terracotta_brick_wall] was not realized!
[12Aug2024 14:45:51.183] [Render thread/WARN] [dev.architectury.registry.registries.forge.RegistrarManagerImpl/]: Registry entry listened Registry Entry [minecraft:block / biomemakeover:mossy_dried_peat_brick_stairs] was not realized!
[12Aug2024 14:45:51.183] [Render thread/WARN] [dev.architectury.registry.registries.forge.RegistrarManagerImpl/]: Registry entry listened Registry Entry [minecraft:block / biomemakeover:black_terracotta_brick_stairs] was not realized!
[12Aug2024 14:45:51.183] [Render thread/WARN] [dev.architectury.registry.registries.forge.RegistrarManagerImpl/]: Registry entry listened Registry Entry [minecraft:block / biomemakeover:brown_mushroom_brick_slab] was not realized!
[12Aug2024 14:45:51.183] [Render thread/WARN] [dev.architectury.registry.registries.forge.RegistrarManagerImpl/]: Registry entry listened Registry Entry [minecraft:block / biomemakeover:blighted_cobblestone_stairs] was not realized!
[12Aug2024 14:45:51.183] [Render thread/WARN] [dev.architectury.registry.registries.forge.RegistrarManagerImpl/]: Registry entry listened Registry Entry [minecraft:block / biomemakeover:blighted_stone_bricks] was not realized!
[12Aug2024 14:45:51.183] [Render thread/WARN] [dev.architectury.registry.registries.forge.RegistrarManagerImpl/]: Registry entry listened Registry Entry [minecraft:block / biomemakeover:mesmerite_slab] was not realized!
[12Aug2024 14:45:51.183] [Render thread/WARN] [dev.architectury.registry.registries.forge.RegistrarManagerImpl/]: Registry entry listened Registry Entry [minecraft:block / biomemakeover:purple_terracotta_brick_stairs] was not realized!
[12Aug2024 14:45:51.183] [Render thread/WARN] [dev.architectury.registry.registries.forge.RegistrarManagerImpl/]: Registry entry listened Registry Entry [minecraft:block / biomemakeover:blue_terracotta_brick_slab] was not realized!
[12Aug2024 14:45:51.183] [Render thread/WARN] [dev.architectury.registry.registries.forge.RegistrarManagerImpl/]: Registry entry listened Registry Entry [minecraft:block / biomemakeover:blighted_balsa_planks] was not realized!
[12Aug2024 14:45:51.184] [Render thread/WARN] [dev.architectury.registry.registries.forge.RegistrarManagerImpl/]: Registry entry listened Registry Entry [minecraft:block / biomemakeover:ancient_oak_leaves] was not realized!
[12Aug2024 14:45:51.184] [Render thread/WARN] [dev.architectury.registry.registries.forge.RegistrarManagerImpl/]: Registry entry listened Registry Entry [minecraft:block / biomemakeover:purple_terracotta_bricks] was not realized!
[12Aug2024 14:45:51.184] [Render thread/WARN] [dev.architectury.registry.registries.forge.RegistrarManagerImpl/]: Registry entry listened Registry Entry [minecraft:block / biomemakeover:green_terracotta_bricks] was not realized!
[12Aug2024 14:45:51.184] [Render thread/WARN] [dev.architectury.registry.registries.forge.RegistrarManagerImpl/]: Registry entry listened Registry Entry [minecraft:block / biomemakeover:light_blue_terracotta_bricks] was not realized!
[12Aug2024 14:45:51.184] [Render thread/WARN] [dev.architectury.registry.registries.forge.RegistrarManagerImpl/]: Registry entry listened Registry Entry [minecraft:block / biomemakeover:purple_glowshroom_block] was not realized!
[12Aug2024 14:45:51.184] [Render thread/WARN] [dev.architectury.registry.registries.forge.RegistrarManagerImpl/]: Registry entry listened Registry Entry [minecraft:block / biomemakeover:willow_trapdoor] was not realized!
[12Aug2024 14:45:51.184] [Render thread/WARN] [dev.architectury.registry.registries.forge.RegistrarManagerImpl/]: Registry entry listened Registry Entry [minecraft:block / biomemakeover:dried_peat_bricks] was not realized!
[12Aug2024 14:45:51.184] [Render thread/WARN] [dev.architectury.registry.registries.forge.RegistrarManagerImpl/]: Registry entry listened Registry Entry [minecraft:block / biomemakeover:mesmerite_stairs] was not realized!
[12Aug2024 14:45:51.184] [Render thread/WARN] [dev.architectury.registry.registries.forge.RegistrarManagerImpl/]: Registry entry listened Registry Entry [minecraft:block / biomemakeover:swamp_cypress_door] was not realized!
[12Aug2024 14:45:51.184] [Render thread/WARN] [dev.architectury.registry.registries.forge.RegistrarManagerImpl/]: Registry entry listened Registry Entry [minecraft:block / biomemakeover:glowshroom_stem_brick] was not realized!
[12Aug2024 14:45:51.184] [Render thread/WARN] [dev.architectury.registry.registries.forge.RegistrarManagerImpl/]: Registry entry listened Registry Entry [minecraft:block / biomemakeover:yellow_terracotta_brick_wall] was not realized!
[12Aug2024 14:45:51.184] [Render thread/WARN] [dev.architectury.registry.registries.forge.RegistrarManagerImpl/]: Registry entry listened Registry Entry [minecraft:block / biomemakeover:purple_glowshroom_brick] was not realized!
[12Aug2024 14:45:51.184] [Render thread/WARN] [dev.architectury.registry.registries.forge.RegistrarManagerImpl/]: Registry entry listened Registry Entry [minecraft:block / biomemakeover:terracotta_bricks] was not realized!
[12Aug2024 14:45:51.184] [Render thread/WARN] [dev.architectury.registry.registries.forge.RegistrarManagerImpl/]: Registry entry listened Registry Entry [minecraft:block / biomemakeover:green_terracotta_brick_stairs] was not realized!
[12Aug2024 14:45:51.184] [Render thread/WARN] [dev.architectury.registry.registries.forge.RegistrarManagerImpl/]: Registry entry listened Registry Entry [minecraft:block / biomemakeover:glowshroom_stem_brick_wall] was not realized!
[12Aug2024 14:45:51.185] [Render thread/WARN] [dev.architectury.registry.registries.forge.RegistrarManagerImpl/]: Registry entry listened Registry Entry [minecraft:block / biomemakeover:polished_mesmerite_wall] was not realized!
[12Aug2024 14:45:51.185] [Render thread/WARN] [dev.architectury.registry.registries.forge.RegistrarManagerImpl/]: Registry entry listened Registry Entry [minecraft:block / biomemakeover:altar] was not realized!
[12Aug2024 14:45:51.185] [Render thread/WARN] [dev.architectury.registry.registries.forge.RegistrarManagerImpl/]: Registry entry listened Registry Entry [minecraft:block / biomemakeover:marigold] was not realized!
[12Aug2024 14:45:51.185] [Render thread/WARN] [dev.architectury.registry.registries.forge.RegistrarManagerImpl/]: Registry entry listened Registry Entry [minecraft:block / biomemakeover:ancient_oak_wood] was not realized!
[12Aug2024 14:45:51.185] [Render thread/WARN] [dev.architectury.registry.registries.forge.RegistrarManagerImpl/]: Registry entry listened Registry Entry [minecraft:block / biomemakeover:cladded_stone] was not realized!
[12Aug2024 14:45:51.185] [Render thread/WARN] [dev.architectury.registry.registries.forge.RegistrarManagerImpl/]: Registry entry listened Registry Entry [minecraft:block / biomemakeover:ivy] was not realized!
[12Aug2024 14:45:51.185] [Render thread/WARN] [dev.architectury.registry.registries.forge.RegistrarManagerImpl/]: Registry entry listened Registry Entry [minecraft:block / biomemakeover:willow_hanging_sign] was not realized!
[12Aug2024 14:45:51.185] [Render thread/WARN] [dev.architectury.registry.registries.forge.RegistrarManagerImpl/]: Registry entry listened Registry Entry [minecraft:block / biomemakeover:swamp_cypress_log] was not realized!
[12Aug2024 14:45:51.185] [Render thread/WARN] [dev.architectury.registry.registries.forge.RegistrarManagerImpl/]: Registry entry listened Registry Entry [minecraft:block / biomemakeover:blighted_balsa_wood] was not realized!
[12Aug2024 14:45:51.185] [Render thread/WARN] [dev.architectury.registry.registries.forge.RegistrarManagerImpl/]: Registry entry listened Registry Entry [minecraft:block / biomemakeover:swamp_cypress_stairs] was not realized!
[12Aug2024 14:45:51.185] [Render thread/WARN] [dev.architectury.registry.registries.forge.RegistrarManagerImpl/]: Registry entry listened Registry Entry [minecraft:block / biomemakeover:blighted_cobblestone_wall] was not realized!
[12Aug2024 14:45:51.185] [Render thread/WARN] [dev.architectury.registry.registries.forge.RegistrarManagerImpl/]: Registry entry listened Registry Entry [minecraft:block / biomemakeover:potted_swamp_cypress_sapling] was not realized!
[12Aug2024 14:45:51.185] [Render thread/WARN] [dev.architectury.registry.registries.forge.RegistrarManagerImpl/]: Registry entry listened Registry Entry [minecraft:block / biomemakeover:blighted_balsa_log] was not realized!
[12Aug2024 14:45:51.185] [Render thread/WARN] [dev.architectury.registry.registries.forge.RegistrarManagerImpl/]: Registry entry listened Registry Entry [minecraft:block / biomemakeover:black_terracotta_brick_slab] was not realized!
[12Aug2024 14:45:51.186] [Render thread/WARN] [dev.architectury.registry.registries.forge.RegistrarManagerImpl/]: Registry entry listened Registry Entry [minecraft:block / biomemakeover:red_terracotta_brick_wall] was not realized!
[12Aug2024 14:45:51.186] [Render thread/WARN] [dev.architectury.registry.registries.forge.RegistrarManagerImpl/]: Registry entry listened Registry Entry [minecraft:block / biomemakeover:stripped_ancient_oak_wood] was not realized!
[12Aug2024 14:45:51.186] [Render thread/WARN] [dev.architectury.registry.registries.forge.RegistrarManagerImpl/]: Registry entry listened Registry Entry [minecraft:block / biomemakeover:red_mushroom_brick_slab] was not realized!
[12Aug2024 14:45:51.186] [Render thread/WARN] [dev.architectury.registry.registries.forge.RegistrarManagerImpl/]: Registry entry listened Registry Entry [minecraft:block / biomemakeover:ancient_oak_planks] was not realized!
[12Aug2024 14:45:51.186] [Render thread/WARN] [dev.architectury.registry.registries.forge.RegistrarManagerImpl/]: Registry entry listened Registry Entry [minecraft:block / biomemakeover:swamp_cypress_button] was not realized!
[12Aug2024 14:45:51.186] [Render thread/WARN] [dev.architectury.registry.registries.forge.RegistrarManagerImpl/]: Registry entry listened Registry Entry [minecraft:block / biomemakeover:willow_slab] was not realized!
[12Aug2024 14:45:51.186] [Render thread/WARN] [dev.architectury.registry.registries.forge.RegistrarManagerImpl/]: Registry entry listened Registry Entry [minecraft:block / biomemakeover:terracotta_brick_wall] was not realized!
[12Aug2024 14:45:51.186] [Render thread/WARN] [dev.architectury.registry.registries.forge.RegistrarManagerImpl/]: Registry entry listened Registry Entry [minecraft:block / biomemakeover:potted_saguaro_cactus] was not realized!
[12Aug2024 14:45:51.186] [Render thread/WARN] [dev.architectury.registry.registries.forge.RegistrarManagerImpl/]: Registry entry listened Registry Entry [minecraft:block / biomemakeover:brown_terracotta_brick_wall] was not realized!
[12Aug2024 14:45:51.186] [Render thread/WARN] [dev.architectury.registry.registries.forge.RegistrarManagerImpl/]: Registry entry listened Registry Entry [minecraft:block / biomemakeover:medium_illunite_bud] was not realized!
[12Aug2024 14:45:51.186] [Render thread/WARN] [dev.architectury.registry.registries.forge.RegistrarManagerImpl/]: Registry entry listened Registry Entry [minecraft:block / biomemakeover:wild_mushrooms] was not realized!
[12Aug2024 14:45:51.186] [Render thread/WARN] [dev.architectury.registry.registries.forge.RegistrarManagerImpl/]: Registry entry listened Registry Entry [minecraft:block / biomemakeover:crude_cladding_block] was not realized!
[12Aug2024 14:45:51.186] [Render thread/WARN] [dev.architectury.registry.registries.forge.RegistrarManagerImpl/]: Registry entry listened Registry Entry [minecraft:block / biomemakeover:mushroom_stem_brick_stairs] was not realized!
[12Aug2024 14:45:51.186] [Render thread/WARN] [dev.architectury.registry.registries.forge.RegistrarManagerImpl/]: Registry entry listened Registry Entry [minecraft:block / biomemakeover:yellow_terracotta_brick_stairs] was not realized!
[12Aug2024 14:45:51.186] [Render thread/WARN] [dev.architectury.registry.registries.forge.RegistrarManagerImpl/]: Registry entry listened Registry Entry [minecraft:block / biomemakeover:white_terracotta_brick_stairs] was not realized!
[12Aug2024 14:45:51.187] [Render thread/WARN] [dev.architectury.registry.registries.forge.RegistrarManagerImpl/]: Registry entry listened Registry Entry [minecraft:block / biomemakeover:light_gray_terracotta_bricks] was not realized!
[12Aug2024 14:45:51.187] [Render thread/WARN] [dev.architectury.registry.registries.forge.RegistrarManagerImpl/]: Registry entry listened Registry Entry [minecraft:block / biomemakeover:ancient_oak_slab] was not realized!
[12Aug2024 14:45:51.187] [Render thread/WARN] [dev.architectury.registry.registries.forge.RegistrarManagerImpl/]: Registry entry listened Registry Entry [minecraft:block / biomemakeover:potted_purple_glowshroom] was not realized!
[12Aug2024 14:45:51.187] [Render thread/WARN] [dev.architectury.registry.registries.forge.RegistrarManagerImpl/]: Registry entry listened Registry Entry [minecraft:block / biomemakeover:stripped_willow_wood] was not realized!
[12Aug2024 14:45:51.187] [Render thread/WARN] [dev.architectury.registry.registries.forge.RegistrarManagerImpl/]: Registry entry listened Registry Entry [minecraft:block / biomemakeover:orange_terracotta_brick_wall] was not realized!
[12Aug2024 14:45:51.187] [Render thread/WARN] [dev.architectury.registry.registries.forge.RegistrarManagerImpl/]: Registry entry listened Registry Entry [minecraft:block / biomemakeover:black_terracotta_brick_wall] was not realized!
[12Aug2024 14:45:51.187] [Render thread/WARN] [dev.architectury.registry.registries.forge.RegistrarManagerImpl/]: Registry entry listened Registry Entry [minecraft:block / biomemakeover:swamp_cypress_slab] was not realized!
[12Aug2024 14:45:51.187] [Render thread/WARN] [dev.architectury.registry.registries.forge.RegistrarManagerImpl/]: Registry entry listened Registry Entry [minecraft:block / biomemakeover:potted_blighted_balsa_sapling] was not realized!
[12Aug2024 14:45:51.187] [Render thread/WARN] [dev.architectury.registry.registries.forge.RegistrarManagerImpl/]: Registry entry listened Registry Entry [minecraft:block / biomemakeover:mossy_peat] was not realized!
[12Aug2024 14:45:51.187] [Render thread/WARN] [dev.architectury.registry.registries.forge.RegistrarManagerImpl/]: Registry entry listened Registry Entry [minecraft:block / biomemakeover:stripped_blighted_balsa_log] was not realized!
[12Aug2024 14:45:51.187] [Render thread/WARN] [dev.architectury.registry.registries.forge.RegistrarManagerImpl/]: Registry entry listened Registry Entry [minecraft:block / biomemakeover:mossy_dried_peat_brick_wall] was not realized!
[12Aug2024 14:45:51.187] [Render thread/WARN] [dev.architectury.registry.registries.forge.RegistrarManagerImpl/]: Registry entry listened Registry Entry [minecraft:block / biomemakeover:cracked_brick_wall] was not realized!
[12Aug2024 14:45:51.187] [Render thread/WARN] [dev.architectury.registry.registries.forge.RegistrarManagerImpl/]: Registry entry listened Registry Entry [minecraft:block / biomemakeover:potted_barrel_cactus] was not realized!
[12Aug2024 14:45:51.187] [Render thread/WARN] [dev.architectury.registry.registries.forge.RegistrarManagerImpl/]: Registry entry listened Registry Entry [minecraft:block / biomemakeover:polished_mesmerite_stairs] was not realized!
[12Aug2024 14:45:51.188] [Render thread/WARN] [dev.architectury.registry.registries.forge.RegistrarManagerImpl/]: Registry entry listened Registry Entry [minecraft:block / biomemakeover:cracked_bricks] was not realized!
[12Aug2024 14:45:51.188] [Render thread/WARN] [dev.architectury.registry.registries.forge.RegistrarManagerImpl/]: Registry entry listened Registry Entry [minecraft:block / biomemakeover:light_blue_terracotta_brick_wall] was not realized!
[12Aug2024 14:45:51.188] [Render thread/WARN] [dev.architectury.registry.registries.forge.RegistrarManagerImpl/]: Registry entry listened Registry Entry [minecraft:block / biomemakeover:lime_terracotta_brick_wall] was not realized!
[12Aug2024 14:45:51.188] [Render thread/WARN] [dev.architectury.registry.registries.forge.RegistrarManagerImpl/]: Registry entry listened Registry Entry [minecraft:block / biomemakeover:tall_red_mushroom] was not realized!
[12Aug2024 14:45:51.188] [Render thread/WARN] [dev.architectury.registry.registries.forge.RegistrarManagerImpl/]: Registry entry listened Registry Entry [minecraft:block / biomemakeover:swamp_cypress_trapdoor] was not realized!
[12Aug2024 14:45:51.188] [Render thread/WARN] [dev.architectury.registry.registries.forge.RegistrarManagerImpl/]: Registry entry listened Registry Entry [minecraft:block / biomemakeover:willow_planks] was not realized!
[12Aug2024 14:45:51.188] [Render thread/WARN] [dev.architectury.registry.registries.forge.RegistrarManagerImpl/]: Registry entry listened Registry Entry [minecraft:block / biomemakeover:swamp_cypress_hanging_sign] was not realized!
[12Aug2024 14:45:51.188] [Render thread/WARN] [dev.architectury.registry.registries.forge.RegistrarManagerImpl/]: Registry entry listened Registry Entry [minecraft:block / biomemakeover:peat] was not realized!
[12Aug2024 14:45:51.188] [Render thread/WARN] [dev.architectury.registry.registries.forge.RegistrarManagerImpl/]: Registry entry listened Registry Entry [minecraft:block / biomemakeover:blighted_stone_bricks_wall] was not realized!
[12Aug2024 14:45:51.188] [Render thread/WARN] [dev.architectury.registry.registries.forge.RegistrarManagerImpl/]: Registry entry listened Registry Entry [minecraft:block / biomemakeover:ancient_oak_button] was not realized!
[12Aug2024 14:45:51.188] [Render thread/WARN] [dev.architectury.registry.registries.forge.RegistrarManagerImpl/]: Registry entry listened Registry Entry [minecraft:block / biomemakeover:willow_log] was not realized!
[12Aug2024 14:45:51.188] [Render thread/WARN] [dev.architectury.registry.registries.forge.RegistrarManagerImpl/]: Registry entry listened Registry Entry [minecraft:block / biomemakeover:gray_terracotta_bricks] was not realized!
[12Aug2024 14:45:51.188] [Render thread/WARN] [dev.architectury.registry.registries.forge.RegistrarManagerImpl/]: Registry entry listened Registry Entry [minecraft:block / biomemakeover:terracotta_brick_stairs] was not realized!
[12Aug2024 14:45:51.188] [Render thread/WARN] [dev.architectury.registry.registries.forge.RegistrarManagerImpl/]: Registry entry listened Registry Entry [minecraft:block / biomemakeover:green_glowshroom_brick_stairs] was not realized!
[12Aug2024 14:45:51.188] [Render thread/WARN] [dev.architectury.registry.registries.forge.RegistrarManagerImpl/]: Registry entry listened Registry Entry [minecraft:block / biomemakeover:blighted_balsa_wall_sign] was not realized!
[12Aug2024 14:45:51.189] [Render thread/WARN] [dev.architectury.registry.registries.forge.RegistrarManagerImpl/]: Registry entry listened Registry Entry [minecraft:block / biomemakeover:brown_terracotta_brick_slab] was not realized!
[12Aug2024 14:45:51.189] [Render thread/WARN] [dev.architectury.registry.registries.forge.RegistrarManagerImpl/]: Registry entry listened Registry Entry [minecraft:block / biomemakeover:willow_wall_sign] was not realized!
[12Aug2024 14:45:51.189] [Render thread/WARN] [dev.architectury.registry.registries.forge.RegistrarManagerImpl/]: Registry entry listened Registry Entry [minecraft:block / biomemakeover:light_gray_terracotta_brick_stairs] was not realized!
[12Aug2024 14:45:51.189] [Render thread/WARN] [dev.architectury.registry.registries.forge.RegistrarManagerImpl/]: Registry entry listened Registry Entry [minecraft:block / biomemakeover:paydirt] was not realized!
[12Aug2024 14:45:51.189] [Render thread/WARN] [dev.architectury.registry.registries.forge.RegistrarManagerImpl/]: Registry entry listened Registry Entry [minecraft:block / biomemakeover:brown_mushroom_brick_stairs] was not realized!
[12Aug2024 14:45:51.189] [Render thread/WARN] [dev.architectury.registry.registries.forge.RegistrarManagerImpl/]: Registry entry listened Registry Entry [minecraft:block / biomemakeover:glowshroom_stem] was not realized!
[12Aug2024 14:45:51.189] [Render thread/WARN] [dev.architectury.registry.registries.forge.RegistrarManagerImpl/]: Registry entry listened Registry Entry [minecraft:block / biomemakeover:blighted_stone_bricks_stairs] was not realized!
[12Aug2024 14:45:51.189] [Render thread/WARN] [dev.architectury.registry.registries.forge.RegistrarManagerImpl/]: Registry entry listened Registry Entry [minecraft:block / biomemakeover:potted_wild_mushrooms] was not realized!
[12Aug2024 14:45:51.189] [Render thread/WARN] [dev.architectury.registry.registries.forge.RegistrarManagerImpl/]: Registry entry listened Registry Entry [minecraft:block / biomemakeover:magenta_terracotta_brick_wall] was not realized!
[12Aug2024 14:45:51.189] [Render thread/WARN] [dev.architectury.registry.registries.forge.RegistrarManagerImpl/]: Registry entry listened Registry Entry [minecraft:block / biomemakeover:dried_peat] was not realized!
[12Aug2024 14:45:51.189] [Render thread/WARN] [dev.architectury.registry.registries.forge.RegistrarManagerImpl/]: Registry entry listened Registry Entry [minecraft:block / biomemakeover:willow_sapling] was not realized!
[12Aug2024 14:45:51.189] [Render thread/WARN] [dev.architectury.registry.registries.forge.RegistrarManagerImpl/]: Registry entry listened Registry Entry [minecraft:block / biomemakeover:ancient_oak_sapling] was not realized!
[12Aug2024 14:45:51.189] [Render thread/WARN] [dev.architectury.registry.registries.forge.RegistrarManagerImpl/]: Registry entry listened Registry Entry [minecraft:block / biomemakeover:illunite_block] was not realized!
[12Aug2024 14:45:51.189] [Render thread/WARN] [dev.architectury.registry.registries.forge.RegistrarManagerImpl/]: Registry entry listened Registry Entry [minecraft:block / biomemakeover:potted_orange_glowshroom] was not realized!
[12Aug2024 14:45:51.189] [Render thread/WARN] [dev.architectury.registry.registries.forge.RegistrarManagerImpl/]: Registry entry listened Registry Entry [minecraft:block / biomemakeover:gray_terracotta_brick_wall] was not realized!
[12Aug2024 14:45:51.189] [Render thread/WARN] [dev.architectury.registry.registries.forge.RegistrarManagerImpl/]: Registry entry listened Registry Entry [minecraft:block / biomemakeover:green_glowshroom_brick_slab] was not realized!
[12Aug2024 14:45:51.190] [Render thread/WARN] [dev.architectury.registry.registries.forge.RegistrarManagerImpl/]: Registry entry listened Registry Entry [minecraft:block / biomemakeover:peat_farmland] was not realized!
[12Aug2024 14:45:51.190] [Render thread/WARN] [dev.architectury.registry.registries.forge.RegistrarManagerImpl/]: Registry entry listened Registry Entry [minecraft:block / biomemakeover:tall_brown_mushroom] was not realized!
[12Aug2024 14:45:51.190] [Render thread/WARN] [dev.architectury.registry.registries.forge.RegistrarManagerImpl/]: Registry entry listened Registry Entry [minecraft:block / biomemakeover:dried_peat_bricks_wall] was not realized!
[12Aug2024 14:45:51.190] [Render thread/WARN] [dev.architectury.registry.registries.forge.RegistrarManagerImpl/]: Registry entry listened Registry Entry [minecraft:block / biomemakeover:cracked_dried_peat_brick_wall] was not realized!
[12Aug2024 14:45:51.190] [Render thread/WARN] [dev.architectury.registry.registries.forge.RegistrarManagerImpl/]: Registry entry listened Registry Entry [minecraft:block / biomemakeover:ancient_oak_door] was not realized!
[12Aug2024 14:45:51.190] [Render thread/WARN] [dev.architectury.registry.registries.forge.RegistrarManagerImpl/]: Registry entry listened Registry Entry [minecraft:block / biomemakeover:mossy_dried_peat_bricks] was not realized!
[12Aug2024 14:45:51.190] [Render thread/WARN] [dev.architectury.registry.registries.forge.RegistrarManagerImpl/]: Registry entry listened Registry Entry [minecraft:block / biomemakeover:blue_terracotta_brick_stairs] was not realized!
[12Aug2024 14:45:51.190] [Render thread/WARN] [dev.architectury.registry.registries.forge.RegistrarManagerImpl/]: Registry entry listened Registry Entry [minecraft:block / biomemakeover:blue_terracotta_brick_wall] was not realized!
[12Aug2024 14:45:51.190] [Render thread/WARN] [dev.architectury.registry.registries.forge.RegistrarManagerImpl/]: Registry entry listened Registry Entry [minecraft:block / biomemakeover:swamp_cypress_wall_hanging_sign] was not realized!
[12Aug2024 14:45:51.190] [Render thread/WARN] [dev.architectury.registry.registries.forge.RegistrarManagerImpl/]: Registry entry listened Registry Entry [minecraft:block / biomemakeover:light_blue_terracotta_brick_stairs] was not realized!
[12Aug2024 14:45:51.190] [Render thread/WARN] [dev.architectury.registry.registries.forge.RegistrarManagerImpl/]: Registry entry listened Registry Entry [minecraft:block / biomemakeover:polished_mesmerite] was not realized!
[12Aug2024 14:45:51.190] [Render thread/WARN] [dev.architectury.registry.registries.forge.RegistrarManagerImpl/]: Registry entry listened Registry Entry [minecraft:block / biomemakeover:orange_glowshroom_brick_stairs] was not realized!
[12Aug2024 14:45:51.190] [Render thread/WARN] [dev.architectury.registry.registries.forge.RegistrarManagerImpl/]: Registry entry listened Registry Entry [minecraft:block / biomemakeover:red_terracotta_bricks] was not realized!
[12Aug2024 14:45:51.190] [Render thread/WARN] [dev.architectury.registry.registries.forge.RegistrarManagerImpl/]: Registry entry listened Registry Entry [minecraft:block / biomemakeover:ancient_oak_wall_sign] was not realized!
[12Aug2024 14:45:51.191] [Render thread/WARN] [dev.architectury.registry.registries.forge.RegistrarManagerImpl/]: Registry entry listened Registry Entry [minecraft:block / biomemakeover:illunite_cluster] was not realized!
[12Aug2024 14:45:51.191] [Render thread/WARN] [dev.architectury.registry.registries.forge.RegistrarManagerImpl/]: Registry entry listened Registry Entry [minecraft:block / biomemakeover:mushroom_stem_brick_wall] was not realized!
[12Aug2024 14:45:51.191] [Render thread/WARN] [dev.architectury.registry.registries.forge.RegistrarManagerImpl/]: Registry entry listened Registry Entry [minecraft:block / biomemakeover:rootling_crop] was not realized!
[12Aug2024 14:45:51.191] [Render thread/WARN] [dev.architectury.registry.registries.forge.RegistrarManagerImpl/]: Registry entry listened Registry Entry [minecraft:block / biomemakeover:mesmerite_wall] was not realized!
[12Aug2024 14:45:51.191] [Render thread/WARN] [dev.architectury.registry.registries.forge.RegistrarManagerImpl/]: Registry entry listened Registry Entry [minecraft:block / biomemakeover:stripped_ancient_oak_log] was not realized!
[12Aug2024 14:45:51.191] [Render thread/WARN] [dev.architectury.registry.registries.forge.RegistrarManagerImpl/]: Registry entry listened Registry Entry [minecraft:block / biomemakeover:purple_glowshroom_brick_slab] was not realized!
[12Aug2024 14:45:51.191] [Render thread/WARN] [dev.architectury.registry.registries.forge.RegistrarManagerImpl/]: Registry entry listened Registry Entry [minecraft:block / biomemakeover:small_illunite_bud] was not realized!
[12Aug2024 14:45:51.191] [Render thread/WARN] [dev.architectury.registry.registries.forge.RegistrarManagerImpl/]: Registry entry listened Registry Entry [minecraft:block / biomemakeover:white_terracotta_brick_wall] was not realized!
[12Aug2024 14:45:51.191] [Render thread/WARN] [dev.architectury.registry.registries.forge.RegistrarManagerImpl/]: Registry entry listened Registry Entry [minecraft:block / biomemakeover:blighted_balsa_sign] was not realized!
[12Aug2024 14:45:51.191] [Render thread/WARN] [dev.architectury.registry.registries.forge.RegistrarManagerImpl/]: Registry entry listened Registry Entry [minecraft:block / biomemakeover:cracked_brick_stairs] was not realized!
[12Aug2024 14:45:51.191] [Render thread/WARN] [dev.architectury.registry.registries.forge.RegistrarManagerImpl/]: Registry entry listened Registry Entry [minecraft:block / biomemakeover:orange_glowshroom_brick_wall] was not realized!
[12Aug2024 14:45:51.191] [Render thread/WARN] [dev.architectury.registry.registries.forge.RegistrarManagerImpl/]: Registry entry listened Registry Entry [minecraft:block / biomemakeover:moth_blossom] was not realized!
[12Aug2024 14:45:51.191] [Render thread/WARN] [dev.architectury.registry.registries.forge.RegistrarManagerImpl/]: Registry entry listened Registry Entry [minecraft:block / biomemakeover:lime_terracotta_bricks] was not realized!
[12Aug2024 14:45:51.191] [Render thread/WARN] [dev.architectury.registry.registries.forge.RegistrarManagerImpl/]: Registry entry listened Registry Entry [minecraft:block / biomemakeover:purple_terracotta_brick_slab] was not realized!
[12Aug2024 14:45:51.192] [Render thread/WARN] [dev.architectury.registry.registries.forge.RegistrarManagerImpl/]: Registry entry listened Registry Entry [minecraft:block / biomemakeover:magenta_terracotta_brick_slab] was not realized!
[12Aug2024 14:45:51.192] [Render thread/WARN] [dev.architectury.registry.registries.forge.RegistrarManagerImpl/]: Registry entry listened Registry Entry [minecraft:block / biomemakeover:cyan_terracotta_brick_slab] was not realized!
[12Aug2024 14:45:51.192] [Render thread/WARN] [dev.architectury.registry.registries.forge.RegistrarManagerImpl/]: Registry entry listened Registry Entry [minecraft:block / biomemakeover:ancient_oak_log] was not realized!
[12Aug2024 14:45:51.192] [Render thread/WARN] [dev.architectury.registry.registries.forge.RegistrarManagerImpl/]: Registry entry listened Registry Entry [minecraft:block / biomemakeover:directional_data] was not realized!
[12Aug2024 14:45:51.192] [Render thread/WARN] [dev.architectury.registry.registries.forge.RegistrarManagerImpl/]: Registry entry listened Registry Entry [minecraft:block / biomemakeover:polished_mesmerite_slab] was not realized!
[12Aug2024 14:45:51.192] [Render thread/WARN] [dev.architectury.registry.registries.forge.RegistrarManagerImpl/]: Registry entry listened Registry Entry [minecraft:block / biomemakeover:ancient_oak_pressure_plate] was not realized!
[12Aug2024 14:45:51.192] [Render thread/WARN] [dev.architectury.registry.registries.forge.RegistrarManagerImpl/]: Registry entry listened Registry Entry [minecraft:block / biomemakeover:red_mushroom_brick_stairs] was not realized!
[12Aug2024 14:45:51.192] [Render thread/WARN] [dev.architectury.registry.registries.forge.RegistrarManagerImpl/]: Registry entry listened Registry Entry [minecraft:block / biomemakeover:lightning_bug_bottle] was not realized!
[12Aug2024 14:45:51.192] [Render thread/WARN] [dev.architectury.registry.registries.forge.RegistrarManagerImpl/]: Registry entry listened Registry Entry [minecraft:block / biomemakeover:green_terracotta_brick_wall] was not realized!
[12Aug2024 14:45:51.192] [Render thread/WARN] [dev.architectury.registry.registries.forge.RegistrarManagerImpl/]: Registry entry listened Registry Entry [minecraft:block / biomemakeover:blighted_balsa_button] was not realized!
[12Aug2024 14:45:51.192] [Render thread/WARN] [dev.architectury.registry.registries.forge.RegistrarManagerImpl/]: Registry entry listened Registry Entry [minecraft:block / biomemakeover:potted_mycelium_roots] was not realized!
[12Aug2024 14:45:51.192] [Render thread/WARN] [dev.architectury.registry.registries.forge.RegistrarManagerImpl/]: Registry entry listened Registry Entry [minecraft:block / biomemakeover:swamp_cypress_pressure_plate] was not realized!
[12Aug2024 14:45:51.192] [Render thread/WARN] [dev.architectury.registry.registries.forge.RegistrarManagerImpl/]: Registry entry listened Registry Entry [minecraft:block / biomemakeover:blighted_balsa_stairs] was not realized!
[12Aug2024 14:45:51.192] [Render thread/WARN] [dev.architectury.registry.registries.forge.RegistrarManagerImpl/]: Registry entry listened Registry Entry [minecraft:block / biomemakeover:blighted_balsa_sapling] was not realized!
[12Aug2024 14:45:51.192] [Render thread/WARN] [dev.architectury.registry.registries.forge.RegistrarManagerImpl/]: Registry entry listened Registry Entry [minecraft:block / biomemakeover:saguaro_cactus] was not realized!
[12Aug2024 14:45:51.193] [Render thread/WARN] [dev.architectury.registry.registries.forge.RegistrarManagerImpl/]: Registry entry listened Registry Entry [minecraft:block / biomemakeover:mushroom_stem_brick_slab] was not realized!
[12Aug2024 14:45:51.193] [Render thread/WARN] [dev.architectury.registry.registries.forge.RegistrarManagerImpl/]: Registry entry listened Registry Entry [minecraft:block / biomemakeover:light_gray_terracotta_brick_slab] was not realized!
[12Aug2024 14:45:51.193] [Render thread/WARN] [dev.architectury.registry.registries.forge.RegistrarManagerImpl/]: Registry entry listened Registry Entry [minecraft:block / biomemakeover:gray_terracotta_brick_stairs] was not realized!
[12Aug2024 14:45:51.193] [Render thread/WARN] [dev.architectury.registry.registries.forge.RegistrarManagerImpl/]: Registry entry listened Registry Entry [minecraft:block / biomemakeover:reed] was not realized!
[12Aug2024 14:45:51.193] [Render thread/WARN] [dev.architectury.registry.registries.forge.RegistrarManagerImpl/]: Registry entry listened Registry Entry [minecraft:block / biomemakeover:mycelium_sprouts] was not realized!
[12Aug2024 14:45:51.193] [Render thread/WARN] [dev.architectury.registry.registries.forge.RegistrarManagerImpl/]: Registry entry listened Registry Entry [minecraft:block / biomemakeover:blighted_balsa_trapdoor] was not realized!
[12Aug2024 14:45:51.193] [Render thread/WARN] [dev.architectury.registry.registries.forge.RegistrarManagerImpl/]: Registry entry listened Registry Entry [minecraft:block / biomemakeover:swamp_cypress_planks] was not realized!
[12Aug2024 14:45:51.193] [Render thread/WARN] [dev.architectury.registry.registries.forge.RegistrarManagerImpl/]: Registry entry listened Registry Entry [minecraft:block / biomemakeover:mesmerite] was not realized!
[12Aug2024 14:45:51.193] [Render thread/WARN] [dev.architectury.registry.registries.forge.RegistrarManagerImpl/]: Registry entry listened Registry Entry [minecraft:block / biomemakeover:budding_illunite] was not realized!
[12Aug2024 14:45:51.193] [Render thread/WARN] [dev.architectury.registry.registries.forge.RegistrarManagerImpl/]: Registry entry listened Registry Entry [minecraft:block / biomemakeover:willow_wood] was not realized!
[12Aug2024 14:45:51.193] [Render thread/WARN] [dev.architectury.registry.registries.forge.RegistrarManagerImpl/]: Registry entry listened Registry Entry [minecraft:block / biomemakeover:swamp_cypress_leaves] was not realized!
[12Aug2024 14:45:51.193] [Render thread/WARN] [dev.architectury.registry.registries.forge.RegistrarManagerImpl/]: Registry entry listened Registry Entry [minecraft:block / biomemakeover:itching_ivy] was not realized!
[12Aug2024 14:45:51.193] [Render thread/WARN] [dev.architectury.registry.registries.forge.RegistrarManagerImpl/]: Registry entry listened Registry Entry [minecraft:block / biomemakeover:potted_flowered_barrel_cactus] was not realized!
[12Aug2024 14:45:51.194] [Render thread/WARN] [dev.architectury.registry.registries.forge.RegistrarManagerImpl/]: Registry entry listened Registry Entry [minecraft:block / biomemakeover:willow_fence_gate] was not realized!
[12Aug2024 14:45:51.194] [Render thread/WARN] [dev.architectury.registry.registries.forge.RegistrarManagerImpl/]: Registry entry listened Registry Entry [minecraft:block / biomemakeover:blighted_balsa_slab] was not realized!
[12Aug2024 14:45:51.194] [Render thread/WARN] [dev.architectury.registry.registries.forge.RegistrarManagerImpl/]: Registry entry listened Registry Entry [minecraft:block / biomemakeover:red_mushroom_brick] was not realized!
[12Aug2024 14:45:51.194] [Render thread/WARN] [dev.architectury.registry.registries.forge.RegistrarManagerImpl/]: Registry entry listened Registry Entry [minecraft:block / biomemakeover:reed_thatch] was not realized!
[12Aug2024 14:45:51.194] [Render thread/WARN] [dev.architectury.registry.registries.forge.RegistrarManagerImpl/]: Registry entry listened Registry Entry [minecraft:block / biomemakeover:ancient_oak_hanging_sign] was not realized!
[12Aug2024 14:45:51.194] [Render thread/WARN] [dev.architectury.registry.registries.forge.RegistrarManagerImpl/]: Registry entry listened Registry Entry [minecraft:block / biomemakeover:water_lily] was not realized!
[12Aug2024 14:45:51.194] [Render thread/WARN] [dev.architectury.registry.registries.forge.RegistrarManagerImpl/]: Registry entry listened Registry Entry [minecraft:block / biomemakeover:willow_stairs] was not realized!
[12Aug2024 14:45:51.194] [Render thread/WARN] [dev.architectury.registry.registries.forge.RegistrarManagerImpl/]: Registry entry listened Registry Entry [minecraft:block / biomemakeover:barrel_cactus_flowered] was not realized!
[12Aug2024 14:45:51.194] [Render thread/WARN] [dev.architectury.registry.registries.forge.RegistrarManagerImpl/]: Registry entry listened Registry Entry [minecraft:block / biomemakeover:pink_terracotta_bricks] was not realized!
[12Aug2024 14:45:51.194] [Render thread/WARN] [dev.architectury.registry.registries.forge.RegistrarManagerImpl/]: Registry entry listened Registry Entry [minecraft:block / biomemakeover:dried_peat_bricks_stairs] was not realized!
[12Aug2024 14:45:51.194] [Render thread/WARN] [dev.architectury.registry.registries.forge.RegistrarManagerImpl/]: Registry entry listened Registry Entry [minecraft:block / biomemakeover:red_terracotta_brick_stairs] was not realized!
[12Aug2024 14:45:51.194] [Render thread/WARN] [dev.architectury.registry.registries.forge.RegistrarManagerImpl/]: Registry entry listened Registry Entry [minecraft:block / biomemakeover:willow_sign] was not realized!
[12Aug2024 14:45:51.195] [Render thread/WARN] [dev.architectury.registry.registries.forge.RegistrarManagerImpl/]: Registry entry listened Registry Entry [minecraft:block / biomemakeover:red_mushroom_brick_wall] was not realized!
[12Aug2024 14:45:51.195] [Render thread/WARN] [dev.architectury.registry.registries.forge.RegistrarManagerImpl/]: Registry entry listened Registry Entry [minecraft:block / biomemakeover:terracotta_brick_slab] was not realized!
[12Aug2024 14:45:51.195] [Render thread/WARN] [dev.architectury.registry.registries.forge.RegistrarManagerImpl/]: Registry entry listened Registry Entry [minecraft:block / biomemakeover:blue_terracotta_bricks] was not realized!
[12Aug2024 14:45:51.195] [Render thread/WARN] [dev.architectury.registry.registries.forge.RegistrarManagerImpl/]: Registry entry listened Registry Entry [minecraft:block / biomemakeover:cattail] was not realized!
[12Aug2024 14:45:51.195] [Render thread/WARN] [dev.architectury.registry.registries.forge.RegistrarManagerImpl/]: Registry entry listened Registry Entry [minecraft:block / biomemakeover:black_thistle] was not realized!
[12Aug2024 14:45:51.195] [Render thread/WARN] [dev.architectury.registry.registries.forge.RegistrarManagerImpl/]: Registry entry listened Registry Entry [minecraft:block / biomemakeover:blighted_balsa_pressure_plate] was not realized!
[12Aug2024 14:45:51.195] [Render thread/WARN] [dev.architectury.registry.registries.forge.RegistrarManagerImpl/]: Registry entry listened Registry Entry [minecraft:block / biomemakeover:ancient_oak_fence_gate] was not realized!
[12Aug2024 14:45:51.195] [Render thread/WARN] [dev.architectury.registry.registries.forge.RegistrarManagerImpl/]: Registry entry listened Registry Entry [minecraft:block / biomemakeover:magenta_terracotta_brick_stairs] was not realized!
[12Aug2024 14:45:51.195] [Render thread/WARN] [dev.architectury.registry.registries.forge.RegistrarManagerImpl/]: Registry entry listened Registry Entry [minecraft:block / biomemakeover:swamp_cypress_sign] was not realized!
[12Aug2024 14:45:51.195] [Render thread/WARN] [dev.architectury.registry.registries.forge.RegistrarManagerImpl/]: Registry entry listened Registry Entry [minecraft:block / biomemakeover:orange_terracotta_brick_slab] was not realized!
[12Aug2024 14:45:51.195] [Render thread/WARN] [dev.architectury.registry.registries.forge.RegistrarManagerImpl/]: Registry entry listened Registry Entry [minecraft:block / biomemakeover:potted_ancient_oak_sapling] was not realized!
[12Aug2024 14:45:51.195] [Render thread/WARN] [dev.architectury.registry.registries.forge.RegistrarManagerImpl/]: Registry entry listened Registry Entry [minecraft:block / biomemakeover:brown_mushroom_brick_wall] was not realized!
[12Aug2024 14:45:51.195] [Render thread/WARN] [dev.architectury.registry.registries.forge.RegistrarManagerImpl/]: Registry entry listened Registry Entry [minecraft:block / biomemakeover:pink_terracotta_brick_slab] was not realized!
[12Aug2024 14:45:51.195] [Render thread/WARN] [dev.architectury.registry.registries.forge.RegistrarManagerImpl/]: Registry entry listened Registry Entry [minecraft:block / biomemakeover:swamp_cypress_fence] was not realized!
[12Aug2024 14:45:51.195] [Render thread/WARN] [dev.architectury.registry.registries.forge.RegistrarManagerImpl/]: Registry entry listened Registry Entry [minecraft:block / biomemakeover:stripped_blighted_balsa_wood] was not realized!
[12Aug2024 14:45:51.195] [Render thread/WARN] [dev.architectury.registry.registries.forge.RegistrarManagerImpl/]: Registry entry listened Registry Entry [minecraft:block / biomemakeover:swamp_cypress_sapling] was not realized!
[12Aug2024 14:45:51.195] [Render thread/WARN] [dev.architectury.registry.registries.forge.RegistrarManagerImpl/]: Registry entry listened Registry Entry [minecraft:block / biomemakeover:stripped_willow_log] was not realized!
[12Aug2024 14:45:51.195] [Render thread/WARN] [dev.architectury.registry.registries.forge.RegistrarManagerImpl/]: Registry entry listened Registry Entry [minecraft:block / biomemakeover:magenta_terracotta_bricks] was not realized!
[12Aug2024 14:45:51.196] [Render thread/WARN] [dev.architectury.registry.registries.forge.RegistrarManagerImpl/]: Registry entry listened Registry Entry [minecraft:block / biomemakeover:light_blue_terracotta_brick_slab] was not realized!
[12Aug2024 14:45:51.196] [Render thread/WARN] [dev.architectury.registry.registries.forge.RegistrarManagerImpl/]: Registry entry listened Registry Entry [minecraft:block / biomemakeover:blighted_cobblestone] was not realized!
[12Aug2024 14:45:51.196] [Render thread/WARN] [dev.architectury.registry.registries.forge.RegistrarManagerImpl/]: Registry entry listened Registry Entry [minecraft:block / biomemakeover:poltergeist] was not realized!
[12Aug2024 14:45:51.196] [Render thread/WARN] [dev.architectury.registry.registries.forge.RegistrarManagerImpl/]: Registry entry listened Registry Entry [minecraft:block / biomemakeover:willow_button] was not realized!
[12Aug2024 14:45:51.196] [Render thread/WARN] [dev.architectury.registry.registries.forge.RegistrarManagerImpl/]: Registry entry listened Registry Entry [minecraft:block / biomemakeover:yellow_terracotta_brick_slab] was not realized!
[12Aug2024 14:45:51.196] [Render thread/WARN] [dev.architectury.registry.registries.forge.RegistrarManagerImpl/]: Registry entry listened Registry Entry [minecraft:block / biomemakeover:brown_mushroom_brick] was not realized!
[12Aug2024 14:45:52.176] [Render thread/WARN] [dev.architectury.registry.registries.forge.RegistrarManagerImpl/]: Registry entry listened Registry Entry [minecraft:attribute / biomemakeover:projectile_resistance] was not realized!
[12Aug2024 14:45:52.236] [Render thread/WARN] [dev.architectury.registry.registries.forge.RegistrarManagerImpl/]: Registry entry listened Registry Entry [minecraft:particle_type / biomemakeover:teleport] was not realized!
[12Aug2024 14:45:52.236] [Render thread/WARN] [dev.architectury.registry.registries.forge.RegistrarManagerImpl/]: Registry entry listened Registry Entry [minecraft:particle_type / biomemakeover:blossom] was not realized!
[12Aug2024 14:45:52.236] [Render thread/WARN] [dev.architectury.registry.registries.forge.RegistrarManagerImpl/]: Registry entry listened Registry Entry [minecraft:particle_type / biomemakeover:lightning_spark] was not realized!
[12Aug2024 14:45:52.236] [Render thread/WARN] [dev.architectury.registry.registries.forge.RegistrarManagerImpl/]: Registry entry listened Registry Entry [minecraft:particle_type / biomemakeover:poltergeist] was not realized!
[12Aug2024 14:45:52.609] [Render thread/WARN] [dev.architectury.registry.registries.forge.RegistrarManagerImpl/]: Registry entry listened Registry Entry [minecraft:item / biomemakeover:mycelium_sprouts] was not realized!
[12Aug2024 14:45:52.609] [Render thread/WARN] [dev.architectury.registry.registries.forge.RegistrarManagerImpl/]: Registry entry listened Registry Entry [minecraft:item / biomemakeover:purple_glowshroom_block] was not realized!
[12Aug2024 14:45:52.609] [Render thread/WARN] [dev.architectury.registry.registries.forge.RegistrarManagerImpl/]: Registry entry listened Registry Entry [minecraft:item / biomemakeover:willow_trapdoor] was not realized!
[12Aug2024 14:45:52.610] [Render thread/WARN] [dev.architectury.registry.registries.forge.RegistrarManagerImpl/]: Registry entry listened Registry Entry [minecraft:item / biomemakeover:cladded_chestplate] was not realized!
[12Aug2024 14:45:52.610] [Render thread/WARN] [dev.architectury.registry.registries.forge.RegistrarManagerImpl/]: Registry entry listened Registry Entry [minecraft:item / biomemakeover:glowshroom_stem_brick] was not realized!
[12Aug2024 14:45:52.610] [Render thread/WARN] [dev.architectury.registry.registries.forge.RegistrarManagerImpl/]: Registry entry listened Registry Entry [minecraft:item / biomemakeover:swamp_cypress_leaves] was not realized!
[12Aug2024 14:45:52.610] [Render thread/WARN] [dev.architectury.registry.registries.forge.RegistrarManagerImpl/]: Registry entry listened Registry Entry [minecraft:item / biomemakeover:stripped_willow_log] was not realized!
[12Aug2024 14:45:52.610] [Render thread/WARN] [dev.architectury.registry.registries.forge.RegistrarManagerImpl/]: Registry entry listened Registry Entry [minecraft:item / biomemakeover:green_terracotta_brick_wall] was not realized!
[12Aug2024 14:45:52.610] [Render thread/WARN] [dev.architectury.registry.registries.forge.RegistrarManagerImpl/]: Registry entry listened Registry Entry [minecraft:item / biomemakeover:blighted_stone_bricks_slab] was not realized!
[12Aug2024 14:45:52.610] [Render thread/WARN] [dev.architectury.registry.registries.forge.RegistrarManagerImpl/]: Registry entry listened Registry Entry [minecraft:item / biomemakeover:blue_terracotta_brick_slab] was not realized!
[12Aug2024 14:45:52.610] [Render thread/WARN] [dev.architectury.registry.registries.forge.RegistrarManagerImpl/]: Registry entry listened Registry Entry [minecraft:item / biomemakeover:blighted_balsa_door] was not realized!
[12Aug2024 14:45:52.610] [Render thread/WARN] [dev.architectury.registry.registries.forge.RegistrarManagerImpl/]: Registry entry listened Registry Entry [minecraft:item / biomemakeover:purple_terracotta_bricks] was not realized!
[12Aug2024 14:45:52.610] [Render thread/WARN] [dev.architectury.registry.registries.forge.RegistrarManagerImpl/]: Registry entry listened Registry Entry [minecraft:item / biomemakeover:pink_tapestry] was not realized!
[12Aug2024 14:45:52.610] [Render thread/WARN] [dev.architectury.registry.registries.forge.RegistrarManagerImpl/]: Registry entry listened Registry Entry [minecraft:item / biomemakeover:scuttler_spawn_egg] was not realized!
[12Aug2024 14:45:52.610] [Render thread/WARN] [dev.architectury.registry.registries.forge.RegistrarManagerImpl/]: Registry entry listened Registry Entry [minecraft:item / biomemakeover:white_terracotta_bricks] was not realized!
[12Aug2024 14:45:52.610] [Render thread/WARN] [dev.architectury.registry.registries.forge.RegistrarManagerImpl/]: Registry entry listened Registry Entry [minecraft:item / biomemakeover:stunt_powder] was not realized!
[12Aug2024 14:45:52.610] [Render thread/WARN] [dev.architectury.registry.registries.forge.RegistrarManagerImpl/]: Registry entry listened Registry Entry [minecraft:item / biomemakeover:blighted_balsa_trapdoor] was not realized!
[12Aug2024 14:45:52.610] [Render thread/WARN] [dev.architectury.registry.registries.forge.RegistrarManagerImpl/]: Registry entry listened Registry Entry [minecraft:item / biomemakeover:refined_pottery_sherd] was not realized!
[12Aug2024 14:45:52.610] [Render thread/WARN] [dev.architectury.registry.registries.forge.RegistrarManagerImpl/]: Registry entry listened Registry Entry [minecraft:item / biomemakeover:cladded_helmet] was not realized!
[12Aug2024 14:45:52.610] [Render thread/WARN] [dev.architectury.registry.registries.forge.RegistrarManagerImpl/]: Registry entry listened Registry Entry [minecraft:item / biomemakeover:green_terracotta_bricks] was not realized!
[12Aug2024 14:45:52.610] [Render thread/WARN] [dev.architectury.registry.registries.forge.RegistrarManagerImpl/]: Registry entry listened Registry Entry [minecraft:item / biomemakeover:bat_wing] was not realized!
[12Aug2024 14:45:52.610] [Render thread/WARN] [dev.architectury.registry.registries.forge.RegistrarManagerImpl/]: Registry entry listened Registry Entry [minecraft:item / biomemakeover:bulbus_root] was not realized!
[12Aug2024 14:45:52.610] [Render thread/WARN] [dev.architectury.registry.registries.forge.RegistrarManagerImpl/]: Registry entry listened Registry Entry [minecraft:item / biomemakeover:willow_stairs] was not realized!
[12Aug2024 14:45:52.611] [Render thread/WARN] [dev.architectury.registry.registries.forge.RegistrarManagerImpl/]: Registry entry listened Registry Entry [minecraft:item / biomemakeover:cyan_terracotta_brick_wall] was not realized!
[12Aug2024 14:45:52.611] [Render thread/WARN] [dev.architectury.registry.registries.forge.RegistrarManagerImpl/]: Registry entry listened Registry Entry [minecraft:item / biomemakeover:ghost_town_music_disk] was not realized!
[12Aug2024 14:45:52.611] [Render thread/WARN] [dev.architectury.registry.registries.forge.RegistrarManagerImpl/]: Registry entry listened Registry Entry [minecraft:item / biomemakeover:cracked_brick_stairs] was not realized!
[12Aug2024 14:45:52.611] [Render thread/WARN] [dev.architectury.registry.registries.forge.RegistrarManagerImpl/]: Registry entry listened Registry Entry [minecraft:item / biomemakeover:moth_spawn_egg] was not realized!
[12Aug2024 14:45:52.611] [Render thread/WARN] [dev.architectury.registry.registries.forge.RegistrarManagerImpl/]: Registry entry listened Registry Entry [minecraft:item / biomemakeover:raw_toad] was not realized!
[12Aug2024 14:45:52.611] [Render thread/WARN] [dev.architectury.registry.registries.forge.RegistrarManagerImpl/]: Registry entry listened Registry Entry [minecraft:item / biomemakeover:swamp_jives_music_disk] was not realized!
[12Aug2024 14:45:52.611] [Render thread/WARN] [dev.architectury.registry.registries.forge.RegistrarManagerImpl/]: Registry entry listened Registry Entry [minecraft:item / biomemakeover:purple_terracotta_brick_stairs] was not realized!
[12Aug2024 14:45:52.611] [Render thread/WARN] [dev.architectury.registry.registries.forge.RegistrarManagerImpl/]: Registry entry listened Registry Entry [minecraft:item / biomemakeover:blighted_cobblestone_stairs] was not realized!
[12Aug2024 14:45:52.611] [Render thread/WARN] [dev.architectury.registry.registries.forge.RegistrarManagerImpl/]: Registry entry listened Registry Entry [minecraft:item / biomemakeover:blighted_stone_bricks] was not realized!
[12Aug2024 14:45:52.611] [Render thread/WARN] [dev.architectury.registry.registries.forge.RegistrarManagerImpl/]: Registry entry listened Registry Entry [minecraft:item / biomemakeover:stripped_swamp_cypress_wood] was not realized!
[12Aug2024 14:45:52.611] [Render thread/WARN] [dev.architectury.registry.registries.forge.RegistrarManagerImpl/]: Registry entry listened Registry Entry [minecraft:item / biomemakeover:purple_terracotta_brick_wall] was not realized!
[12Aug2024 14:45:52.611] [Render thread/WARN] [dev.architectury.registry.registries.forge.RegistrarManagerImpl/]: Registry entry listened Registry Entry [minecraft:item / biomemakeover:glowshroom_stem_brick_stairs] was not realized!
[12Aug2024 14:45:52.611] [Render thread/WARN] [dev.architectury.registry.registries.forge.RegistrarManagerImpl/]: Registry entry listened Registry Entry [minecraft:item / biomemakeover:willow_slab] was not realized!
[12Aug2024 14:45:52.611] [Render thread/WARN] [dev.architectury.registry.registries.forge.RegistrarManagerImpl/]: Registry entry listened Registry Entry [minecraft:item / biomemakeover:mossy_dried_peat_brick_stairs] was not realized!
[12Aug2024 14:45:52.611] [Render thread/WARN] [dev.architectury.registry.registries.forge.RegistrarManagerImpl/]: Registry entry listened Registry Entry [minecraft:item / biomemakeover:orange_glowshroom_brick_wall] was not realized!
[12Aug2024 14:45:52.611] [Render thread/WARN] [dev.architectury.registry.registries.forge.RegistrarManagerImpl/]: Registry entry listened Registry Entry [minecraft:item / biomemakeover:stripped_swamp_cypress_log] was not realized!
[12Aug2024 14:45:52.611] [Render thread/WARN] [dev.architectury.registry.registries.forge.RegistrarManagerImpl/]: Registry entry listened Registry Entry [minecraft:item / biomemakeover:light_blue_terracotta_brick_stairs] was not realized!
[12Aug2024 14:45:52.611] [Render thread/WARN] [dev.architectury.registry.registries.forge.RegistrarManagerImpl/]: Registry entry listened Registry Entry [minecraft:item / biomemakeover:light_gray_terracotta_brick_wall] was not realized!
[12Aug2024 14:45:52.611] [Render thread/WARN] [dev.architectury.registry.registries.forge.RegistrarManagerImpl/]: Registry entry listened Registry Entry [minecraft:item / biomemakeover:cracked_dried_peat_bricks] was not realized!
[12Aug2024 14:45:52.611] [Render thread/WARN] [dev.architectury.registry.registries.forge.RegistrarManagerImpl/]: Registry entry listened Registry Entry [minecraft:item / biomemakeover:black_terracotta_brick_slab] was not realized!
[12Aug2024 14:45:52.611] [Render thread/WARN] [dev.architectury.registry.registries.forge.RegistrarManagerImpl/]: Registry entry listened Registry Entry [minecraft:item / biomemakeover:magenta_bud] was not realized!
[12Aug2024 14:45:52.611] [Render thread/WARN] [dev.architectury.registry.registries.forge.RegistrarManagerImpl/]: Registry entry listened Registry Entry [minecraft:item / biomemakeover:brown_terracotta_brick_stairs] was not realized!
[12Aug2024 14:45:52.612] [Render thread/WARN] [dev.architectury.registry.registries.forge.RegistrarManagerImpl/]: Registry entry listened Registry Entry [minecraft:item / biomemakeover:swamp_cypress_wood] was not realized!
[12Aug2024 14:45:52.612] [Render thread/WARN] [dev.architectury.registry.registries.forge.RegistrarManagerImpl/]: Registry entry listened Registry Entry [minecraft:item / biomemakeover:cracked_dried_peat_brick_stairs] was not realized!
[12Aug2024 14:45:52.612] [Render thread/WARN] [dev.architectury.registry.registries.forge.RegistrarManagerImpl/]: Registry entry listened Registry Entry [minecraft:item / biomemakeover:blighted_balsa_pressure_plate] was not realized!
[12Aug2024 14:45:52.612] [Render thread/WARN] [dev.architectury.registry.registries.forge.RegistrarManagerImpl/]: Registry entry listened Registry Entry [minecraft:item / biomemakeover:red_terracotta_bricks] was not realized!
[12Aug2024 14:45:52.612] [Render thread/WARN] [dev.architectury.registry.registries.forge.RegistrarManagerImpl/]: Registry entry listened Registry Entry [minecraft:item / biomemakeover:blighted_cobblestone_slab] was not realized!
[12Aug2024 14:45:52.612] [Render thread/WARN] [dev.architectury.registry.registries.forge.RegistrarManagerImpl/]: Registry entry listened Registry Entry [minecraft:item / biomemakeover:reed_thatch_stairs] was not realized!
[12Aug2024 14:45:52.612] [Render thread/WARN] [dev.architectury.registry.registries.forge.RegistrarManagerImpl/]: Registry entry listened Registry Entry [minecraft:item / biomemakeover:buttonbush] was not realized!
[12Aug2024 14:45:52.612] [Render thread/WARN] [dev.architectury.registry.registries.forge.RegistrarManagerImpl/]: Registry entry listened Registry Entry [minecraft:item / biomemakeover:light_blue_terracotta_bricks] was not realized!
[12Aug2024 14:45:52.612] [Render thread/WARN] [dev.architectury.registry.registries.forge.RegistrarManagerImpl/]: Registry entry listened Registry Entry [minecraft:item / biomemakeover:ancient_oak_wood] was not realized!
[12Aug2024 14:45:52.612] [Render thread/WARN] [dev.architectury.registry.registries.forge.RegistrarManagerImpl/]: Registry entry listened Registry Entry [minecraft:item / biomemakeover:lime_terracotta_brick_slab] was not realized!
[12Aug2024 14:45:52.612] [Render thread/WARN] [dev.architectury.registry.registries.forge.RegistrarManagerImpl/]: Registry entry listened Registry Entry [minecraft:item / biomemakeover:red_terracotta_brick_slab] was not realized!
[12Aug2024 14:45:52.612] [Render thread/WARN] [dev.architectury.registry.registries.forge.RegistrarManagerImpl/]: Registry entry listened Registry Entry [minecraft:item / biomemakeover:small_lily_pad] was not realized!
[12Aug2024 14:45:52.612] [Render thread/WARN] [dev.architectury.registry.registries.forge.RegistrarManagerImpl/]: Registry entry listened Registry Entry [minecraft:item / biomemakeover:purple_glowshroom_brick] was not realized!
[12Aug2024 14:45:52.612] [Render thread/WARN] [dev.architectury.registry.registries.forge.RegistrarManagerImpl/]: Registry entry listened Registry Entry [minecraft:item / biomemakeover:gray_bud] was not realized!
[12Aug2024 14:45:52.612] [Render thread/WARN] [dev.architectury.registry.registries.forge.RegistrarManagerImpl/]: Registry entry listened Registry Entry [minecraft:item / biomemakeover:polished_mesmerite_wall] was not realized!
[12Aug2024 14:45:52.612] [Render thread/WARN] [dev.architectury.registry.registries.forge.RegistrarManagerImpl/]: Registry entry listened Registry Entry [minecraft:item / biomemakeover:gray_terracotta_brick_wall] was not realized!
[12Aug2024 14:45:52.612] [Render thread/WARN] [dev.architectury.registry.registries.forge.RegistrarManagerImpl/]: Registry entry listened Registry Entry [minecraft:item / biomemakeover:purple_glowshroom] was not realized!
[12Aug2024 14:45:52.612] [Render thread/WARN] [dev.architectury.registry.registries.forge.RegistrarManagerImpl/]: Registry entry listened Registry Entry [minecraft:item / biomemakeover:foxglove] was not realized!
[12Aug2024 14:45:52.612] [Render thread/WARN] [dev.architectury.registry.registries.forge.RegistrarManagerImpl/]: Registry entry listened Registry Entry [minecraft:item / biomemakeover:red_mushroom_brick_stairs] was not realized!
[12Aug2024 14:45:52.613] [Render thread/WARN] [dev.architectury.registry.registries.forge.RegistrarManagerImpl/]: Registry entry listened Registry Entry [minecraft:item / biomemakeover:blighted_balsa_fence_gate] was not realized!
[12Aug2024 14:45:52.613] [Render thread/WARN] [dev.architectury.registry.registries.forge.RegistrarManagerImpl/]: Registry entry listened Registry Entry [minecraft:item / biomemakeover:dried_peat_bricks] was not realized!
[12Aug2024 14:45:52.613] [Render thread/WARN] [dev.architectury.registry.registries.forge.RegistrarManagerImpl/]: Registry entry listened Registry Entry [minecraft:item / biomemakeover:glowshroom_stem_brick_wall] was not realized!
[12Aug2024 14:45:52.613] [Render thread/WARN] [dev.architectury.registry.registries.forge.RegistrarManagerImpl/]: Registry entry listened Registry Entry [minecraft:item / biomemakeover:cooked_toad] was not realized!
[12Aug2024 14:45:52.613] [Render thread/WARN] [dev.architectury.registry.registries.forge.RegistrarManagerImpl/]: Registry entry listened Registry Entry [minecraft:item / biomemakeover:willow_log] was not realized!
[12Aug2024 14:45:52.613] [Render thread/WARN] [dev.architectury.registry.registries.forge.RegistrarManagerImpl/]: Registry entry listened Registry Entry [minecraft:item / biomemakeover:illunite_shard] was not realized!
[12Aug2024 14:45:52.613] [Render thread/WARN] [dev.architectury.registry.registries.forge.RegistrarManagerImpl/]: Registry entry listened Registry Entry [minecraft:item / biomemakeover:ancient_oak_stairs] was not realized!
[12Aug2024 14:45:52.613] [Render thread/WARN] [dev.architectury.registry.registries.forge.RegistrarManagerImpl/]: Registry entry listened Registry Entry [minecraft:item / biomemakeover:yellow_terracotta_brick_slab] was not realized!
[12Aug2024 14:45:52.613] [Render thread/WARN] [dev.architectury.registry.registries.forge.RegistrarManagerImpl/]: Registry entry listened Registry Entry [minecraft:item / biomemakeover:brown_terracotta_brick_slab] was not realized!
[12Aug2024 14:45:52.613] [Render thread/WARN] [dev.architectury.registry.registries.forge.RegistrarManagerImpl/]: Registry entry listened Registry Entry [minecraft:item / biomemakeover:green_glowshroom_brick_stairs] was not realized!
[12Aug2024 14:45:52.613] [Render thread/WARN] [dev.architectury.registry.registries.forge.RegistrarManagerImpl/]: Registry entry listened Registry Entry [minecraft:item / biomemakeover:owl_spawn_egg] was not realized!
[12Aug2024 14:45:52.613] [Render thread/WARN] [dev.architectury.registry.registries.forge.RegistrarManagerImpl/]: Registry entry listened Registry Entry [minecraft:item / biomemakeover:glowfish_spawn_egg] was not realized!
[12Aug2024 14:45:52.613] [Render thread/WARN] [dev.architectury.registry.registries.forge.RegistrarManagerImpl/]: Registry entry listened Registry Entry [minecraft:item / biomemakeover:black_terracotta_brick_wall] was not realized!
[12Aug2024 14:45:52.613] [Render thread/WARN] [dev.architectury.registry.registries.forge.RegistrarManagerImpl/]: Registry entry listened Registry Entry [minecraft:item / biomemakeover:willow_pressure_plate] was not realized!
[12Aug2024 14:45:52.613] [Render thread/WARN] [dev.architectury.registry.registries.forge.RegistrarManagerImpl/]: Registry entry listened Registry Entry [minecraft:item / biomemakeover:mossy_peat] was not realized!
[12Aug2024 14:45:52.613] [Render thread/WARN] [dev.architectury.registry.registries.forge.RegistrarManagerImpl/]: Registry entry listened Registry Entry [minecraft:item / biomemakeover:crab_chowder] was not realized!
[12Aug2024 14:45:52.613] [Render thread/WARN] [dev.architectury.registry.registries.forge.RegistrarManagerImpl/]: Registry entry listened Registry Entry [minecraft:item / biomemakeover:green_glowshroom_block] was not realized!
[12Aug2024 14:45:52.613] [Render thread/WARN] [dev.architectury.registry.registries.forge.RegistrarManagerImpl/]: Registry entry listened Registry Entry [minecraft:item / biomemakeover:orange_glowshroom_brick] was not realized!
[12Aug2024 14:45:52.613] [Render thread/WARN] [dev.architectury.registry.registries.forge.RegistrarManagerImpl/]: Registry entry listened Registry Entry [minecraft:item / biomemakeover:black_thistle] was not realized!
[12Aug2024 14:45:52.614] [Render thread/WARN] [dev.architectury.registry.registries.forge.RegistrarManagerImpl/]: Registry entry listened Registry Entry [minecraft:item / biomemakeover:mossy_dried_peat_brick_wall] was not realized!
[12Aug2024 14:45:52.614] [Render thread/WARN] [dev.architectury.registry.registries.forge.RegistrarManagerImpl/]: Registry entry listened Registry Entry [minecraft:item / biomemakeover:cracked_brick_wall] was not realized!
[12Aug2024 14:45:52.614] [Render thread/WARN] [dev.architectury.registry.registries.forge.RegistrarManagerImpl/]: Registry entry listened Registry Entry [minecraft:item / biomemakeover:brown_bud] was not realized!
[12Aug2024 14:45:52.614] [Render thread/WARN] [dev.architectury.registry.registries.forge.RegistrarManagerImpl/]: Registry entry listened Registry Entry [minecraft:item / biomemakeover:ancient_oak_slab] was not realized!
[12Aug2024 14:45:52.614] [Render thread/WARN] [dev.architectury.registry.registries.forge.RegistrarManagerImpl/]: Registry entry listened Registry Entry [minecraft:item / biomemakeover:tall_brown_mushroom] was not realized!
[12Aug2024 14:45:52.614] [Render thread/WARN] [dev.architectury.registry.registries.forge.RegistrarManagerImpl/]: Registry entry listened Registry Entry [minecraft:item / biomemakeover:cooked_glowfish] was not realized!
[12Aug2024 14:45:52.614] [Render thread/WARN] [dev.architectury.registry.registries.forge.RegistrarManagerImpl/]: Registry entry listened Registry Entry [minecraft:item / biomemakeover:orange_terracotta_bricks] was not realized!
[12Aug2024 14:45:52.614] [Render thread/WARN] [dev.architectury.registry.registries.forge.RegistrarManagerImpl/]: Registry entry listened Registry Entry [minecraft:item / biomemakeover:rootling_spawn_egg] was not realized!
[12Aug2024 14:45:52.614] [Render thread/WARN] [dev.architectury.registry.registries.forge.RegistrarManagerImpl/]: Registry entry listened Registry Entry [minecraft:item / biomemakeover:light_gray_terracotta_brick_stairs] was not realized!
[12Aug2024 14:45:52.614] [Render thread/WARN] [dev.architectury.registry.registries.forge.RegistrarManagerImpl/]: Registry entry listened Registry Entry [minecraft:item / biomemakeover:red_rose_music_disk] was not realized!
[12Aug2024 14:45:52.614] [Render thread/WARN] [dev.architectury.registry.registries.forge.RegistrarManagerImpl/]: Registry entry listened Registry Entry [minecraft:item / biomemakeover:cladded_leggings] was not realized!
[12Aug2024 14:45:52.614] [Render thread/WARN] [dev.architectury.registry.registries.forge.RegistrarManagerImpl/]: Registry entry listened Registry Entry [minecraft:item / biomemakeover:stripped_willow_wood] was not realized!
[12Aug2024 14:45:52.614] [Render thread/WARN] [dev.architectury.registry.registries.forge.RegistrarManagerImpl/]: Registry entry listened Registry Entry [minecraft:item / biomemakeover:magenta_terracotta_brick_stairs] was not realized!
[12Aug2024 14:45:52.614] [Render thread/WARN] [dev.architectury.registry.registries.forge.RegistrarManagerImpl/]: Registry entry listened Registry Entry [minecraft:item / biomemakeover:cladded_boots] was not realized!
[12Aug2024 14:45:52.614] [Render thread/WARN] [dev.architectury.registry.registries.forge.RegistrarManagerImpl/]: Registry entry listened Registry Entry [minecraft:item / biomemakeover:blightbat_wing] was not realized!
[12Aug2024 14:45:52.614] [Render thread/WARN] [dev.architectury.registry.registries.forge.RegistrarManagerImpl/]: Registry entry listened Registry Entry [minecraft:item / biomemakeover:willow_sapling] was not realized!
[12Aug2024 14:45:52.614] [Render thread/WARN] [dev.architectury.registry.registries.forge.RegistrarManagerImpl/]: Registry entry listened Registry Entry [minecraft:item / biomemakeover:mushroom_stem_brick_stairs] was not realized!
[12Aug2024 14:45:52.614] [Render thread/WARN] [dev.architectury.registry.registries.forge.RegistrarManagerImpl/]: Registry entry listened Registry Entry [minecraft:item / biomemakeover:barrel_cactus_flowered] was not realized!
[12Aug2024 14:45:52.614] [Render thread/WARN] [dev.architectury.registry.registries.forge.RegistrarManagerImpl/]: Registry entry listened Registry Entry [minecraft:item / biomemakeover:orange_glowshroom_block] was not realized!
[12Aug2024 14:45:52.614] [Render thread/WARN] [dev.architectury.registry.registries.forge.RegistrarManagerImpl/]: Registry entry listened Registry Entry [minecraft:item / biomemakeover:pink_terracotta_bricks] was not realized!
[12Aug2024 14:45:52.615] [Render thread/WARN] [dev.architectury.registry.registries.forge.RegistrarManagerImpl/]: Registry entry listened Registry Entry [minecraft:item / biomemakeover:stripped_ancient_oak_log] was not realized!
[12Aug2024 14:45:52.615] [Render thread/WARN] [dev.architectury.registry.registries.forge.RegistrarManagerImpl/]: Registry entry listened Registry Entry [minecraft:item / biomemakeover:swamp_cypress_sapling] was not realized!
[12Aug2024 14:45:52.615] [Render thread/WARN] [dev.architectury.registry.registries.forge.RegistrarManagerImpl/]: Registry entry listened Registry Entry [minecraft:item / biomemakeover:illunite_block] was not realized!
[12Aug2024 14:45:52.615] [Render thread/WARN] [dev.architectury.registry.registries.forge.RegistrarManagerImpl/]: Registry entry listened Registry Entry [minecraft:item / biomemakeover:blighted_cobblestone] was not realized!
[12Aug2024 14:45:52.615] [Render thread/WARN] [dev.architectury.registry.registries.forge.RegistrarManagerImpl/]: Registry entry listened Registry Entry [minecraft:item / biomemakeover:poltergeist] was not realized!
[12Aug2024 14:45:52.615] [Render thread/WARN] [dev.architectury.registry.registries.forge.RegistrarManagerImpl/]: Registry entry listened Registry Entry [minecraft:item / biomemakeover:light_blue_terracotta_brick_slab] was not realized!
[12Aug2024 14:45:52.615] [Render thread/WARN] [dev.architectury.registry.registries.forge.RegistrarManagerImpl/]: Registry entry listened Registry Entry [minecraft:item / biomemakeover:wart] was not realized!
[12Aug2024 14:45:52.615] [Render thread/WARN] [dev.architectury.registry.registries.forge.RegistrarManagerImpl/]: Registry entry listened Registry Entry [minecraft:item / biomemakeover:red_terracotta_brick_stairs] was not realized!
[12Aug2024 14:45:52.615] [Render thread/WARN] [dev.architectury.registry.registries.forge.RegistrarManagerImpl/]: Registry entry listened Registry Entry [minecraft:item / biomemakeover:lime_tapestry] was not realized!
[12Aug2024 14:45:52.615] [Render thread/WARN] [dev.architectury.registry.registries.forge.RegistrarManagerImpl/]: Registry entry listened Registry Entry [minecraft:item / biomemakeover:cyan_terracotta_bricks] was not realized!
[12Aug2024 14:45:52.615] [Render thread/WARN] [dev.architectury.registry.registries.forge.RegistrarManagerImpl/]: Registry entry listened Registry Entry [minecraft:item / biomemakeover:blighted_balsa_slab] was not realized!
[12Aug2024 14:45:52.615] [Render thread/WARN] [dev.architectury.registry.registries.forge.RegistrarManagerImpl/]: Registry entry listened Registry Entry [minecraft:item / biomemakeover:stripped_blighted_balsa_wood] was not realized!
[12Aug2024 14:45:52.615] [Render thread/WARN] [dev.architectury.registry.registries.forge.RegistrarManagerImpl/]: Registry entry listened Registry Entry [minecraft:item / biomemakeover:light_gray_terracotta_brick_slab] was not realized!
[12Aug2024 14:45:52.615] [Render thread/WARN] [dev.architectury.registry.registries.forge.RegistrarManagerImpl/]: Registry entry listened Registry Entry [minecraft:item / biomemakeover:red_mushroom_brick] was not realized!
[12Aug2024 14:45:52.615] [Render thread/WARN] [dev.architectury.registry.registries.forge.RegistrarManagerImpl/]: Registry entry listened Registry Entry [minecraft:item / biomemakeover:dried_peat_bricks_wall] was not realized!
[12Aug2024 14:45:52.615] [Render thread/WARN] [dev.architectury.registry.registries.forge.RegistrarManagerImpl/]: Registry entry listened Registry Entry [minecraft:item / biomemakeover:magenta_tapestry] was not realized!
[12Aug2024 14:45:52.615] [Render thread/WARN] [dev.architectury.registry.registries.forge.RegistrarManagerImpl/]: Registry entry listened Registry Entry [minecraft:item / biomemakeover:tadpole_bucket] was not realized!
[12Aug2024 14:45:52.615] [Render thread/WARN] [dev.architectury.registry.registries.forge.RegistrarManagerImpl/]: Registry entry listened Registry Entry [minecraft:item / biomemakeover:brown_mushroom_brick] was not realized!
[12Aug2024 14:45:52.615] [Render thread/WARN] [dev.architectury.registry.registries.forge.RegistrarManagerImpl/]: Registry entry listened Registry Entry [minecraft:item / biomemakeover:reed] was not realized!
[12Aug2024 14:45:52.615] [Render thread/WARN] [dev.architectury.registry.registries.forge.RegistrarManagerImpl/]: Registry entry listened Registry Entry [minecraft:item / biomemakeover:green_terracotta_brick_slab] was not realized!
[12Aug2024 14:45:52.615] [Render thread/WARN] [dev.architectury.registry.registries.forge.RegistrarManagerImpl/]: Registry entry listened Registry Entry [minecraft:item / biomemakeover:blighted_balsa_stairs] was not realized!
[12Aug2024 14:45:52.616] [Render thread/WARN] [dev.architectury.registry.registries.forge.RegistrarManagerImpl/]: Registry entry listened Registry Entry [minecraft:item / biomemakeover:cracked_bricks] was not realized!
[12Aug2024 14:45:52.616] [Render thread/WARN] [dev.architectury.registry.registries.forge.RegistrarManagerImpl/]: Registry entry listened Registry Entry [minecraft:item / biomemakeover:tadpole_spawn_egg] was not realized!
[12Aug2024 14:45:52.616] [Render thread/WARN] [dev.architectury.registry.registries.forge.RegistrarManagerImpl/]: Registry entry listened Registry Entry [minecraft:item / biomemakeover:ancient_oak_fence_gate] was not realized!
[12Aug2024 14:45:52.616] [Render thread/WARN] [dev.architectury.registry.registries.forge.RegistrarManagerImpl/]: Registry entry listened Registry Entry [minecraft:item / biomemakeover:white_terracotta_brick_slab] was not realized!
[12Aug2024 14:45:52.616] [Render thread/WARN] [dev.architectury.registry.registries.forge.RegistrarManagerImpl/]: Registry entry listened Registry Entry [minecraft:item / biomemakeover:ancient_oak_door] was not realized!
[12Aug2024 14:45:52.616] [Render thread/WARN] [dev.architectury.registry.registries.forge.RegistrarManagerImpl/]: Registry entry listened Registry Entry [minecraft:item / biomemakeover:blue_terracotta_bricks] was not realized!
[12Aug2024 14:45:52.616] [Render thread/WARN] [dev.architectury.registry.registries.forge.RegistrarManagerImpl/]: Registry entry listened Registry Entry [minecraft:item / biomemakeover:blue_terracotta_brick_wall] was not realized!
[12Aug2024 14:45:52.616] [Render thread/WARN] [dev.architectury.registry.registries.forge.RegistrarManagerImpl/]: Registry entry listened Registry Entry [minecraft:item / biomemakeover:dragonfly_spawn_egg] was not realized!
[12Aug2024 14:45:52.616] [Render thread/WARN] [dev.architectury.registry.registries.forge.RegistrarManagerImpl/]: Registry entry listened Registry Entry [minecraft:item / biomemakeover:saguaro_cactus] was not realized!
[12Aug2024 14:45:52.616] [Render thread/WARN] [dev.architectury.registry.registries.forge.RegistrarManagerImpl/]: Registry entry listened Registry Entry [minecraft:item / biomemakeover:toad_spawn_egg] was not realized!
[12Aug2024 14:45:52.616] [Render thread/WARN] [dev.architectury.registry.registries.forge.RegistrarManagerImpl/]: Registry entry listened Registry Entry [minecraft:item / biomemakeover:orange_terracotta_brick_slab] was not realized!
[12Aug2024 14:45:52.616] [Render thread/WARN] [dev.architectury.registry.registries.forge.RegistrarManagerImpl/]: Registry entry listened Registry Entry [minecraft:item / biomemakeover:directional_data] was not realized!
[12Aug2024 14:45:52.616] [Render thread/WARN] [dev.architectury.registry.registries.forge.RegistrarManagerImpl/]: Registry entry listened Registry Entry [minecraft:item / biomemakeover:brown_mushroom_brick_wall] was not realized!
[12Aug2024 14:45:52.616] [Render thread/WARN] [dev.architectury.registry.registries.forge.RegistrarManagerImpl/]: Registry entry listened Registry Entry [minecraft:item / biomemakeover:purple_terracotta_brick_slab] was not realized!
[12Aug2024 14:45:52.616] [Render thread/WARN] [dev.architectury.registry.registries.forge.RegistrarManagerImpl/]: Registry entry listened Registry Entry [minecraft:item / biomemakeover:mushroom_trader_spawn_egg] was not realized!
[12Aug2024 14:45:52.616] [Render thread/WARN] [dev.architectury.registry.registries.forge.RegistrarManagerImpl/]: Registry entry listened Registry Entry [minecraft:item / biomemakeover:ancient_oak_fence] was not realized!
[12Aug2024 14:45:52.616] [Render thread/WARN] [dev.architectury.registry.registries.forge.RegistrarManagerImpl/]: Registry entry listened Registry Entry [minecraft:item / biomemakeover:suspicious_red_sand] was not realized!
[12Aug2024 14:45:52.616] [Render thread/WARN] [dev.architectury.registry.registries.forge.RegistrarManagerImpl/]: Registry entry listened Registry Entry [minecraft:item / biomemakeover:magenta_terracotta_brick_slab] was not realized!
[12Aug2024 14:45:52.616] [Render thread/WARN] [dev.architectury.registry.registries.forge.RegistrarManagerImpl/]: Registry entry listened Registry Entry [minecraft:item / biomemakeover:yellow_terracotta_brick_stairs] was not realized!
[12Aug2024 14:45:52.616] [Render thread/WARN] [dev.architectury.registry.registries.forge.RegistrarManagerImpl/]: Registry entry listened Registry Entry [minecraft:item / biomemakeover:cyan_terracotta_brick_slab] was not realized!
[12Aug2024 14:45:52.617] [Render thread/WARN] [dev.architectury.registry.registries.forge.RegistrarManagerImpl/]: Registry entry listened Registry Entry [minecraft:item / biomemakeover:budding_illunite] was not realized!
[12Aug2024 14:45:52.617] [Render thread/WARN] [dev.architectury.registry.registries.forge.RegistrarManagerImpl/]: Registry entry listened Registry Entry [minecraft:item / biomemakeover:blighted_balsa_button] was not realized!
[12Aug2024 14:45:52.617] [Render thread/WARN] [dev.architectury.registry.registries.forge.RegistrarManagerImpl/]: Registry entry listened Registry Entry [minecraft:item / biomemakeover:dried_peat_bricks_stairs] was not realized!
[12Aug2024 14:45:52.617] [Render thread/WARN] [dev.architectury.registry.registries.forge.RegistrarManagerImpl/]: Registry entry listened Registry Entry [minecraft:item / biomemakeover:brown_tapestry] was not realized!
[12Aug2024 14:45:52.617] [Render thread/WARN] [dev.architectury.registry.registries.forge.RegistrarManagerImpl/]: Registry entry listened Registry Entry [minecraft:item / biomemakeover:light_blue_bud] was not realized!
[12Aug2024 14:45:52.617] [Render thread/WARN] [dev.architectury.registry.registries.forge.RegistrarManagerImpl/]: Registry entry listened Registry Entry [minecraft:item / biomemakeover:pink_terracotta_brick_stairs] was not realized!
[12Aug2024 14:45:52.617] [Render thread/WARN] [dev.architectury.registry.registries.forge.RegistrarManagerImpl/]: Registry entry listened Registry Entry [minecraft:item / biomemakeover:glowfish] was not realized!
[12Aug2024 14:45:52.617] [Render thread/WARN] [dev.architectury.registry.registries.forge.RegistrarManagerImpl/]: Registry entry listened Registry Entry [minecraft:item / biomemakeover:reed_thatch] was not realized!
[12Aug2024 14:45:52.617] [Render thread/WARN] [dev.architectury.registry.registries.forge.RegistrarManagerImpl/]: Registry entry listened Registry Entry [minecraft:item / biomemakeover:red_mushroom_brick_wall] was not realized!
[12Aug2024 14:45:52.617] [Render thread/WARN] [dev.architectury.registry.registries.forge.RegistrarManagerImpl/]: Registry entry listened Registry Entry [minecraft:item / biomemakeover:cracked_dried_peat_brick_slab] was not realized!
[12Aug2024 14:45:52.617] [Render thread/WARN] [dev.architectury.registry.registries.forge.RegistrarManagerImpl/]: Registry entry listened Registry Entry [minecraft:item / biomemakeover:cattail] was not realized!
[12Aug2024 14:45:52.617] [Render thread/WARN] [dev.architectury.registry.registries.forge.RegistrarManagerImpl/]: Registry entry listened Registry Entry [minecraft:item / biomemakeover:ancient_oak_button] was not realized!
[12Aug2024 14:45:52.617] [Render thread/WARN] [dev.architectury.registry.registries.forge.RegistrarManagerImpl/]: Registry entry listened Registry Entry [minecraft:item / biomemakeover:mesmerite] was not realized!
[12Aug2024 14:45:52.617] [Render thread/WARN] [dev.architectury.registry.registries.forge.RegistrarManagerImpl/]: Registry entry listened Registry Entry [minecraft:item / biomemakeover:mushroom_stem_brick_slab] was not realized!
[12Aug2024 14:45:52.617] [Render thread/WARN] [dev.architectury.registry.registries.forge.RegistrarManagerImpl/]: Registry entry listened Registry Entry [minecraft:item / biomemakeover:ectoplasm] was not realized!
[12Aug2024 14:45:52.617] [Render thread/WARN] [dev.architectury.registry.registries.forge.RegistrarManagerImpl/]: Registry entry listened Registry Entry [minecraft:item / biomemakeover:blighted_balsa_sapling] was not realized!
[12Aug2024 14:45:52.617] [Render thread/WARN] [dev.architectury.registry.registries.forge.RegistrarManagerImpl/]: Registry entry listened Registry Entry [minecraft:item / biomemakeover:button_mushrooms_music_disk] was not realized!
[12Aug2024 14:45:52.617] [Render thread/WARN] [dev.architectury.registry.registries.forge.RegistrarManagerImpl/]: Registry entry listened Registry Entry [minecraft:item / biomemakeover:soul_embers] was not realized!
[12Aug2024 14:45:52.617] [Render thread/WARN] [dev.architectury.registry.registries.forge.RegistrarManagerImpl/]: Registry entry listened Registry Entry [minecraft:item / biomemakeover:orange_glowshroom_brick_stairs] was not realized!
[12Aug2024 14:45:52.618] [Render thread/WARN] [dev.architectury.registry.registries.forge.RegistrarManagerImpl/]: Registry entry listened Registry Entry [minecraft:item / biomemakeover:pink_bud] was not realized!
[12Aug2024 14:45:52.618] [Render thread/WARN] [dev.architectury.registry.registries.forge.RegistrarManagerImpl/]: Registry entry listened Registry Entry [minecraft:item / biomemakeover:helmit_crab_spawn_egg] was not realized!
[12Aug2024 14:45:52.618] [Render thread/WARN] [dev.architectury.registry.registries.forge.RegistrarManagerImpl/]: Registry entry listened Registry Entry [minecraft:item / biomemakeover:blighted_balsa_planks] was not realized!
[12Aug2024 14:45:52.618] [Render thread/WARN] [dev.architectury.registry.registries.forge.RegistrarManagerImpl/]: Registry entry listened Registry Entry [minecraft:item / biomemakeover:ancient_oak_leaves] was not realized!
[12Aug2024 14:45:52.618] [Render thread/WARN] [dev.architectury.registry.registries.forge.RegistrarManagerImpl/]: Registry entry listened Registry Entry [minecraft:item / biomemakeover:polished_mesmerite_slab] was not realized!
[12Aug2024 14:45:52.618] [Render thread/WARN] [dev.architectury.registry.registries.forge.RegistrarManagerImpl/]: Registry entry listened Registry Entry [minecraft:item / biomemakeover:blightbat_spawn_egg] was not realized!
[12Aug2024 14:45:52.618] [Render thread/WARN] [dev.architectury.registry.registries.forge.RegistrarManagerImpl/]: Registry entry listened Registry Entry [minecraft:item / biomemakeover:peat_farmland] was not realized!
[12Aug2024 14:45:52.618] [Render thread/WARN] [dev.architectury.registry.registries.forge.RegistrarManagerImpl/]: Registry entry listened Registry Entry [minecraft:item / biomemakeover:black_tapestry] was not realized!
[12Aug2024 14:45:52.618] [Render thread/WARN] [dev.architectury.registry.registries.forge.RegistrarManagerImpl/]: Registry entry listened Registry Entry [minecraft:item / biomemakeover:magenta_terracotta_brick_wall] was not realized!
[12Aug2024 14:45:52.618] [Render thread/WARN] [dev.architectury.registry.registries.forge.RegistrarManagerImpl/]: Registry entry listened Registry Entry [minecraft:item / biomemakeover:glowshroom_stew] was not realized!
[12Aug2024 14:45:52.618] [Render thread/WARN] [dev.architectury.registry.registries.forge.RegistrarManagerImpl/]: Registry entry listened Registry Entry [minecraft:item / biomemakeover:pink_terracotta_brick_slab] was not realized!
[12Aug2024 14:45:52.618] [Render thread/WARN] [dev.architectury.registry.registries.forge.RegistrarManagerImpl/]: Registry entry listened Registry Entry [minecraft:item / biomemakeover:swamp_cypress_pressure_plate] was not realized!
[12Aug2024 14:45:52.618] [Render thread/WARN] [dev.architectury.registry.registries.forge.RegistrarManagerImpl/]: Registry entry listened Registry Entry [minecraft:item / biomemakeover:wild_mushrooms] was not realized!
[12Aug2024 14:45:52.618] [Render thread/WARN] [dev.architectury.registry.registries.forge.RegistrarManagerImpl/]: Registry entry listened Registry Entry [minecraft:item / biomemakeover:cladding_upgrade_smithing_template] was not realized!
[12Aug2024 14:45:52.618] [Render thread/WARN] [dev.architectury.registry.registries.forge.RegistrarManagerImpl/]: Registry entry listened Registry Entry [minecraft:item / biomemakeover:decayed_spawn_egg] was not realized!
[12Aug2024 14:45:52.618] [Render thread/WARN] [dev.architectury.registry.registries.forge.RegistrarManagerImpl/]: Registry entry listened Registry Entry [minecraft:item / biomemakeover:mesmerite_wall] was not realized!
[12Aug2024 14:45:52.618] [Render thread/WARN] [dev.architectury.registry.registries.forge.RegistrarManagerImpl/]: Registry entry listened Registry Entry [minecraft:item / biomemakeover:light_blue_tapestry] was not realized!
[12Aug2024 14:45:52.618] [Render thread/WARN] [dev.architectury.registry.registries.forge.RegistrarManagerImpl/]: Registry entry listened Registry Entry [minecraft:item / biomemakeover:water_lily] was not realized!
[12Aug2024 14:45:52.618] [Render thread/WARN] [dev.architectury.registry.registries.forge.RegistrarManagerImpl/]: Registry entry listened Registry Entry [minecraft:item / biomemakeover:brown_mushroom_brick_slab] was not realized!
[12Aug2024 14:45:52.618] [Render thread/WARN] [dev.architectury.registry.registries.forge.RegistrarManagerImpl/]: Registry entry listened Registry Entry [minecraft:item / biomemakeover:cowboy_hat] was not realized!
[12Aug2024 14:45:52.618] [Render thread/WARN] [dev.architectury.registry.registries.forge.RegistrarManagerImpl/]: Registry entry listened Registry Entry [minecraft:item / biomemakeover:ancient_oak_pressure_plate] was not realized!
[12Aug2024 14:45:52.618] [Render thread/WARN] [dev.architectury.registry.registries.forge.RegistrarManagerImpl/]: Registry entry listened Registry Entry [minecraft:item / biomemakeover:moth_blossom] was not realized!
[12Aug2024 14:45:52.619] [Render thread/WARN] [dev.architectury.registry.registries.forge.RegistrarManagerImpl/]: Registry entry listened Registry Entry [minecraft:item / biomemakeover:ancient_oak_sapling] was not realized!
[12Aug2024 14:45:52.619] [Render thread/WARN] [dev.architectury.registry.registries.forge.RegistrarManagerImpl/]: Registry entry listened Registry Entry [minecraft:item / biomemakeover:lightning_bug_spawn_egg] was not realized!
[12Aug2024 14:45:52.619] [Render thread/WARN] [dev.architectury.registry.registries.forge.RegistrarManagerImpl/]: Registry entry listened Registry Entry [minecraft:item / biomemakeover:willow_button] was not realized!
[12Aug2024 14:45:52.619] [Render thread/WARN] [dev.architectury.registry.registries.forge.RegistrarManagerImpl/]: Registry entry listened Registry Entry [minecraft:item / biomemakeover:red_mushroom_brick_slab] was not realized!
[12Aug2024 14:45:52.619] [Render thread/WARN] [dev.architectury.registry.registries.forge.RegistrarManagerImpl/]: Registry entry listened Registry Entry [minecraft:item / biomemakeover:magenta_terracotta_bricks] was not realized!
[12Aug2024 14:45:52.619] [Render thread/WARN] [dev.architectury.registry.registries.forge.RegistrarManagerImpl/]: Registry entry listened Registry Entry [minecraft:item / biomemakeover:swamp_cypress_fence] was not realized!
[12Aug2024 14:45:52.619] [Render thread/WARN] [dev.architectury.registry.registries.forge.RegistrarManagerImpl/]: Registry entry listened Registry Entry [minecraft:item / biomemakeover:ivy] was not realized!
[12Aug2024 14:45:52.619] [Render thread/WARN] [dev.architectury.registry.registries.forge.RegistrarManagerImpl/]: Registry entry listened Registry Entry [minecraft:item / biomemakeover:worker_pottery_sherd] was not realized!
[12Aug2024 14:45:52.619] [Render thread/WARN] [dev.architectury.registry.registries.forge.RegistrarManagerImpl/]: Registry entry listened Registry Entry [minecraft:item / biomemakeover:swamp_cypress_planks] was not realized!
[12Aug2024 14:45:52.619] [Render thread/WARN] [dev.architectury.registry.registries.forge.RegistrarManagerImpl/]: Registry entry listened Registry Entry [minecraft:item / biomemakeover:small_illunite_bud] was not realized!
[12Aug2024 14:45:52.619] [Render thread/WARN] [dev.architectury.registry.registries.forge.RegistrarManagerImpl/]: Registry entry listened Registry Entry [minecraft:item / biomemakeover:mossy_dried_peat_bricks] was not realized!
[12Aug2024 14:45:52.619] [Render thread/WARN] [dev.architectury.registry.registries.forge.RegistrarManagerImpl/]: Registry entry listened Registry Entry [minecraft:item / biomemakeover:dragonfly_wings] was not realized!
[12Aug2024 14:45:52.619] [Render thread/WARN] [dev.architectury.registry.registries.forge.RegistrarManagerImpl/]: Registry entry listened Registry Entry [minecraft:item / biomemakeover:blue_terracotta_brick_stairs] was not realized!
[12Aug2024 14:45:52.619] [Render thread/WARN] [dev.architectury.registry.registries.forge.RegistrarManagerImpl/]: Registry entry listened Registry Entry [minecraft:item / biomemakeover:cyan_tapestry] was not realized!
[12Aug2024 14:45:52.619] [Render thread/WARN] [dev.architectury.registry.registries.forge.RegistrarManagerImpl/]: Registry entry listened Registry Entry [minecraft:item / biomemakeover:brown_mushroom_brick_stairs] was not realized!
[12Aug2024 14:45:52.619] [Render thread/WARN] [dev.architectury.registry.registries.forge.RegistrarManagerImpl/]: Registry entry listened Registry Entry [minecraft:item / biomemakeover:green_glowshroom_brick_slab] was not realized!
[12Aug2024 14:45:52.619] [Render thread/WARN] [dev.architectury.registry.registries.forge.RegistrarManagerImpl/]: Registry entry listened Registry Entry [minecraft:item / biomemakeover:blue_tapestry] was not realized!
[12Aug2024 14:45:52.619] [Render thread/WARN] [dev.architectury.registry.registries.forge.RegistrarManagerImpl/]: Registry entry listened Registry Entry [minecraft:item / biomemakeover:glowshroom_stem] was not realized!
[12Aug2024 14:45:52.619] [Render thread/WARN] [dev.architectury.registry.registries.forge.RegistrarManagerImpl/]: Registry entry listened Registry Entry [minecraft:item / biomemakeover:adjudicator_tapestry] was not realized!
[12Aug2024 14:45:52.619] [Render thread/WARN] [dev.architectury.registry.registries.forge.RegistrarManagerImpl/]: Registry entry listened Registry Entry [minecraft:item / biomemakeover:black_terracotta_bricks] was not realized!
[12Aug2024 14:45:52.620] [Render thread/WARN] [dev.architectury.registry.registries.forge.RegistrarManagerImpl/]: Registry entry listened Registry Entry [minecraft:item / biomemakeover:swamp_cypress_fence_gate] was not realized!
[12Aug2024 14:45:52.620] [Render thread/WARN] [dev.architectury.registry.registries.forge.RegistrarManagerImpl/]: Registry entry listened Registry Entry [minecraft:item / biomemakeover:paydirt] was not realized!
[12Aug2024 14:45:52.620] [Render thread/WARN] [dev.architectury.registry.registries.forge.RegistrarManagerImpl/]: Registry entry listened Registry Entry [minecraft:item / biomemakeover:terracotta_brick_slab] was not realized!
[12Aug2024 14:45:52.620] [Render thread/WARN] [dev.architectury.registry.registries.forge.RegistrarManagerImpl/]: Registry entry listened Registry Entry [minecraft:item / biomemakeover:lightning_bug_bottle] was not realized!
[12Aug2024 14:45:52.620] [Render thread/WARN] [dev.architectury.registry.registries.forge.RegistrarManagerImpl/]: Registry entry listened Registry Entry [minecraft:item / biomemakeover:crude_cladding] was not realized!
[12Aug2024 14:45:52.620] [Render thread/WARN] [dev.architectury.registry.registries.forge.RegistrarManagerImpl/]: Registry entry listened Registry Entry [minecraft:item / biomemakeover:altar] was not realized!
[12Aug2024 14:45:52.620] [Render thread/WARN] [dev.architectury.registry.registries.forge.RegistrarManagerImpl/]: Registry entry listened Registry Entry [minecraft:item / biomemakeover:ancient_oak_log] was not realized!
[12Aug2024 14:45:52.620] [Render thread/WARN] [dev.architectury.registry.registries.forge.RegistrarManagerImpl/]: Registry entry listened Registry Entry [minecraft:item / biomemakeover:lime_terracotta_brick_stairs] was not realized!
[12Aug2024 14:45:52.620] [Render thread/WARN] [dev.architectury.registry.registries.forge.RegistrarManagerImpl/]: Registry entry listened Registry Entry [minecraft:item / biomemakeover:purple_tapestry] was not realized!
[12Aug2024 14:45:52.620] [Render thread/WARN] [dev.architectury.registry.registries.forge.RegistrarManagerImpl/]: Registry entry listened Registry Entry [minecraft:item / biomemakeover:peat] was not realized!
[12Aug2024 14:45:52.620] [Render thread/WARN] [dev.architectury.registry.registries.forge.RegistrarManagerImpl/]: Registry entry listened Registry Entry [minecraft:item / biomemakeover:crude_fragment] was not realized!
[12Aug2024 14:45:52.620] [Render thread/WARN] [dev.architectury.registry.registries.forge.RegistrarManagerImpl/]: Registry entry listened Registry Entry [minecraft:item / biomemakeover:green_tapestry] was not realized!
[12Aug2024 14:45:52.620] [Render thread/WARN] [dev.architectury.registry.registries.forge.RegistrarManagerImpl/]: Registry entry listened Registry Entry [minecraft:item / biomemakeover:itching_ivy] was not realized!
[12Aug2024 14:45:52.620] [Render thread/WARN] [dev.architectury.registry.registries.forge.RegistrarManagerImpl/]: Registry entry listened Registry Entry [minecraft:item / biomemakeover:purple_glowshroom_brick_wall] was not realized!
[12Aug2024 14:45:52.620] [Render thread/WARN] [dev.architectury.registry.registries.forge.RegistrarManagerImpl/]: Registry entry listened Registry Entry [minecraft:item / biomemakeover:blighted_stone_bricks_wall] was not realized!
[12Aug2024 14:45:52.620] [Render thread/WARN] [dev.architectury.registry.registries.forge.RegistrarManagerImpl/]: Registry entry listened Registry Entry [minecraft:item / biomemakeover:willow_planks] was not realized!
[12Aug2024 14:45:52.620] [Render thread/WARN] [dev.architectury.registry.registries.forge.RegistrarManagerImpl/]: Registry entry listened Registry Entry [minecraft:item / biomemakeover:rootling_seeds] was not realized!
[12Aug2024 14:45:52.620] [Render thread/WARN] [dev.architectury.registry.registries.forge.RegistrarManagerImpl/]: Registry entry listened Registry Entry [minecraft:item / biomemakeover:cracked_brick] was not realized!
[12Aug2024 14:45:52.620] [Render thread/WARN] [dev.architectury.registry.registries.forge.RegistrarManagerImpl/]: Registry entry listened Registry Entry [minecraft:item / biomemakeover:willow_wood] was not realized!
[12Aug2024 14:45:52.620] [Render thread/WARN] [dev.architectury.registry.registries.forge.RegistrarManagerImpl/]: Registry entry listened Registry Entry [minecraft:item / biomemakeover:gray_terracotta_bricks] was not realized!
[12Aug2024 14:45:52.620] [Render thread/WARN] [dev.architectury.registry.registries.forge.RegistrarManagerImpl/]: Registry entry listened Registry Entry [minecraft:item / biomemakeover:white_tapestry] was not realized!
[12Aug2024 14:45:52.620] [Render thread/WARN] [dev.architectury.registry.registries.forge.RegistrarManagerImpl/]: Registry entry listened Registry Entry [minecraft:item / biomemakeover:willow_fence_gate] was not realized!
[12Aug2024 14:45:52.621] [Render thread/WARN] [dev.architectury.registry.registries.forge.RegistrarManagerImpl/]: Registry entry listened Registry Entry [minecraft:item / biomemakeover:gray_terracotta_brick_stairs] was not realized!
[12Aug2024 14:45:52.621] [Render thread/WARN] [dev.architectury.registry.registries.forge.RegistrarManagerImpl/]: Registry entry listened Registry Entry [minecraft:item / biomemakeover:ghost_spawn_egg] was not realized!
[12Aug2024 14:45:52.621] [Render thread/WARN] [dev.architectury.registry.registries.forge.RegistrarManagerImpl/]: Registry entry listened Registry Entry [minecraft:item / biomemakeover:green_glowshroom_brick] was not realized!
[12Aug2024 14:45:52.621] [Render thread/WARN] [dev.architectury.registry.registries.forge.RegistrarManagerImpl/]: Registry entry listened Registry Entry [minecraft:item / biomemakeover:ancient_oak_trapdoor] was not realized!
[12Aug2024 14:45:52.621] [Render thread/WARN] [dev.architectury.registry.registries.forge.RegistrarManagerImpl/]: Registry entry listened Registry Entry [minecraft:item / biomemakeover:white_terracotta_brick_wall] was not realized!
[12Aug2024 14:45:52.621] [Render thread/WARN] [dev.architectury.registry.registries.forge.RegistrarManagerImpl/]: Registry entry listened Registry Entry [minecraft:item / biomemakeover:roasted_bulbus_root] was not realized!
[12Aug2024 14:45:52.621] [Render thread/WARN] [dev.architectury.registry.registries.forge.RegistrarManagerImpl/]: Registry entry listened Registry Entry [minecraft:item / biomemakeover:lime_terracotta_brick_wall] was not realized!
[12Aug2024 14:45:52.621] [Render thread/WARN] [dev.architectury.registry.registries.forge.RegistrarManagerImpl/]: Registry entry listened Registry Entry [minecraft:item / biomemakeover:lime_terracotta_bricks] was not realized!
[12Aug2024 14:45:52.621] [Render thread/WARN] [dev.architectury.registry.registries.forge.RegistrarManagerImpl/]: Registry entry listened Registry Entry [minecraft:item / biomemakeover:red_terracotta_brick_wall] was not realized!
[12Aug2024 14:45:52.621] [Render thread/WARN] [dev.architectury.registry.registries.forge.RegistrarManagerImpl/]: Registry entry listened Registry Entry [minecraft:item / biomemakeover:blighted_balsa_wood] was not realized!
[12Aug2024 14:45:52.621] [Render thread/WARN] [dev.architectury.registry.registries.forge.RegistrarManagerImpl/]: Registry entry listened Registry Entry [minecraft:item / biomemakeover:dried_peat_bricks_slab] was not realized!
[12Aug2024 14:45:52.621] [Render thread/WARN] [dev.architectury.registry.registries.forge.RegistrarManagerImpl/]: Registry entry listened Registry Entry [minecraft:item / biomemakeover:brown_terracotta_bricks] was not realized!
[12Aug2024 14:45:52.621] [Render thread/WARN] [dev.architectury.registry.registries.forge.RegistrarManagerImpl/]: Registry entry listened Registry Entry [minecraft:item / biomemakeover:blighted_balsa_log] was not realized!
[12Aug2024 14:45:52.621] [Render thread/WARN] [dev.architectury.registry.registries.forge.RegistrarManagerImpl/]: Registry entry listened Registry Entry [minecraft:item / biomemakeover:polished_mesmerite_stairs] was not realized!
[12Aug2024 14:45:52.621] [Render thread/WARN] [dev.architectury.registry.registries.forge.RegistrarManagerImpl/]: Registry entry listened Registry Entry [minecraft:item / biomemakeover:illunite_cluster] was not realized!
[12Aug2024 14:45:52.621] [Render thread/WARN] [dev.architectury.registry.registries.forge.RegistrarManagerImpl/]: Registry entry listened Registry Entry [minecraft:item / biomemakeover:swamp_cypress_stairs] was not realized!
[12Aug2024 14:45:52.621] [Render thread/WARN] [dev.architectury.registry.registries.forge.RegistrarManagerImpl/]: Registry entry listened Registry Entry [minecraft:item / biomemakeover:swamp_cypress_slab] was not realized!
[12Aug2024 14:45:52.621] [Render thread/WARN] [dev.architectury.registry.registries.forge.RegistrarManagerImpl/]: Registry entry listened Registry Entry [minecraft:item / biomemakeover:blighted_cobblestone_wall] was not realized!
[12Aug2024 14:45:52.621] [Render thread/WARN] [dev.architectury.registry.registries.forge.RegistrarManagerImpl/]: Registry entry listened Registry Entry [minecraft:item / biomemakeover:purple_glowshroom_brick_stairs] was not realized!
[12Aug2024 14:45:52.621] [Render thread/WARN] [dev.architectury.registry.registries.forge.RegistrarManagerImpl/]: Registry entry listened Registry Entry [minecraft:item / biomemakeover:green_glowshroom_brick_wall] was not realized!
[12Aug2024 14:45:52.621] [Render thread/WARN] [dev.architectury.registry.registries.forge.RegistrarManagerImpl/]: Registry entry listened Registry Entry [minecraft:item / biomemakeover:cracked_dried_peat_brick_wall] was not realized!
[12Aug2024 14:45:52.621] [Render thread/WARN] [dev.architectury.registry.registries.forge.RegistrarManagerImpl/]: Registry entry listened Registry Entry [minecraft:item / biomemakeover:stripped_blighted_balsa_log] was not realized!
[12Aug2024 14:45:52.621] [Render thread/WARN] [dev.architectury.registry.registries.forge.RegistrarManagerImpl/]: Registry entry listened Registry Entry [minecraft:item / biomemakeover:willowing_branches] was not realized!
[12Aug2024 14:45:52.621] [Render thread/WARN] [dev.architectury.registry.registries.forge.RegistrarManagerImpl/]: Registry entry listened Registry Entry [minecraft:item / biomemakeover:raw_crab] was not realized!
[12Aug2024 14:45:52.621] [Render thread/WARN] [dev.architectury.registry.registries.forge.RegistrarManagerImpl/]: Registry entry listened Registry Entry [minecraft:item / biomemakeover:white_terracotta_brick_stairs] was not realized!
[12Aug2024 14:45:52.621] [Render thread/WARN] [dev.architectury.registry.registries.forge.RegistrarManagerImpl/]: Registry entry listened Registry Entry [minecraft:item / biomemakeover:cladded_stone] was not realized!
[12Aug2024 14:45:52.621] [Render thread/WARN] [dev.architectury.registry.registries.forge.RegistrarManagerImpl/]: Registry entry listened Registry Entry [minecraft:item / biomemakeover:willow_fence] was not realized!
[12Aug2024 14:45:52.622] [Render thread/WARN] [dev.architectury.registry.registries.forge.RegistrarManagerImpl/]: Registry entry listened Registry Entry [minecraft:item / biomemakeover:gray_terracotta_brick_slab] was not realized!
[12Aug2024 14:45:52.622] [Render thread/WARN] [dev.architectury.registry.registries.forge.RegistrarManagerImpl/]: Registry entry listened Registry Entry [minecraft:item / biomemakeover:gray_tapestry] was not realized!
[12Aug2024 14:45:52.622] [Render thread/WARN] [dev.architectury.registry.registries.forge.RegistrarManagerImpl/]: Registry entry listened Registry Entry [minecraft:item / biomemakeover:swamp_cypress_button] was not realized!
[12Aug2024 14:45:52.622] [Render thread/WARN] [dev.architectury.registry.registries.forge.RegistrarManagerImpl/]: Registry entry listened Registry Entry [minecraft:item / biomemakeover:orange_tapestry] was not realized!
[12Aug2024 14:45:52.622] [Render thread/WARN] [dev.architectury.registry.registries.forge.RegistrarManagerImpl/]: Registry entry listened Registry Entry [minecraft:item / biomemakeover:enchanted_totem] was not realized!
[12Aug2024 14:45:52.622] [Render thread/WARN] [dev.architectury.registry.registries.forge.RegistrarManagerImpl/]: Registry entry listened Registry Entry [minecraft:item / biomemakeover:terracotta_brick_wall] was not realized!
[12Aug2024 14:45:52.622] [Render thread/WARN] [dev.architectury.registry.registries.forge.RegistrarManagerImpl/]: Registry entry listened Registry Entry [minecraft:item / biomemakeover:blighted_stone_bricks_stairs] was not realized!
[12Aug2024 14:45:52.622] [Render thread/WARN] [dev.architectury.registry.registries.forge.RegistrarManagerImpl/]: Registry entry listened Registry Entry [minecraft:item / biomemakeover:cyan_terracotta_brick_stairs] was not realized!
[12Aug2024 14:45:52.622] [Render thread/WARN] [dev.architectury.registry.registries.forge.RegistrarManagerImpl/]: Registry entry listened Registry Entry [minecraft:item / biomemakeover:glowshroom_stem_brick_slab] was not realized!
[12Aug2024 14:45:52.622] [Render thread/WARN] [dev.architectury.registry.registries.forge.RegistrarManagerImpl/]: Registry entry listened Registry Entry [minecraft:item / biomemakeover:whinny_pottery_sherd] was not realized!
[12Aug2024 14:45:52.622] [Render thread/WARN] [dev.architectury.registry.registries.forge.RegistrarManagerImpl/]: Registry entry listened Registry Entry [minecraft:item / biomemakeover:orange_terracotta_brick_stairs] was not realized!
[12Aug2024 14:45:52.622] [Render thread/WARN] [dev.architectury.registry.registries.forge.RegistrarManagerImpl/]: Registry entry listened Registry Entry [minecraft:item / biomemakeover:medium_illunite_bud] was not realized!
[12Aug2024 14:45:52.622] [Render thread/WARN] [dev.architectury.registry.registries.forge.RegistrarManagerImpl/]: Registry entry listened Registry Entry [minecraft:item / biomemakeover:barrel_cactus] was not realized!
[12Aug2024 14:45:52.622] [Render thread/WARN] [dev.architectury.registry.registries.forge.RegistrarManagerImpl/]: Registry entry listened Registry Entry [minecraft:item / biomemakeover:purple_glowshroom_brick_slab] was not realized!
[12Aug2024 14:45:52.622] [Render thread/WARN] [dev.architectury.registry.registries.forge.RegistrarManagerImpl/]: Registry entry listened Registry Entry [minecraft:item / biomemakeover:crude_cladding_block] was not realized!
[12Aug2024 14:45:52.622] [Render thread/WARN] [dev.architectury.registry.registries.forge.RegistrarManagerImpl/]: Registry entry listened Registry Entry [minecraft:item / biomemakeover:polished_mesmerite] was not realized!
[12Aug2024 14:45:52.622] [Render thread/WARN] [dev.architectury.registry.registries.forge.RegistrarManagerImpl/]: Registry entry listened Registry Entry [minecraft:item / biomemakeover:ancient_oak_planks] was not realized!
[12Aug2024 14:45:52.622] [Render thread/WARN] [dev.architectury.registry.registries.forge.RegistrarManagerImpl/]: Registry entry listened Registry Entry [minecraft:item / biomemakeover:blue_bud] was not realized!
[12Aug2024 14:45:52.622] [Render thread/WARN] [dev.architectury.registry.registries.forge.RegistrarManagerImpl/]: Registry entry listened Registry Entry [minecraft:item / biomemakeover:brown_terracotta_brick_wall] was not realized!
[12Aug2024 14:45:52.622] [Render thread/WARN] [dev.architectury.registry.registries.forge.RegistrarManagerImpl/]: Registry entry listened Registry Entry [minecraft:item / biomemakeover:lightning_bottle] was not realized!
[12Aug2024 14:45:52.622] [Render thread/WARN] [dev.architectury.registry.registries.forge.RegistrarManagerImpl/]: Registry entry listened Registry Entry [minecraft:item / biomemakeover:yellow_terracotta_bricks] was not realized!
[12Aug2024 14:45:52.622] [Render thread/WARN] [dev.architectury.registry.registries.forge.RegistrarManagerImpl/]: Registry entry listened Registry Entry [minecraft:item / biomemakeover:mushroom_stem_brick_wall] was not realized!
[12Aug2024 14:45:52.622] [Render thread/WARN] [dev.architectury.registry.registries.forge.RegistrarManagerImpl/]: Registry entry listened Registry Entry [minecraft:item / biomemakeover:tall_red_mushroom] was not realized!
[12Aug2024 14:45:52.622] [Render thread/WARN] [dev.architectury.registry.registries.forge.RegistrarManagerImpl/]: Registry entry listened Registry Entry [minecraft:item / biomemakeover:blighted_balsa_leaves] was not realized!
[12Aug2024 14:45:52.623] [Render thread/WARN] [dev.architectury.registry.registries.forge.RegistrarManagerImpl/]: Registry entry listened Registry Entry [minecraft:item / biomemakeover:red_tapestry] was not realized!
[12Aug2024 14:45:52.623] [Render thread/WARN] [dev.architectury.registry.registries.forge.RegistrarManagerImpl/]: Registry entry listened Registry Entry [minecraft:item / biomemakeover:stripped_ancient_oak_wood] was not realized!
[12Aug2024 14:45:52.623] [Render thread/WARN] [dev.architectury.registry.registries.forge.RegistrarManagerImpl/]: Registry entry listened Registry Entry [minecraft:item / biomemakeover:swamp_cypress_log] was not realized!
[12Aug2024 14:45:52.623] [Render thread/WARN] [dev.architectury.registry.registries.forge.RegistrarManagerImpl/]: Registry entry listened Registry Entry [minecraft:item / biomemakeover:mossy_dried_peat_brick_slab] was not realized!
[12Aug2024 14:45:52.623] [Render thread/WARN] [dev.architectury.registry.registries.forge.RegistrarManagerImpl/]: Registry entry listened Registry Entry [minecraft:item / biomemakeover:purple_bud] was not realized!
[12Aug2024 14:45:52.623] [Render thread/WARN] [dev.architectury.registry.registries.forge.RegistrarManagerImpl/]: Registry entry listened Registry Entry [minecraft:item / biomemakeover:cowboy_spawn_egg] was not realized!
[12Aug2024 14:45:52.623] [Render thread/WARN] [dev.architectury.registry.registries.forge.RegistrarManagerImpl/]: Registry entry listened Registry Entry [minecraft:item / biomemakeover:cracked_brick_slab] was not realized!
[12Aug2024 14:45:52.623] [Render thread/WARN] [dev.architectury.registry.registries.forge.RegistrarManagerImpl/]: Registry entry listened Registry Entry [minecraft:item / biomemakeover:glowfish_bucket] was not realized!
[12Aug2024 14:45:52.623] [Render thread/WARN] [dev.architectury.registry.registries.forge.RegistrarManagerImpl/]: Registry entry listened Registry Entry [minecraft:item / biomemakeover:orange_terracotta_brick_wall] was not realized!
[12Aug2024 14:45:52.623] [Render thread/WARN] [dev.architectury.registry.registries.forge.RegistrarManagerImpl/]: Registry entry listened Registry Entry [minecraft:item / biomemakeover:witch_hat] was not realized!
[12Aug2024 14:45:52.623] [Render thread/WARN] [dev.architectury.registry.registries.forge.RegistrarManagerImpl/]: Registry entry listened Registry Entry [minecraft:item / biomemakeover:dried_peat] was not realized!
[12Aug2024 14:45:52.623] [Render thread/WARN] [dev.architectury.registry.registries.forge.RegistrarManagerImpl/]: Registry entry listened Registry Entry [minecraft:item / biomemakeover:pink_terracotta_brick_wall] was not realized!
[12Aug2024 14:45:52.623] [Render thread/WARN] [dev.architectury.registry.registries.forge.RegistrarManagerImpl/]: Registry entry listened Registry Entry [minecraft:item / biomemakeover:cyan_bud] was not realized!
[12Aug2024 14:45:52.623] [Render thread/WARN] [dev.architectury.registry.registries.forge.RegistrarManagerImpl/]: Registry entry listened Registry Entry [minecraft:item / biomemakeover:reed_thatch_slab] was not realized!
[12Aug2024 14:45:52.623] [Render thread/WARN] [dev.architectury.registry.registries.forge.RegistrarManagerImpl/]: Registry entry listened Registry Entry [minecraft:item / biomemakeover:mesmerite_slab] was not realized!
[12Aug2024 14:45:52.623] [Render thread/WARN] [dev.architectury.registry.registries.forge.RegistrarManagerImpl/]: Registry entry listened Registry Entry [minecraft:item / biomemakeover:terracotta_brick_stairs] was not realized!
[12Aug2024 14:45:52.623] [Render thread/WARN] [dev.architectury.registry.registries.forge.RegistrarManagerImpl/]: Registry entry listened Registry Entry [minecraft:item / biomemakeover:green_terracotta_brick_stairs] was not realized!
[12Aug2024 14:45:52.623] [Render thread/WARN] [dev.architectury.registry.registries.forge.RegistrarManagerImpl/]: Registry entry listened Registry Entry [minecraft:item / biomemakeover:stone_golem_spawn_egg] was not realized!
[12Aug2024 14:45:52.623] [Render thread/WARN] [dev.architectury.registry.registries.forge.RegistrarManagerImpl/]: Registry entry listened Registry Entry [minecraft:item / biomemakeover:terracotta_bricks] was not realized!
[12Aug2024 14:45:52.623] [Render thread/WARN] [dev.architectury.registry.registries.forge.RegistrarManagerImpl/]: Registry entry listened Registry Entry [minecraft:item / biomemakeover:cooked_crab] was not realized!
[12Aug2024 14:45:52.623] [Render thread/WARN] [dev.architectury.registry.registries.forge.RegistrarManagerImpl/]: Registry entry listened Registry Entry [minecraft:item / biomemakeover:mesmerite_stairs] was not realized!
[12Aug2024 14:45:52.624] [Render thread/WARN] [dev.architectury.registry.registries.forge.RegistrarManagerImpl/]: Registry entry listened Registry Entry [minecraft:item / biomemakeover:mycelium_roots] was not realized!
[12Aug2024 14:45:52.624] [Render thread/WARN] [dev.architectury.registry.registries.forge.RegistrarManagerImpl/]: Registry entry listened Registry Entry [minecraft:item / biomemakeover:orange_glowshroom] was not realized!
[12Aug2024 14:45:52.624] [Render thread/WARN] [dev.architectury.registry.registries.forge.RegistrarManagerImpl/]: Registry entry listened Registry Entry [minecraft:item / biomemakeover:orange_glowshroom_brick_slab] was not realized!
[12Aug2024 14:45:52.624] [Render thread/WARN] [dev.architectury.registry.registries.forge.RegistrarManagerImpl/]: Registry entry listened Registry Entry [minecraft:item / biomemakeover:light_gray_terracotta_bricks] was not realized!
[12Aug2024 14:45:52.624] [Render thread/WARN] [dev.architectury.registry.registries.forge.RegistrarManagerImpl/]: Registry entry listened Registry Entry [minecraft:item / biomemakeover:swamp_cypress_trapdoor] was not realized!
[12Aug2024 14:45:52.624] [Render thread/WARN] [dev.architectury.registry.registries.forge.RegistrarManagerImpl/]: Registry entry listened Registry Entry [minecraft:item / biomemakeover:mushroom_stem_brick] was not realized!
[12Aug2024 14:45:52.624] [Render thread/WARN] [dev.architectury.registry.registries.forge.RegistrarManagerImpl/]: Registry entry listened Registry Entry [minecraft:item / biomemakeover:light_blue_terracotta_brick_wall] was not realized!
[12Aug2024 14:45:52.624] [Render thread/WARN] [dev.architectury.registry.registries.forge.RegistrarManagerImpl/]: Registry entry listened Registry Entry [minecraft:item / biomemakeover:icon_item] was not realized!
[12Aug2024 14:45:52.624] [Render thread/WARN] [dev.architectury.registry.registries.forge.RegistrarManagerImpl/]: Registry entry listened Registry Entry [minecraft:item / biomemakeover:willow_door] was not realized!
[12Aug2024 14:45:52.624] [Render thread/WARN] [dev.architectury.registry.registries.forge.RegistrarManagerImpl/]: Registry entry listened Registry Entry [minecraft:item / biomemakeover:swamp_cypress_door] was not realized!
[12Aug2024 14:45:52.624] [Render thread/WARN] [dev.architectury.registry.registries.forge.RegistrarManagerImpl/]: Registry entry listened Registry Entry [minecraft:item / biomemakeover:willow_leaves] was not realized!
[12Aug2024 14:45:52.624] [Render thread/WARN] [dev.architectury.registry.registries.forge.RegistrarManagerImpl/]: Registry entry listened Registry Entry [minecraft:item / biomemakeover:large_illunite_bud] was not realized!
[12Aug2024 14:45:52.624] [Render thread/WARN] [dev.architectury.registry.registries.forge.RegistrarManagerImpl/]: Registry entry listened Registry Entry [minecraft:item / biomemakeover:black_terracotta_brick_stairs] was not realized!
[12Aug2024 14:45:52.624] [Render thread/WARN] [dev.architectury.registry.registries.forge.RegistrarManagerImpl/]: Registry entry listened Registry Entry [minecraft:item / biomemakeover:scuttler_tail] was not realized!
[12Aug2024 14:45:52.624] [Render thread/WARN] [dev.architectury.registry.registries.forge.RegistrarManagerImpl/]: Registry entry listened Registry Entry [minecraft:item / biomemakeover:marigold] was not realized!
[12Aug2024 14:45:52.624] [Render thread/WARN] [dev.architectury.registry.registries.forge.RegistrarManagerImpl/]: Registry entry listened Registry Entry [minecraft:item / biomemakeover:light_gray_tapestry] was not realized!
[12Aug2024 14:45:52.624] [Render thread/WARN] [dev.architectury.registry.registries.forge.RegistrarManagerImpl/]: Registry entry listened Registry Entry [minecraft:item / biomemakeover:yellow_terracotta_brick_wall] was not realized!
[12Aug2024 14:45:52.624] [Render thread/WARN] [dev.architectury.registry.registries.forge.RegistrarManagerImpl/]: Registry entry listened Registry Entry [minecraft:item / biomemakeover:moth_scales] was not realized!
[12Aug2024 14:45:52.624] [Render thread/WARN] [dev.architectury.registry.registries.forge.RegistrarManagerImpl/]: Registry entry listened Registry Entry [minecraft:item / biomemakeover:green_glowshroom] was not realized!
[12Aug2024 14:45:52.624] [Render thread/WARN] [dev.architectury.registry.registries.forge.RegistrarManagerImpl/]: Registry entry listened Registry Entry [minecraft:item / biomemakeover:blighted_balsa_fence] was not realized!
[12Aug2024 14:45:52.624] [Render thread/WARN] [dev.architectury.registry.registries.forge.RegistrarManagerImpl/]: Registry entry listened Registry Entry [minecraft:item / biomemakeover:yellow_tapestry] was not realized!
[12Aug2024 14:45:53.217] [Render thread/WARN] [dev.architectury.registry.registries.forge.RegistrarManagerImpl/]: Registry entry listened Registry Entry [minecraft:entity_type / biomemakeover:ghost] was not realized!
[12Aug2024 14:45:53.217] [Render thread/WARN] [dev.architectury.registry.registries.forge.RegistrarManagerImpl/]: Registry entry listened Registry Entry [minecraft:entity_type / biomemakeover:cowboy] was not realized!
[12Aug2024 14:45:53.217] [Render thread/WARN] [dev.architectury.registry.registries.forge.RegistrarManagerImpl/]: Registry entry listened Registry Entry [minecraft:entity_type / biomemakeover:scuttler] was not realized!
[12Aug2024 14:45:53.217] [Render thread/WARN] [dev.architectury.registry.registries.forge.RegistrarManagerImpl/]: Registry entry listened Registry Entry [minecraft:entity_type / biomemakeover:glowfish] was not realized!
[12Aug2024 14:45:53.218] [Render thread/WARN] [dev.architectury.registry.registries.forge.RegistrarManagerImpl/]: Registry entry listened Registry Entry [minecraft:entity_type / biomemakeover:rootling] was not realized!
[12Aug2024 14:45:53.218] [Render thread/WARN] [dev.architectury.registry.registries.forge.RegistrarManagerImpl/]: Registry entry listened Registry Entry [minecraft:entity_type / biomemakeover:decayed] was not realized!
[12Aug2024 14:45:53.218] [Render thread/WARN] [dev.architectury.registry.registries.forge.RegistrarManagerImpl/]: Registry entry listened Registry Entry [minecraft:entity_type / biomemakeover:lightning_bug_alternate] was not realized!
[12Aug2024 14:45:53.218] [Render thread/WARN] [dev.architectury.registry.registries.forge.RegistrarManagerImpl/]: Registry entry listened Registry Entry [minecraft:entity_type / biomemakeover:helmit_crab] was not realized!
[12Aug2024 14:45:53.218] [Render thread/WARN] [dev.architectury.registry.registries.forge.RegistrarManagerImpl/]: Registry entry listened Registry Entry [minecraft:entity_type / biomemakeover:dragonfly] was not realized!
[12Aug2024 14:45:53.218] [Render thread/WARN] [dev.architectury.registry.registries.forge.RegistrarManagerImpl/]: Registry entry listened Registry Entry [minecraft:entity_type / biomemakeover:toad] was not realized!
[12Aug2024 14:45:53.218] [Render thread/WARN] [dev.architectury.registry.registries.forge.RegistrarManagerImpl/]: Registry entry listened Registry Entry [minecraft:entity_type / biomemakeover:owl] was not realized!
[12Aug2024 14:45:53.218] [Render thread/WARN] [dev.architectury.registry.registries.forge.RegistrarManagerImpl/]: Registry entry listened Registry Entry [minecraft:entity_type / biomemakeover:moth] was not realized!
[12Aug2024 14:45:53.218] [Render thread/WARN] [dev.architectury.registry.registries.forge.RegistrarManagerImpl/]: Registry entry listened Registry Entry [minecraft:entity_type / biomemakeover:blightbat] was not realized!
[12Aug2024 14:45:53.218] [Render thread/WARN] [dev.architectury.registry.registries.forge.RegistrarManagerImpl/]: Registry entry listened Registry Entry [minecraft:entity_type / biomemakeover:tadpole] was not realized!
[12Aug2024 14:45:53.218] [Render thread/WARN] [dev.architectury.registry.registries.forge.RegistrarManagerImpl/]: Registry entry listened Registry Entry [minecraft:entity_type / biomemakeover:mushroom_trader] was not realized!
[12Aug2024 14:45:53.218] [Render thread/WARN] [dev.architectury.registry.registries.forge.RegistrarManagerImpl/]: Registry entry listened Registry Entry [minecraft:entity_type / biomemakeover:stone_golem] was not realized!
[12Aug2024 14:45:53.378] [Render thread/WARN] [dev.architectury.registry.registries.forge.RegistrarManagerImpl/]: Registry entry listened Registry Entry [minecraft:block_entity_type / biomemakeover:directional_data] was not realized!
[12Aug2024 14:45:53.944] [Render thread/WARN] [dev.architectury.registry.registries.forge.RegistrarManagerImpl/]: Registry entry listened Registry Entry [minecraft:menu / biomemakeover:directional_data] was not realized!
[12Aug2024 14:45:55.110] [Render thread/INFO] [ModernFix/]: Replacing search trees with 'REI' provider
[12Aug2024 14:45:55.410] [Render thread/INFO] [Embeddium/]: Block minecraft:water_cauldron had its color provider replaced and will not use per-vertex coloring
[12Aug2024 14:45:55.410] [Render thread/INFO] [Embeddium/]: Block minecraft:lily_pad had its color provider replaced and will not use per-vertex coloring
[12Aug2024 14:45:55.421] [Render thread/INFO] [com.github.alexmodguy.alexscaves.AlexsCaves/]: loaded in item colorizer
[12Aug2024 14:45:55.605] [Finalizer/WARN] [ModernFix/]: One or more BufferBuilders have been leaked, ModernFix will attempt to correct this.
[12Aug2024 14:45:55.632] [Render thread/WARN] [Embeddium-MixinTaintDetector/]: Mod(s) [acedium] are modifying Embeddium class me.jellysquid.mods.sodium.client.render.SodiumWorldRenderer, which may cause instability.
[12Aug2024 14:45:56.685] [Render thread/INFO] [net.minecraft.client.Minecraft/]: [FANCYMENU] Registering resource reload listener..
[12Aug2024 14:45:56.766] [Render thread/INFO] [de.keksuccino.fancymenu.customization.ScreenCustomization/]: [FANCYMENU] Initializing screen customization engine! Addons should NOT REGISTER TO REGISTRIES anymore now!
[12Aug2024 14:45:57.221] [Render thread/INFO] [de.keksuccino.fancymenu.customization.layer.ScreenCustomizationLayerHandler/]: [FANCYMENU] Minecraft resource reload: STARTING
[12Aug2024 14:45:57.222] [Render thread/INFO] [ModernFix/]: Invalidating pack caches
[12Aug2024 14:45:57.223] [Render thread/INFO] [net.minecraft.server.packs.resources.ReloadableResourceManager/]: Reloading ResourceManager: vanilla, mod_resources, builtin/towntalk, KubeJS Resource Pack [assets]
[12Aug2024 14:45:57.758] [Worker-ResourceReload-5/INFO] [pneumaticcraft/]: PneumaticCraft: Repressurized is loading!
[12Aug2024 14:45:57.806] [Worker-ResourceReload-9/INFO] [mekanism.common.Mekanism/]: Loaded 'Better Fusion Reactor' module.
[12Aug2024 14:45:57.808] [Forge Version Check/INFO] [net.minecraftforge.fml.VersionChecker/]: [forgeendertech] Starting version check at https://forge.curseupdate.com/244844/forgeendertech
[12Aug2024 14:45:57.861] [Worker-ResourceReload-7/INFO] [mekanism.common.Mekanism/]: Version 10.4.8 initializing...
[12Aug2024 14:45:57.869] [Immersive Engineering Contributors Thread/INFO] [immersiveengineering/]: Attempting to download special revolvers from GitHub
[12Aug2024 14:45:57.891] [Worker-ResourceReload-1/INFO] [mekanism.common.Mekanism/]: Loaded 'Mekanism: Generators' module.
[12Aug2024 14:45:57.933] [Worker-ResourceReload-6/INFO] [SeasonHUD/]: Talking to Curios
[12Aug2024 14:45:57.954] [Worker-ResourceReload-6/INFO] [SeasonHUD/]: Talking to Curios
[12Aug2024 14:45:58.116] [Worker-ResourceReload-2/INFO] [net.minecraft.client.gui.font.providers.UnihexProvider/]: Found unifont_all_no_pua-15.0.06.hex, loading
[12Aug2024 14:45:58.135] [Worker-ResourceReload-10/WARN] [net.minecraft.client.sounds.SoundManager/]: File alexscaves:sounds/mob/luxtructosaurus/luxtructosaurus_snort_0.ogg does not exist, cannot add it to event alexscaves:luxtructosaurus_snort
[12Aug2024 14:45:58.136] [Worker-ResourceReload-10/WARN] [net.minecraft.client.sounds.SoundManager/]: File alexscaves:sounds/mob/luxtructosaurus/luxtructosaurus_snort_1.ogg does not exist, cannot add it to event alexscaves:luxtructosaurus_snort
[12Aug2024 14:45:58.136] [Worker-ResourceReload-10/WARN] [net.minecraft.client.sounds.SoundManager/]: File alexscaves:sounds/mob/luxtructosaurus/luxtructosaurus_snort_2.ogg does not exist, cannot add it to event alexscaves:luxtructosaurus_snort
[12Aug2024 14:45:58.136] [Worker-ResourceReload-10/WARN] [net.minecraft.client.sounds.SoundManager/]: File alexscaves:sounds/mob/luxtructosaurus/luxtructosaurus_breathe_0.ogg does not exist, cannot add it to event alexscaves:luxtructosaurus_breathe
[12Aug2024 14:45:58.136] [Worker-ResourceReload-10/WARN] [net.minecraft.client.sounds.SoundManager/]: File alexscaves:sounds/mob/luxtructosaurus/luxtructosaurus_breathe_1.ogg does not exist, cannot add it to event alexscaves:luxtructosaurus_breathe
[12Aug2024 14:45:58.136] [Worker-ResourceReload-10/WARN] [net.minecraft.client.sounds.SoundManager/]: File alexscaves:sounds/mob/luxtructosaurus/luxtructosaurus_breathe_2.ogg does not exist, cannot add it to event alexscaves:luxtructosaurus_breathe
[12Aug2024 14:45:58.246] [Render thread/INFO] [net.minecraft.client.gui.screens.LoadingOverlay/]: [DRIPPY LOADING SCREEN] Initializing fonts for text rendering..
[12Aug2024 14:45:58.250] [Render thread/INFO] [net.minecraft.client.gui.screens.LoadingOverlay/]: [DRIPPY LOADING SCREEN] Calculating animation sizes for FancyMenu..
[12Aug2024 14:45:58.260] [Render thread/INFO] [de.keksuccino.fancymenu.customization.layer.ScreenCustomizationLayerHandler/]: [FANCYMENU] ScreenCustomizationLayer registered: drippy_loading_overlay
[12Aug2024 14:45:58.341] [Forge Version Check/INFO] [net.minecraftforge.fml.VersionChecker/]: [forgeendertech] Found status: UP_TO_DATE Current: 11.1.4.0 Target: null
[12Aug2024 14:45:58.342] [Forge Version Check/INFO] [net.minecraftforge.fml.VersionChecker/]: [controlling] Starting version check at https://updates.blamejared.com/get?n=controlling&gv=1.20.1
[12Aug2024 14:45:58.346] [Render thread/INFO] [de.keksuccino.fancymenu.customization.animation.AnimationHandler/]: [FANCYMENU] Preloading animations! This could cause the loading screen to freeze for a while..
[12Aug2024 14:45:58.346] [Render thread/INFO] [de.keksuccino.fancymenu.customization.animation.AnimationHandler/]: [FANCYMENU] Finished preloading animations!
[12Aug2024 14:45:58.347] [Render thread/INFO] [de.keksuccino.fancymenu.FancyMenu/]: [FANCYMENU] Starting late client initialization phase..
[12Aug2024 14:45:58.363] [Render thread/INFO] [KubeJS Client/]: Client resource reload complete!
[12Aug2024 14:45:58.471] [Worker-Main-8/INFO] [net.minecraft.client.gui.font.providers.UnihexProvider/]: Found unifont_all_no_pua-15.0.06.hex, loading
[12Aug2024 14:45:58.486] [Worker-ResourceReload-7/INFO] [mekanism.common.Mekanism/]: Fake player readout: UUID = 46e82cd0-d480-3d48-800a-77431ede078e, name = [Mekanism]
[12Aug2024 14:45:58.486] [Worker-ResourceReload-7/INFO] [mekanism.common.Mekanism/]: Mod loaded.
[12Aug2024 14:45:58.501] [Forge Version Check/INFO] [net.minecraftforge.fml.VersionChecker/]: [controlling] Found status: BETA Current: 12.0.2 Target: 12.0.2
[12Aug2024 14:45:58.501] [Forge Version Check/INFO] [net.minecraftforge.fml.VersionChecker/]: [pneumaticcraft] Starting version check at https://raw.githubusercontent.com/TeamPneumatic/pnc-repressurized/1.20.1/release_info.json
[12Aug2024 14:45:58.665] [Forge Version Check/INFO] [net.minecraftforge.fml.VersionChecker/]: [pneumaticcraft] Found status: AHEAD Current: 6.0.16+mc1.20.1 Target: null
[12Aug2024 14:45:58.765] [Forge Version Check/INFO] [net.minecraftforge.fml.VersionChecker/]: [adpother] Starting version check at https://forge.curseupdate.com/269973/adpother
[12Aug2024 14:45:58.930] [Forge Version Check/INFO] [net.minecraftforge.fml.VersionChecker/]: [adpother] Found status: UP_TO_DATE Current: 8.1.21.0 Target: null
[12Aug2024 14:45:58.930] [Forge Version Check/INFO] [net.minecraftforge.fml.VersionChecker/]: [forge] Starting version check at https://files.minecraftforge.net/net/minecraftforge/forge/promotions_slim.json
[12Aug2024 14:45:59.216] [Forge Version Check/INFO] [net.minecraftforge.fml.VersionChecker/]: [forge] Found status: AHEAD Current: 47.3.5 Target: null
[12Aug2024 14:45:59.216] [Forge Version Check/INFO] [net.minecraftforge.fml.VersionChecker/]: [immersiveengineering] Starting version check at https://raw.githubusercontent.com/BluSunrize/ImmersiveEngineering/1.20.1/changelog.json
[12Aug2024 14:45:59.242] [Forge Version Check/INFO] [net.minecraftforge.fml.VersionChecker/]: [immersiveengineering] Found status: UP_TO_DATE Current: 1.20.1-10.1.0-171 Target: null
[12Aug2024 14:45:59.242] [Forge Version Check/INFO] [net.minecraftforge.fml.VersionChecker/]: [flywheel] Starting version check at https://api.modrinth.com/updates/flywheel/forge_updates.json
[12Aug2024 14:45:59.536] [Forge Version Check/INFO] [net.minecraftforge.fml.VersionChecker/]: [flywheel] Found status: BETA Current: 0.6.10-7 Target: null
[12Aug2024 14:45:59.536] [Forge Version Check/INFO] [net.minecraftforge.fml.VersionChecker/]: [gravestone] Starting version check at https://update.maxhenkel.de/forge/gravestone
[12Aug2024 14:45:59.706] [Forge Version Check/INFO] [net.minecraftforge.fml.VersionChecker/]: [gravestone] Found status: AHEAD Current: 1.20.1-1.0.18 Target: null
[12Aug2024 14:45:59.706] [Forge Version Check/INFO] [net.minecraftforge.fml.VersionChecker/]: [searchables] Starting version check at https://updates.blamejared.com/get?n=searchables&gv=1.20.1
[12Aug2024 14:45:59.739] [Forge Version Check/INFO] [net.minecraftforge.fml.VersionChecker/]: [searchables] Found status: BETA Current: 1.0.3 Target: 1.0.3
[12Aug2024 14:45:59.739] [Forge Version Check/INFO] [net.minecraftforge.fml.VersionChecker/]: [appbot] Starting version check at https://api.modrinth.com/updates/applied-botanics/forge_updates.json
[12Aug2024 14:46:00.210] [Worker-ResourceReload-2/WARN] [net.minecraft.client.renderer.texture.SpriteContents/]: Invalid frame index on sprite immersiveengineering:item/metal_ingot_uranium frame 2: 1
[12Aug2024 14:46:00.210] [Worker-ResourceReload-2/WARN] [net.minecraft.client.renderer.texture.SpriteContents/]: Invalid frame index on sprite immersiveengineering:item/metal_ingot_uranium frame 3: 1
[12Aug2024 14:46:00.210] [Worker-ResourceReload-2/WARN] [net.minecraft.client.renderer.texture.SpriteContents/]: Invalid frame index on sprite immersiveengineering:item/metal_ingot_uranium frame 4: 2
[12Aug2024 14:46:00.210] [Worker-ResourceReload-2/WARN] [net.minecraft.client.renderer.texture.SpriteContents/]: Invalid frame index on sprite immersiveengineering:item/metal_ingot_uranium frame 5: 2
[12Aug2024 14:46:00.210] [Worker-ResourceReload-2/WARN] [net.minecraft.client.renderer.texture.SpriteContents/]: Invalid frame index on sprite immersiveengineering:item/metal_ingot_uranium frame 6: 3
[12Aug2024 14:46:00.210] [Worker-ResourceReload-2/WARN] [net.minecraft.client.renderer.texture.SpriteContents/]: Invalid frame index on sprite immersiveengineering:item/metal_ingot_uranium frame 7: 3
[12Aug2024 14:46:00.457] [Forge Version Check/INFO] [net.minecraftforge.fml.VersionChecker/]: [appbot] Found status: OUTDATED Current: 1.5.0 Target: 1.5.0-forge
[12Aug2024 14:46:00.457] [Forge Version Check/INFO] [net.minecraftforge.fml.VersionChecker/]: [computercraft] Starting version check at https://api.modrinth.com/updates/cc-tweaked/forge_updates.json
[12Aug2024 14:46:00.480] [Worker-ResourceReload-2/WARN] [net.minecraft.client.renderer.texture.SpriteContents/]: Unused frames in sprite draconicadditions:block/animated/chaos_liquifier_front_active: [8, 9, 10, 11, 12, 13, 14, 15, 16, 17, 18, 19, 20, 21, 22, 23, 24, 25, 26, 27, 28, 29, 30, 31, 32, 33, 34, 35, 36, 37, 38, 39, 40, 41, 42, 43, 44, 45, 46, 47, 48, 49, 50, 51, 52, 53, 54, 55, 56, 57, 58, 59, 60, 61, 62, 63, 64, 65, 66, 67, 68, 69, 70, 71, 72, 73, 74, 75, 76, 77, 78, 79, 80, 81, 82, 83, 84, 85, 86, 87, 88, 89, 90, 91, 92, 93, 94, 95, 96, 97, 98, 99, 100, 101, 102, 103, 104, 105, 106, 107, 108, 109, 110, 111, 112, 113, 114, 115, 116, 117, 118, 119, 120, 121, 122, 123, 124, 125, 126, 127, 128, 129, 130, 131, 132, 133, 134, 135, 136, 137, 138, 139, 140, 141, 142, 143, 144, 145, 146, 147, 148, 149, 150, 151, 152, 153, 154, 155, 156, 157, 158, 159, 160, 161, 162, 163, 164, 165, 166, 167, 168, 169, 170, 171, 172, 173, 174, 175, 176, 177, 178, 179, 180, 181, 182, 183, 184, 185, 186, 187, 188, 189, 190, 191, 192, 193, 194, 195, 196, 197, 198, 199, 200, 201, 202, 203, 204, 205, 206, 207, 208, 209, 210, 211, 212, 213, 214, 215, 216, 217, 218, 219, 220, 221, 222, 223, 224, 225, 226, 227, 228, 229, 230, 231, 232, 233, 234, 235, 236, 237, 238, 239, 240, 241, 242, 243, 244, 245, 246, 247, 248, 249, 250, 251, 252, 253, 254, 255]
[12Aug2024 14:46:00.580] [Worker-ResourceReload-8/WARN] [net.minecraft.client.renderer.texture.SpriteLoader/]: Texture immersiveengineering:models/wallmount_steel with size 24x32 limits mip level from 4 to 3
[12Aug2024 14:46:00.583] [Worker-ResourceReload-8/WARN] [net.minecraft.client.renderer.texture.SpriteLoader/]: Texture minecolonies:gui/builderhut/builder_paper with size 190x244 limits mip level from 3 to 1
[12Aug2024 14:46:00.586] [Worker-ResourceReload-8/WARN] [net.minecraft.client.renderer.texture.SpriteLoader/]: Texture draconicadditions:block/animated/chaos_liquifier_front_active with size 1x8 limits mip level from 1 to 0
[12Aug2024 14:46:00.620] [Forge Version Check/INFO] [net.minecraftforge.fml.VersionChecker/]: [computercraft] Found status: UP_TO_DATE Current: 1.112.0 Target: null
[12Aug2024 14:46:00.620] [Forge Version Check/INFO] [net.minecraftforge.fml.VersionChecker/]: [refurbished_furniture] Starting version check at https://mrcrayfish.com/api/mod_update/forge/refurbished_furniture
[12Aug2024 14:46:00.836] [Forge Version Check/WARN] [net.minecraftforge.fml.VersionChecker/]: Failed to process update information
com.google.gson.JsonSyntaxException: java.lang.IllegalStateException: Expected BEGIN_OBJECT but was STRING at line 1 column 1 path $
	at com.google.gson.Gson.fromJson(Gson.java:1226) ~[gson-2.10.jar%23100!/:?]
	at com.google.gson.Gson.fromJson(Gson.java:1124) ~[gson-2.10.jar%23100!/:?]
	at com.google.gson.Gson.fromJson(Gson.java:1034) ~[gson-2.10.jar%23100!/:?]
	at com.google.gson.Gson.fromJson(Gson.java:969) ~[gson-2.10.jar%23100!/:?]
	at net.minecraftforge.fml.VersionChecker$1.process(VersionChecker.java:183) ~[fmlcore-1.20.1-47.3.5.jar%23307!/:?]
	at java.lang.Iterable.forEach(Iterable.java:75) ~[?:?]
	at net.minecraftforge.fml.VersionChecker$1.run(VersionChecker.java:114) ~[fmlcore-1.20.1-47.3.5.jar%23307!/:?]
Caused by: java.lang.IllegalStateException: Expected BEGIN_OBJECT but was STRING at line 1 column 1 path $
	at com.google.gson.stream.JsonReader.beginObject(JsonReader.java:393) ~[gson-2.10.jar%23100!/:?]
	at com.google.gson.internal.bind.MapTypeAdapterFactory$Adapter.read(MapTypeAdapterFactory.java:182) ~[gson-2.10.jar%23100!/:?]
	at com.google.gson.internal.bind.MapTypeAdapterFactory$Adapter.read(MapTypeAdapterFactory.java:144) ~[gson-2.10.jar%23100!/:?]
	at com.google.gson.Gson.fromJson(Gson.java:1214) ~[gson-2.10.jar%23100!/:?]
	... 6 more
[12Aug2024 14:46:00.837] [Forge Version Check/INFO] [net.minecraftforge.fml.VersionChecker/]: [adchimneys] Starting version check at https://forge.curseupdate.com/244830/adchimneys
[12Aug2024 14:46:00.984] [Forge Version Check/INFO] [net.minecraftforge.fml.VersionChecker/]: [adchimneys] Found status: UP_TO_DATE Current: 10.1.13.1 Target: null
[12Aug2024 14:46:00.984] [Forge Version Check/INFO] [net.minecraftforge.fml.VersionChecker/]: [framework] Starting version check at https://mrcrayfish.com/modupdatejson?id=framework
[12Aug2024 14:46:01.026] [Forge Version Check/WARN] [net.minecraftforge.fml.VersionChecker/]: Failed to process update information
com.google.gson.JsonSyntaxException: java.lang.IllegalStateException: Expected BEGIN_OBJECT but was STRING at line 1 column 1 path $
	at com.google.gson.Gson.fromJson(Gson.java:1226) ~[gson-2.10.jar%23100!/:?]
	at com.google.gson.Gson.fromJson(Gson.java:1124) ~[gson-2.10.jar%23100!/:?]
	at com.google.gson.Gson.fromJson(Gson.java:1034) ~[gson-2.10.jar%23100!/:?]
	at com.google.gson.Gson.fromJson(Gson.java:969) ~[gson-2.10.jar%23100!/:?]
	at net.minecraftforge.fml.VersionChecker$1.process(VersionChecker.java:183) ~[fmlcore-1.20.1-47.3.5.jar%23307!/:?]
	at java.lang.Iterable.forEach(Iterable.java:75) ~[?:?]
	at net.minecraftforge.fml.VersionChecker$1.run(VersionChecker.java:114) ~[fmlcore-1.20.1-47.3.5.jar%23307!/:?]
Caused by: java.lang.IllegalStateException: Expected BEGIN_OBJECT but was STRING at line 1 column 1 path $
	at com.google.gson.stream.JsonReader.beginObject(JsonReader.java:393) ~[gson-2.10.jar%23100!/:?]
	at com.google.gson.internal.bind.MapTypeAdapterFactory$Adapter.read(MapTypeAdapterFactory.java:182) ~[gson-2.10.jar%23100!/:?]
	at com.google.gson.internal.bind.MapTypeAdapterFactory$Adapter.read(MapTypeAdapterFactory.java:144) ~[gson-2.10.jar%23100!/:?]
	at com.google.gson.Gson.fromJson(Gson.java:1214) ~[gson-2.10.jar%23100!/:?]
	... 6 more
[12Aug2024 14:46:01.027] [Forge Version Check/INFO] [net.minecraftforge.fml.VersionChecker/]: [codechickenlib] Starting version check at https://version-check.covers1624.net/check/?mod=CodeChickenLib&mc=1.20.1
[12Aug2024 14:46:01.033] [Render thread/INFO] [Framework/SYNCED_ENTITY_DATA]: Registered synced data key refurbished_furniture:lock_yaw for refurbished_furniture:seat
[12Aug2024 14:46:01.327] [Worker-ResourceReload-0/INFO] [Embeddium-CCL/]: Retrieving block renderers
[12Aug2024 14:46:01.327] [Worker-ResourceReload-10/INFO] [de.keksuccino.konkrete.Konkrete/]: [KONKRETE] Client-side libs ready to use!
[12Aug2024 14:46:01.333] [Worker-ResourceReload-0/INFO] [Embeddium-CCL/]: Retrieving fluid renderers
[12Aug2024 14:46:01.333] [Worker-ResourceReload-0/INFO] [Embeddium-CCL/]: Retrieving global renderers
[12Aug2024 14:46:01.456] [Worker-ResourceReload-3/INFO] [mekanism.common.Mekanism/]: Initialized HolidayManager.
[12Aug2024 14:46:01.928] [Forge Version Check/INFO] [net.minecraftforge.fml.VersionChecker/]: [codechickenlib] Found status: UP_TO_DATE Current: 4.4.0.512 Target: null
[12Aug2024 14:46:01.929] [Forge Version Check/INFO] [net.minecraftforge.fml.VersionChecker/]: [brandonscore] Starting version check at https://version-check.covers1624.net/check/?mod=BrandonsCore&mc=1.20.1
[12Aug2024 14:46:02.066] [Render thread/INFO] [Embeddium/]: Block minecraft:birch_leaves had its color provider replaced and will not use per-vertex coloring
[12Aug2024 14:46:02.214] [Forge Version Check/INFO] [net.minecraftforge.fml.VersionChecker/]: [brandonscore] Found status: BETA Current: 3.2.1.302 Target: 3.2.1.302
[12Aug2024 14:46:02.214] [Forge Version Check/INFO] [net.minecraftforge.fml.VersionChecker/]: [draconicevolution] Starting version check at https://version-check.covers1624.net/check/?mod=Draconic-Evolution&mc=1.20.1
[12Aug2024 14:46:02.495] [Forge Version Check/INFO] [net.minecraftforge.fml.VersionChecker/]: [draconicevolution] Found status: OUTDATED Current: 3.1.2.583 Target: 3.1.2.585
[12Aug2024 14:46:02.495] [Forge Version Check/INFO] [net.minecraftforge.fml.VersionChecker/]: [jadecolonies] Starting version check at https://raw.githubusercontent.com/uecasm/jadecolonies/master/update.json
[12Aug2024 14:46:02.520] [Forge Version Check/INFO] [net.minecraftforge.fml.VersionChecker/]: [jadecolonies] Found status: AHEAD Current: 1.4.2 Target: null
[12Aug2024 14:46:02.520] [Forge Version Check/INFO] [net.minecraftforge.fml.VersionChecker/]: [ad_astra] Starting version check at https://api.modrinth.com/updates/3ufwT9JF/forge_updates.json
[12Aug2024 14:46:02.762] [Forge Version Check/INFO] [net.minecraftforge.fml.VersionChecker/]: [ad_astra] Found status: OUTDATED Current: 1.15.13 Target: 1.15.18
[12Aug2024 14:46:03.778] [Worker-ResourceReload-6/WARN] [net.minecraft.client.resources.model.ModelBakery/]: Unable to load model: 'bloodmagic:inversion_pillar_cap#inventory' referenced from: bloodmagic:inversion_pillar_cap#inventory: java.io.FileNotFoundException: bloodmagic:models/item/inversion_pillar_cap.json
[12Aug2024 14:46:03.791] [Worker-ResourceReload-6/WARN] [net.minecraft.client.resources.model.ModelBakery/]: Unable to load model: 'draconicevolution:block/structure_block' referenced from: draconicevolution:structure_block#inventory: java.io.FileNotFoundException: draconicevolution:models/block/structure_block.json
[12Aug2024 14:46:09.021] [Worker-ResourceReload-6/WARN] [net.minecraft.client.resources.model.ModelManager/]: Missing textures in model botania:potted_hydroangeas_motif#:
    minecraft:textures/atlas/blocks.png:botania:block/hydroangeas_motif
[12Aug2024 14:46:09.021] [Worker-ResourceReload-6/WARN] [net.minecraft.client.resources.model.ModelManager/]: Missing textures in model botania:potted_nightshade_motif#:
    minecraft:textures/atlas/blocks.png:botania:block/nightshade_motif
[12Aug2024 14:46:09.021] [Worker-ResourceReload-6/WARN] [net.minecraft.client.resources.model.ModelManager/]: Missing textures in model botania:potted_daybloom_motif#:
    minecraft:textures/atlas/blocks.png:botania:block/daybloom_motif
[12Aug2024 14:46:09.021] [Worker-ResourceReload-6/WARN] [net.minecraft.client.resources.model.ModelManager/]: Missing textures in model createaddition:small_light_connector#facing=west,mode=push,powered=true,rotation=x_clockwise_180,variant=default:
    minecraft:textures/atlas/blocks.png:create:block/chute_block
[12Aug2024 14:46:09.357] [Worker-ResourceReload-6/INFO] [com.github.alexmodguy.alexscaves.AlexsCaves/]: Loaded emissive block models in 320 ms
[12Aug2024 14:46:09.891] [Render thread/INFO] [com.jozufozu.flywheel.backend.Backend/]: Loaded all shader sources.
[12Aug2024 14:46:09.902] [Worker-ResourceReload-6/INFO] [pneumaticcraft/]: Sending IMC messages.
[12Aug2024 14:46:09.979] [Worker-ResourceReload-3/INFO] [weather2.Weather/]: Got IMC []
[12Aug2024 14:46:10.109] [Worker-ResourceReload-4/WARN] [minecolonies/]: Register mappings
[12Aug2024 14:46:10.121] [Worker-ResourceReload-0/INFO] [Jade/]: Start loading plugin at me.desht.pneumaticcraft.common.thirdparty.waila.WailaRegistration
[12Aug2024 14:46:10.147] [Worker-ResourceReload-0/INFO] [Jade/]: Start loading plugin at blusunrize.immersiveengineering.common.util.compat.jade.IEWailaPlugin
[12Aug2024 14:46:10.150] [Worker-ResourceReload-0/INFO] [Jade/]: Start loading plugin at snownee.jade.addon.vanilla.VanillaPlugin
[12Aug2024 14:46:10.202] [Worker-ResourceReload-0/INFO] [Jade/]: Start loading plugin at snownee.jade.addon.universal.UniversalPlugin
[12Aug2024 14:46:10.209] [Worker-ResourceReload-0/INFO] [Jade/]: Start loading plugin at snownee.jade.addon.core.CorePlugin
[12Aug2024 14:46:10.218] [Worker-ResourceReload-0/INFO] [Jade/]: Start loading plugin at appeng.integration.modules.jade.JadeModule
[12Aug2024 14:46:10.248] [Worker-ResourceReload-0/INFO] [Jade/]: Start loading plugin at mekanism.common.integration.lookingat.jade.MekanismJadePlugin
[12Aug2024 14:46:10.254] [Worker-ResourceReload-0/INFO] [Jade/]: Start loading plugin at de.maxhenkel.gravestone.integration.waila.PluginGraveStone
[12Aug2024 14:46:10.255] [Worker-ResourceReload-0/INFO] [Jade/]: Start loading plugin at snownee.jade.addon.JadeAddonsBase
[12Aug2024 14:46:10.276] [Worker-ResourceReload-0/INFO] [Jade/]: Start loading plugin at nz.co.mirality.jadecolonies.JadePlugin
[12Aug2024 14:46:10.310] [Render thread/ERROR] [forgeendertech/]: java.lang.ClassNotFoundException: blusunrize.immersiveengineering.common.blocks.metal.CrusherBlockEntity
[12Aug2024 14:46:11.165] [Render thread/WARN] [net.minecraft.client.sounds.SoundEngine/]: Missing sound for event: minecraft:item.goat_horn.play
[12Aug2024 14:46:11.165] [Render thread/WARN] [net.minecraft.client.sounds.SoundEngine/]: Missing sound for event: minecraft:entity.goat.screaming.horn_break
[12Aug2024 14:46:11.166] [Render thread/WARN] [net.minecraft.client.sounds.SoundEngine/]: Missing sound for event: alexscaves:abyssal_chasm_ambience_mood
[12Aug2024 14:46:11.167] [Render thread/WARN] [net.minecraft.client.sounds.SoundEngine/]: Missing sound for event: alexscaves:luxtructosaurus_breath
[12Aug2024 14:46:11.170] [Render thread/WARN] [net.minecraft.client.sounds.SoundEngine/]: Missing sound for event: minecolonies:citizen.child.male1.general
[12Aug2024 14:46:11.170] [Render thread/WARN] [net.minecraft.client.sounds.SoundEngine/]: Missing sound for event: minecolonies:citizen.child.female1.general
[12Aug2024 14:46:11.170] [Render thread/WARN] [net.minecraft.client.sounds.SoundEngine/]: Missing sound for event: minecolonies:citizen.child.male2.general
[12Aug2024 14:46:11.170] [Render thread/WARN] [net.minecraft.client.sounds.SoundEngine/]: Missing sound for event: minecolonies:citizen.child.female2.general
[12Aug2024 14:46:11.170] [Render thread/WARN] [net.minecraft.client.sounds.SoundEngine/]: Missing sound for event: minecolonies:citizen.child.male3.general
[12Aug2024 14:46:11.170] [Render thread/WARN] [net.minecraft.client.sounds.SoundEngine/]: Missing sound for event: minecolonies:citizen.child.female3.general
[12Aug2024 14:46:11.170] [Render thread/WARN] [net.minecraft.client.sounds.SoundEngine/]: Missing sound for event: minecolonies:citizen.child.male4.general
[12Aug2024 14:46:11.170] [Render thread/WARN] [net.minecraft.client.sounds.SoundEngine/]: Missing sound for event: minecolonies:citizen.child.female4.general
[12Aug2024 14:46:11.170] [Render thread/WARN] [net.minecraft.client.sounds.SoundEngine/]: Missing sound for event: minecolonies:citizen.child.male1.noise
[12Aug2024 14:46:11.170] [Render thread/WARN] [net.minecraft.client.sounds.SoundEngine/]: Missing sound for event: minecolonies:citizen.child.female1.noise
[12Aug2024 14:46:11.170] [Render thread/WARN] [net.minecraft.client.sounds.SoundEngine/]: Missing sound for event: minecolonies:citizen.child.male2.noise
[12Aug2024 14:46:11.170] [Render thread/WARN] [net.minecraft.client.sounds.SoundEngine/]: Missing sound for event: minecolonies:citizen.child.female2.noise
[12Aug2024 14:46:11.170] [Render thread/WARN] [net.minecraft.client.sounds.SoundEngine/]: Missing sound for event: minecolonies:citizen.child.male3.noise
[12Aug2024 14:46:11.170] [Render thread/WARN] [net.minecraft.client.sounds.SoundEngine/]: Missing sound for event: minecolonies:citizen.child.female3.noise
[12Aug2024 14:46:11.170] [Render thread/WARN] [net.minecraft.client.sounds.SoundEngine/]: Missing sound for event: minecolonies:citizen.child.male4.noise
[12Aug2024 14:46:11.170] [Render thread/WARN] [net.minecraft.client.sounds.SoundEngine/]: Missing sound for event: minecolonies:citizen.child.female4.noise
[12Aug2024 14:46:11.170] [Render thread/WARN] [net.minecraft.client.sounds.SoundEngine/]: Missing sound for event: minecolonies:citizen.child.male1.gotobed
[12Aug2024 14:46:11.170] [Render thread/WARN] [net.minecraft.client.sounds.SoundEngine/]: Missing sound for event: minecolonies:citizen.child.female1.gotobed
[12Aug2024 14:46:11.170] [Render thread/WARN] [net.minecraft.client.sounds.SoundEngine/]: Missing sound for event: minecolonies:citizen.child.male2.gotobed
[12Aug2024 14:46:11.170] [Render thread/WARN] [net.minecraft.client.sounds.SoundEngine/]: Missing sound for event: minecolonies:citizen.child.female2.gotobed
[12Aug2024 14:46:11.170] [Render thread/WARN] [net.minecraft.client.sounds.SoundEngine/]: Missing sound for event: minecolonies:citizen.child.male3.gotobed
[12Aug2024 14:46:11.170] [Render thread/WARN] [net.minecraft.client.sounds.SoundEngine/]: Missing sound for event: minecolonies:citizen.child.female3.gotobed
[12Aug2024 14:46:11.171] [Render thread/WARN] [net.minecraft.client.sounds.SoundEngine/]: Missing sound for event: minecolonies:citizen.child.male4.gotobed
[12Aug2024 14:46:11.171] [Render thread/WARN] [net.minecraft.client.sounds.SoundEngine/]: Missing sound for event: minecolonies:citizen.child.female4.gotobed
[12Aug2024 14:46:11.171] [Render thread/WARN] [net.minecraft.client.sounds.SoundEngine/]: Missing sound for event: minecolonies:citizen.child.male1.badweather
[12Aug2024 14:46:11.171] [Render thread/WARN] [net.minecraft.client.sounds.SoundEngine/]: Missing sound for event: minecolonies:citizen.child.female1.badweather
[12Aug2024 14:46:11.171] [Render thread/WARN] [net.minecraft.client.sounds.SoundEngine/]: Missing sound for event: minecolonies:citizen.child.male2.badweather
[12Aug2024 14:46:11.171] [Render thread/WARN] [net.minecraft.client.sounds.SoundEngine/]: Missing sound for event: minecolonies:citizen.child.female2.badweather
[12Aug2024 14:46:11.171] [Render thread/WARN] [net.minecraft.client.sounds.SoundEngine/]: Missing sound for event: minecolonies:citizen.child.male3.badweather
[12Aug2024 14:46:11.171] [Render thread/WARN] [net.minecraft.client.sounds.SoundEngine/]: Missing sound for event: minecolonies:citizen.child.female3.badweather
[12Aug2024 14:46:11.171] [Render thread/WARN] [net.minecraft.client.sounds.SoundEngine/]: Missing sound for event: minecolonies:citizen.child.male4.badweather
[12Aug2024 14:46:11.171] [Render thread/WARN] [net.minecraft.client.sounds.SoundEngine/]: Missing sound for event: minecolonies:citizen.child.female4.badweather
[12Aug2024 14:46:11.171] [Render thread/WARN] [net.minecraft.client.sounds.SoundEngine/]: Missing sound for event: minecolonies:citizen.child.male1.lowsaturation
[12Aug2024 14:46:11.171] [Render thread/WARN] [net.minecraft.client.sounds.SoundEngine/]: Missing sound for event: minecolonies:citizen.child.female1.lowsaturation
[12Aug2024 14:46:11.171] [Render thread/WARN] [net.minecraft.client.sounds.SoundEngine/]: Missing sound for event: minecolonies:citizen.child.male2.lowsaturation
[12Aug2024 14:46:11.171] [Render thread/WARN] [net.minecraft.client.sounds.SoundEngine/]: Missing sound for event: minecolonies:citizen.child.female2.lowsaturation
[12Aug2024 14:46:11.171] [Render thread/WARN] [net.minecraft.client.sounds.SoundEngine/]: Missing sound for event: minecolonies:citizen.child.male3.lowsaturation
[12Aug2024 14:46:11.171] [Render thread/WARN] [net.minecraft.client.sounds.SoundEngine/]: Missing sound for event: minecolonies:citizen.child.female3.lowsaturation
[12Aug2024 14:46:11.171] [Render thread/WARN] [net.minecraft.client.sounds.SoundEngine/]: Missing sound for event: minecolonies:citizen.child.male4.lowsaturation
[12Aug2024 14:46:11.171] [Render thread/WARN] [net.minecraft.client.sounds.SoundEngine/]: Missing sound for event: minecolonies:citizen.child.female4.lowsaturation
[12Aug2024 14:46:11.171] [Render thread/WARN] [net.minecraft.client.sounds.SoundEngine/]: Missing sound for event: minecolonies:citizen.child.male1.highsaturation
[12Aug2024 14:46:11.171] [Render thread/WARN] [net.minecraft.client.sounds.SoundEngine/]: Missing sound for event: minecolonies:citizen.child.female1.highsaturation
[12Aug2024 14:46:11.171] [Render thread/WARN] [net.minecraft.client.sounds.SoundEngine/]: Missing sound for event: minecolonies:citizen.child.male2.highsaturation
[12Aug2024 14:46:11.171] [Render thread/WARN] [net.minecraft.client.sounds.SoundEngine/]: Missing sound for event: minecolonies:citizen.child.female2.highsaturation
[12Aug2024 14:46:11.171] [Render thread/WARN] [net.minecraft.client.sounds.SoundEngine/]: Missing sound for event: minecolonies:citizen.child.male3.highsaturation
[12Aug2024 14:46:11.171] [Render thread/WARN] [net.minecraft.client.sounds.SoundEngine/]: Missing sound for event: minecolonies:citizen.child.female3.highsaturation
[12Aug2024 14:46:11.171] [Render thread/WARN] [net.minecraft.client.sounds.SoundEngine/]: Missing sound for event: minecolonies:citizen.child.male4.highsaturation
[12Aug2024 14:46:11.172] [Render thread/WARN] [net.minecraft.client.sounds.SoundEngine/]: Missing sound for event: minecolonies:citizen.child.female4.highsaturation
[12Aug2024 14:46:11.172] [Render thread/WARN] [net.minecraft.client.sounds.SoundEngine/]: Missing sound for event: minecolonies:citizen.child.male1.badhousing
[12Aug2024 14:46:11.172] [Render thread/WARN] [net.minecraft.client.sounds.SoundEngine/]: Missing sound for event: minecolonies:citizen.child.female1.badhousing
[12Aug2024 14:46:11.172] [Render thread/WARN] [net.minecraft.client.sounds.SoundEngine/]: Missing sound for event: minecolonies:citizen.child.male2.badhousing
[12Aug2024 14:46:11.172] [Render thread/WARN] [net.minecraft.client.sounds.SoundEngine/]: Missing sound for event: minecolonies:citizen.child.female2.badhousing
[12Aug2024 14:46:11.172] [Render thread/WARN] [net.minecraft.client.sounds.SoundEngine/]: Missing sound for event: minecolonies:citizen.child.male3.badhousing
[12Aug2024 14:46:11.172] [Render thread/WARN] [net.minecraft.client.sounds.SoundEngine/]: Missing sound for event: minecolonies:citizen.child.female3.badhousing
[12Aug2024 14:46:11.172] [Render thread/WARN] [net.minecraft.client.sounds.SoundEngine/]: Missing sound for event: minecolonies:citizen.child.male4.badhousing
[12Aug2024 14:46:11.172] [Render thread/WARN] [net.minecraft.client.sounds.SoundEngine/]: Missing sound for event: minecolonies:citizen.child.female4.badhousing
[12Aug2024 14:46:11.172] [Render thread/WARN] [net.minecraft.client.sounds.SoundEngine/]: Missing sound for event: minecolonies:citizen.child.male1.goodhousing
[12Aug2024 14:46:11.172] [Render thread/WARN] [net.minecraft.client.sounds.SoundEngine/]: Missing sound for event: minecolonies:citizen.child.female1.goodhousing
[12Aug2024 14:46:11.172] [Render thread/WARN] [net.minecraft.client.sounds.SoundEngine/]: Missing sound for event: minecolonies:citizen.child.male2.goodhousing
[12Aug2024 14:46:11.172] [Render thread/WARN] [net.minecraft.client.sounds.SoundEngine/]: Missing sound for event: minecolonies:citizen.child.female2.goodhousing
[12Aug2024 14:46:11.172] [Render thread/WARN] [net.minecraft.client.sounds.SoundEngine/]: Missing sound for event: minecolonies:citizen.child.male3.goodhousing
[12Aug2024 14:46:11.172] [Render thread/WARN] [net.minecraft.client.sounds.SoundEngine/]: Missing sound for event: minecolonies:citizen.child.female3.goodhousing
[12Aug2024 14:46:11.172] [Render thread/WARN] [net.minecraft.client.sounds.SoundEngine/]: Missing sound for event: minecolonies:citizen.child.male4.goodhousing
[12Aug2024 14:46:11.172] [Render thread/WARN] [net.minecraft.client.sounds.SoundEngine/]: Missing sound for event: minecolonies:citizen.child.female4.goodhousing
[12Aug2024 14:46:11.172] [Render thread/WARN] [net.minecraft.client.sounds.SoundEngine/]: Missing sound for event: minecolonies:citizen.child.male1.greeting
[12Aug2024 14:46:11.172] [Render thread/WARN] [net.minecraft.client.sounds.SoundEngine/]: Missing sound for event: minecolonies:citizen.child.female1.greeting
[12Aug2024 14:46:11.172] [Render thread/WARN] [net.minecraft.client.sounds.SoundEngine/]: Missing sound for event: minecolonies:citizen.child.male2.greeting
[12Aug2024 14:46:11.173] [Render thread/WARN] [net.minecraft.client.sounds.SoundEngine/]: Missing sound for event: minecolonies:citizen.child.female2.greeting
[12Aug2024 14:46:11.173] [Render thread/WARN] [net.minecraft.client.sounds.SoundEngine/]: Missing sound for event: minecolonies:citizen.child.male3.greeting
[12Aug2024 14:46:11.173] [Render thread/WARN] [net.minecraft.client.sounds.SoundEngine/]: Missing sound for event: minecolonies:citizen.child.female3.greeting
[12Aug2024 14:46:11.173] [Render thread/WARN] [net.minecraft.client.sounds.SoundEngine/]: Missing sound for event: minecolonies:citizen.child.male4.greeting
[12Aug2024 14:46:11.173] [Render thread/WARN] [net.minecraft.client.sounds.SoundEngine/]: Missing sound for event: minecolonies:citizen.child.female4.greeting
[12Aug2024 14:46:11.173] [Render thread/WARN] [net.minecraft.client.sounds.SoundEngine/]: Missing sound for event: minecolonies:citizen.child.male1.farewell
[12Aug2024 14:46:11.173] [Render thread/WARN] [net.minecraft.client.sounds.SoundEngine/]: Missing sound for event: minecolonies:citizen.child.female1.farewell
[12Aug2024 14:46:11.173] [Render thread/WARN] [net.minecraft.client.sounds.SoundEngine/]: Missing sound for event: minecolonies:citizen.child.male2.farewell
[12Aug2024 14:46:11.173] [Render thread/WARN] [net.minecraft.client.sounds.SoundEngine/]: Missing sound for event: minecolonies:citizen.child.female2.farewell
[12Aug2024 14:46:11.173] [Render thread/WARN] [net.minecraft.client.sounds.SoundEngine/]: Missing sound for event: minecolonies:citizen.child.male3.farewell
[12Aug2024 14:46:11.173] [Render thread/WARN] [net.minecraft.client.sounds.SoundEngine/]: Missing sound for event: minecolonies:citizen.child.female3.farewell
[12Aug2024 14:46:11.173] [Render thread/WARN] [net.minecraft.client.sounds.SoundEngine/]: Missing sound for event: minecolonies:citizen.child.male4.farewell
[12Aug2024 14:46:11.173] [Render thread/WARN] [net.minecraft.client.sounds.SoundEngine/]: Missing sound for event: minecolonies:citizen.child.female4.farewell
[12Aug2024 14:46:11.173] [Render thread/WARN] [net.minecraft.client.sounds.SoundEngine/]: Missing sound for event: minecolonies:citizen.child.male1.missingequipment
[12Aug2024 14:46:11.173] [Render thread/WARN] [net.minecraft.client.sounds.SoundEngine/]: Missing sound for event: minecolonies:citizen.child.female1.missingequipment
[12Aug2024 14:46:11.173] [Render thread/WARN] [net.minecraft.client.sounds.SoundEngine/]: Missing sound for event: minecolonies:citizen.child.male2.missingequipment
[12Aug2024 14:46:11.173] [Render thread/WARN] [net.minecraft.client.sounds.SoundEngine/]: Missing sound for event: minecolonies:citizen.child.female2.missingequipment
[12Aug2024 14:46:11.173] [Render thread/WARN] [net.minecraft.client.sounds.SoundEngine/]: Missing sound for event: minecolonies:citizen.child.male3.missingequipment
[12Aug2024 14:46:11.173] [Render thread/WARN] [net.minecraft.client.sounds.SoundEngine/]: Missing sound for event: minecolonies:citizen.child.female3.missingequipment
[12Aug2024 14:46:11.173] [Render thread/WARN] [net.minecraft.client.sounds.SoundEngine/]: Missing sound for event: minecolonies:citizen.child.male4.missingequipment
[12Aug2024 14:46:11.173] [Render thread/WARN] [net.minecraft.client.sounds.SoundEngine/]: Missing sound for event: minecolonies:citizen.child.female4.missingequipment
[12Aug2024 14:46:11.173] [Render thread/WARN] [net.minecraft.client.sounds.SoundEngine/]: Missing sound for event: minecolonies:citizen.child.male1.happy
[12Aug2024 14:46:11.173] [Render thread/WARN] [net.minecraft.client.sounds.SoundEngine/]: Missing sound for event: minecolonies:citizen.child.female1.happy
[12Aug2024 14:46:11.174] [Render thread/WARN] [net.minecraft.client.sounds.SoundEngine/]: Missing sound for event: minecolonies:citizen.child.male2.happy
[12Aug2024 14:46:11.174] [Render thread/WARN] [net.minecraft.client.sounds.SoundEngine/]: Missing sound for event: minecolonies:citizen.child.female2.happy
[12Aug2024 14:46:11.174] [Render thread/WARN] [net.minecraft.client.sounds.SoundEngine/]: Missing sound for event: minecolonies:citizen.child.male3.happy
[12Aug2024 14:46:11.174] [Render thread/WARN] [net.minecraft.client.sounds.SoundEngine/]: Missing sound for event: minecolonies:citizen.child.female3.happy
[12Aug2024 14:46:11.174] [Render thread/WARN] [net.minecraft.client.sounds.SoundEngine/]: Missing sound for event: minecolonies:citizen.child.male4.happy
[12Aug2024 14:46:11.174] [Render thread/WARN] [net.minecraft.client.sounds.SoundEngine/]: Missing sound for event: minecolonies:citizen.child.female4.happy
[12Aug2024 14:46:11.174] [Render thread/WARN] [net.minecraft.client.sounds.SoundEngine/]: Missing sound for event: minecolonies:citizen.child.male1.unhappy
[12Aug2024 14:46:11.174] [Render thread/WARN] [net.minecraft.client.sounds.SoundEngine/]: Missing sound for event: minecolonies:citizen.child.female1.unhappy
[12Aug2024 14:46:11.174] [Render thread/WARN] [net.minecraft.client.sounds.SoundEngine/]: Missing sound for event: minecolonies:citizen.child.male2.unhappy
[12Aug2024 14:46:11.174] [Render thread/WARN] [net.minecraft.client.sounds.SoundEngine/]: Missing sound for event: minecolonies:citizen.child.female2.unhappy
[12Aug2024 14:46:11.174] [Render thread/WARN] [net.minecraft.client.sounds.SoundEngine/]: Missing sound for event: minecolonies:citizen.child.male3.unhappy
[12Aug2024 14:46:11.174] [Render thread/WARN] [net.minecraft.client.sounds.SoundEngine/]: Missing sound for event: minecolonies:citizen.child.female3.unhappy
[12Aug2024 14:46:11.174] [Render thread/WARN] [net.minecraft.client.sounds.SoundEngine/]: Missing sound for event: minecolonies:citizen.child.male4.unhappy
[12Aug2024 14:46:11.174] [Render thread/WARN] [net.minecraft.client.sounds.SoundEngine/]: Missing sound for event: minecolonies:citizen.child.female4.unhappy
[12Aug2024 14:46:11.174] [Render thread/WARN] [net.minecraft.client.sounds.SoundEngine/]: Missing sound for event: minecolonies:citizen.child.male1.sick
[12Aug2024 14:46:11.174] [Render thread/WARN] [net.minecraft.client.sounds.SoundEngine/]: Missing sound for event: minecolonies:citizen.child.female1.sick
[12Aug2024 14:46:11.174] [Render thread/WARN] [net.minecraft.client.sounds.SoundEngine/]: Missing sound for event: minecolonies:citizen.child.male2.sick
[12Aug2024 14:46:11.174] [Render thread/WARN] [net.minecraft.client.sounds.SoundEngine/]: Missing sound for event: minecolonies:citizen.child.female2.sick
[12Aug2024 14:46:11.174] [Render thread/WARN] [net.minecraft.client.sounds.SoundEngine/]: Missing sound for event: minecolonies:citizen.child.male3.sick
[12Aug2024 14:46:11.175] [Render thread/WARN] [net.minecraft.client.sounds.SoundEngine/]: Missing sound for event: minecolonies:citizen.child.female3.sick
[12Aug2024 14:46:11.175] [Render thread/WARN] [net.minecraft.client.sounds.SoundEngine/]: Missing sound for event: minecolonies:citizen.child.male4.sick
[12Aug2024 14:46:11.175] [Render thread/WARN] [net.minecraft.client.sounds.SoundEngine/]: Missing sound for event: minecolonies:citizen.child.female4.sick
[12Aug2024 14:46:11.175] [Render thread/WARN] [net.minecraft.client.sounds.SoundEngine/]: Missing sound for event: minecolonies:citizen.child.male1.interaction
[12Aug2024 14:46:11.175] [Render thread/WARN] [net.minecraft.client.sounds.SoundEngine/]: Missing sound for event: minecolonies:citizen.child.female1.interaction
[12Aug2024 14:46:11.175] [Render thread/WARN] [net.minecraft.client.sounds.SoundEngine/]: Missing sound for event: minecolonies:citizen.child.male2.interaction
[12Aug2024 14:46:11.175] [Render thread/WARN] [net.minecraft.client.sounds.SoundEngine/]: Missing sound for event: minecolonies:citizen.child.female2.interaction
[12Aug2024 14:46:11.175] [Render thread/WARN] [net.minecraft.client.sounds.SoundEngine/]: Missing sound for event: minecolonies:citizen.child.male3.interaction
[12Aug2024 14:46:11.175] [Render thread/WARN] [net.minecraft.client.sounds.SoundEngine/]: Missing sound for event: minecolonies:citizen.child.female3.interaction
[12Aug2024 14:46:11.175] [Render thread/WARN] [net.minecraft.client.sounds.SoundEngine/]: Missing sound for event: minecolonies:citizen.child.male4.interaction
[12Aug2024 14:46:11.175] [Render thread/WARN] [net.minecraft.client.sounds.SoundEngine/]: Missing sound for event: minecolonies:citizen.child.female4.interaction
[12Aug2024 14:46:11.175] [Render thread/WARN] [net.minecraft.client.sounds.SoundEngine/]: Missing sound for event: minecolonies:citizen.child.male1.success
[12Aug2024 14:46:11.175] [Render thread/WARN] [net.minecraft.client.sounds.SoundEngine/]: Missing sound for event: minecolonies:citizen.child.female1.success
[12Aug2024 14:46:11.175] [Render thread/WARN] [net.minecraft.client.sounds.SoundEngine/]: Missing sound for event: minecolonies:citizen.child.male2.success
[12Aug2024 14:46:11.175] [Render thread/WARN] [net.minecraft.client.sounds.SoundEngine/]: Missing sound for event: minecolonies:citizen.child.female2.success
[12Aug2024 14:46:11.175] [Render thread/WARN] [net.minecraft.client.sounds.SoundEngine/]: Missing sound for event: minecolonies:citizen.child.male3.success
[12Aug2024 14:46:11.175] [Render thread/WARN] [net.minecraft.client.sounds.SoundEngine/]: Missing sound for event: minecolonies:citizen.child.female3.success
[12Aug2024 14:46:11.175] [Render thread/WARN] [net.minecraft.client.sounds.SoundEngine/]: Missing sound for event: minecolonies:citizen.child.male4.success
[12Aug2024 14:46:11.175] [Render thread/WARN] [net.minecraft.client.sounds.SoundEngine/]: Missing sound for event: minecolonies:citizen.child.female4.success
[12Aug2024 14:46:11.175] [Render thread/WARN] [net.minecraft.client.sounds.SoundEngine/]: Missing sound for event: minecolonies:citizen.child.male1.danger
[12Aug2024 14:46:11.175] [Render thread/WARN] [net.minecraft.client.sounds.SoundEngine/]: Missing sound for event: minecolonies:citizen.child.female1.danger
[12Aug2024 14:46:11.175] [Render thread/WARN] [net.minecraft.client.sounds.SoundEngine/]: Missing sound for event: minecolonies:citizen.child.male2.danger
[12Aug2024 14:46:11.175] [Render thread/WARN] [net.minecraft.client.sounds.SoundEngine/]: Missing sound for event: minecolonies:citizen.child.female2.danger
[12Aug2024 14:46:11.175] [Render thread/WARN] [net.minecraft.client.sounds.SoundEngine/]: Missing sound for event: minecolonies:citizen.child.male3.danger
[12Aug2024 14:46:11.175] [Render thread/WARN] [net.minecraft.client.sounds.SoundEngine/]: Missing sound for event: minecolonies:citizen.child.female3.danger
[12Aug2024 14:46:11.175] [Render thread/WARN] [net.minecraft.client.sounds.SoundEngine/]: Missing sound for event: minecolonies:citizen.child.male4.danger
[12Aug2024 14:46:11.175] [Render thread/WARN] [net.minecraft.client.sounds.SoundEngine/]: Missing sound for event: minecolonies:citizen.child.female4.danger
[12Aug2024 14:46:11.920] [Render thread/INFO] [com.mojang.blaze3d.audio.Library/]: OpenAL initialized on device OpenAL Soft on Headphones (Realtek(R) Audio)
[12Aug2024 14:46:11.921] [Render thread/INFO] [net.minecraft.client.sounds.SoundEngine/SOUNDS]: Sound engine started
[12Aug2024 14:46:11.922] [Render thread/INFO] [net.minecraft.client.sounds.SoundEngine/]: [FANCYMENU] Reloading AudioResourceHandler after Minecraft SoundEngine reload..
[12Aug2024 14:46:11.994] [Render thread/INFO] [net.minecraft.client.renderer.texture.TextureAtlas/]: Created: 8192x4096x4 minecraft:textures/atlas/blocks.png-atlas
[12Aug2024 14:46:12.113] [Render thread/INFO] [net.minecraft.client.renderer.texture.TextureAtlas/]: Created: 512x256x4 minecraft:textures/atlas/signs.png-atlas
[12Aug2024 14:46:12.113] [Render thread/INFO] [net.minecraft.client.renderer.texture.TextureAtlas/]: Created: 1024x512x4 minecraft:textures/atlas/banner_patterns.png-atlas
[12Aug2024 14:46:12.115] [Render thread/INFO] [net.minecraft.client.renderer.texture.TextureAtlas/]: Created: 1024x1024x4 minecraft:textures/atlas/shield_patterns.png-atlas
[12Aug2024 14:46:12.117] [Render thread/INFO] [net.minecraft.client.renderer.texture.TextureAtlas/]: Created: 64x64x4 refurbished_furniture:textures/atlas/tv_channels.png-atlas
[12Aug2024 14:46:12.118] [Render thread/INFO] [net.minecraft.client.renderer.texture.TextureAtlas/]: Created: 1024x1024x4 minecraft:textures/atlas/armor_trims.png-atlas
[12Aug2024 14:46:12.122] [Render thread/INFO] [net.minecraft.client.renderer.texture.TextureAtlas/]: Created: 256x256x4 minecraft:textures/atlas/chest.png-atlas
[12Aug2024 14:46:12.123] [Render thread/INFO] [net.minecraft.client.renderer.texture.TextureAtlas/]: Created: 128x128x4 minecraft:textures/atlas/decorated_pot.png-atlas
[12Aug2024 14:46:12.123] [Render thread/INFO] [net.minecraft.client.renderer.texture.TextureAtlas/]: Created: 512x256x4 minecraft:textures/atlas/shulker_boxes.png-atlas
[12Aug2024 14:46:12.124] [Render thread/INFO] [net.minecraft.client.renderer.texture.TextureAtlas/]: Created: 512x256x4 minecraft:textures/atlas/beds.png-atlas
[12Aug2024 14:46:12.507] [Render thread/WARN] [com.github.alexmodguy.alexscaves.AlexsCaves/]: Could not apply radiation glow layer to alexscaves:ferrouslime, has custom renderer that is not LivingEntityRenderer.
[12Aug2024 14:46:12.508] [Render thread/WARN] [com.github.alexmodguy.alexscaves.AlexsCaves/]: Could not apply radiation glow layer to draconicevolution:draconic_guardian, has custom renderer that is not LivingEntityRenderer.
[12Aug2024 14:46:12.665] [Render thread/WARN] [net.minecraft.client.renderer.ShaderInstance/]: Shader rendertype_entity_translucent_emissive could not find sampler named Sampler2 in the specified shader program.
[12Aug2024 14:46:12.707] [Render thread/WARN] [net.minecraft.client.renderer.ShaderInstance/]: Shader alexscaves:rendertype_red_ghost could not find sampler named Sampler2 in the specified shader program.
[12Aug2024 14:46:12.707] [Render thread/INFO] [com.github.alexmodguy.alexscaves.AlexsCaves/]: registered internal shaders
[12Aug2024 14:46:12.715] [Render thread/WARN] [net.minecraft.client.renderer.ShaderInstance/]: Shader botania:film_grain_particle could not find sampler named Sampler2 in the specified shader program.
[12Aug2024 14:46:12.758] [Render thread/WARN] [net.minecraft.client.renderer.ShaderInstance/]: Shader brandonscore:contributor/badge_outline could not find uniform named BaseColor in the specified shader program.
[12Aug2024 14:46:12.760] [Render thread/WARN] [net.minecraft.client.renderer.ShaderInstance/]: Shader brandonscore:contributor/patreon_core could not find uniform named Transition in the specified shader program.
[12Aug2024 14:46:12.832] [Render thread/WARN] [net.minecraft.client.renderer.EffectInstance/]: Shader bumpy could not find uniform named OutSize in the specified shader program.
[12Aug2024 14:46:12.845] [Render thread/INFO] [net.minecraft.client.renderer.texture.TextureAtlas/]: Created: 2048x2048x0 minecraft:textures/atlas/particles.png-atlas
[12Aug2024 14:46:12.853] [Render thread/INFO] [net.minecraft.client.renderer.texture.TextureAtlas/]: Created: 256x256x0 minecraft:textures/atlas/paintings.png-atlas
[12Aug2024 14:46:12.853] [Render thread/INFO] [net.minecraft.client.renderer.texture.TextureAtlas/]: Created: 256x128x0 minecraft:textures/atlas/mob_effects.png-atlas
[12Aug2024 14:46:12.874] [Render thread/INFO] [net.minecraft.client.renderer.texture.TextureAtlas/]: Created: 512x256x0 mekanism:textures/atlas/robit.png-atlas
[12Aug2024 14:46:12.885] [Render thread/INFO] [patchouli/]: BookContentResourceListenerLoader preloaded 887 jsons
[12Aug2024 14:46:12.922] [Render thread/INFO] [net.minecraft.client.renderer.texture.TextureAtlas/]: Created: 128x128x0 computercraft:textures/atlas/gui.png-atlas
[12Aug2024 14:46:12.923] [Render thread/INFO] [net.minecraft.client.renderer.texture.TextureAtlas/]: Created: 512x256x0 codechickenlib:textures/atlas/gui.png-atlas
[12Aug2024 14:46:12.925] [Render thread/INFO] [net.minecraft.client.renderer.texture.TextureAtlas/]: Created: 512x512x0 brandonscore:textures/atlas/gui.png-atlas
[12Aug2024 14:46:12.926] [Render thread/INFO] [net.minecraft.client.renderer.texture.TextureAtlas/]: Created: 256x256x0 draconicevolution:textures/atlas/module.png-atlas
[12Aug2024 14:46:12.927] [Render thread/INFO] [net.minecraft.client.renderer.texture.TextureAtlas/]: Created: 2048x1024x0 draconicevolution:textures/atlas/gui.png-atlas
[12Aug2024 14:46:12.948] [Render thread/INFO] [de.keksuccino.fancymenu.util.resource.ResourceHandlers/]: [FANCYMENU] Reloading resources..
[12Aug2024 14:46:12.951] [Render thread/INFO] [de.keksuccino.fancymenu.util.resource.preload.ResourcePreLoader/]: [FANCYMENU] Pre-loading resources..
[12Aug2024 14:46:12.954] [Render thread/INFO] [de.keksuccino.fancymenu.customization.layer.ScreenCustomizationLayerHandler/]: [FANCYMENU] Updating animation sizes..
[12Aug2024 14:46:12.954] [Render thread/INFO] [de.keksuccino.fancymenu.customization.layer.ScreenCustomizationLayerHandler/]: [FANCYMENU] Minecraft resource reload: FINISHED
[12Aug2024 14:46:12.967] [Render thread/INFO] [de.keksuccino.fancymenu.customization.layer.ScreenCustomizationLayerHandler/]: [FANCYMENU] ScreenCustomizationLayer registered: title_screen
[12Aug2024 14:46:15.006] [Render thread/WARN] [ModernFix/]: Game took 59.247 seconds to start
[12Aug2024 14:46:17.760] [Render thread/INFO] [de.keksuccino.fancymenu.customization.layer.ScreenCustomizationLayerHandler/]: [FANCYMENU] ScreenCustomizationLayer registered: select_world_screen
[12Aug2024 14:46:48.969] [Render thread/INFO] [de.keksuccino.fancymenu.customization.layer.ScreenCustomizationLayerHandler/]: [FANCYMENU] ScreenCustomizationLayer registered: generic_dirt_message_screen
[12Aug2024 14:46:50.199] [Render thread/INFO] [KubeJS Server/]: Loaded script server_scripts:bloodmagic/meteors.js in 0.003 s
[12Aug2024 14:46:50.201] [Render thread/INFO] [KubeJS Server/]: Loaded script server_scripts:bloodmagic/more_gating.js in 0.001 s
[12Aug2024 14:46:50.203] [Render thread/INFO] [KubeJS Server/]: Loaded script server_scripts:botania/gating_stuff.js in 0.002 s
[12Aug2024 14:46:50.209] [Render thread/INFO] [KubeJS Server/]: Loaded script server_scripts:integration/create/create_integration_gate.js in 0.006 s
[12Aug2024 14:46:50.210] [Render thread/INFO] [KubeJS Server/]: Loaded script server_scripts:integration/create/other_create_integration.js in 0.001 s
[12Aug2024 14:46:50.210] [Render thread/INFO] [KubeJS Server/]: Loaded 5/5 KubeJS server scripts in 0.028 s with 0 errors and 0 warnings
[12Aug2024 14:46:50.218] [Render thread/INFO] [KubeJS Server/]: Scripts loaded
[12Aug2024 14:46:50.232] [Render thread/INFO] [KubeJS Server/]: Initializing recipe event...
[12Aug2024 14:46:52.203] [Worker-ResourceReload-4/INFO] [KubeJS Server/]: [minecraft:item] Found 1199 tags, added 0 objects, removed 2 objects
[12Aug2024 14:46:52.838] [Render thread/INFO] [KubeJS Server/]: Processing recipes...
[12Aug2024 14:46:52.869] [Render thread/WARN] [KubeJS Server/]: Failed to parse recipe 'botania:brew/fire_resistance[botania:brew]'! Falling back to vanilla: Cannot invoke "net.minecraft.core.Registry.m_7745_(net.minecraft.resources.ResourceLocation)" because "com.prunoideae.custom.brew.BotaniaRegistryObjectBuilderTypes.BREW_REGISTRY" is null
[12Aug2024 14:46:52.895] [Render thread/WARN] [KubeJS Server/]: Failed to parse recipe 'botania:brew/invisibility[botania:brew]'! Falling back to vanilla: Cannot invoke "net.minecraft.core.Registry.m_7745_(net.minecraft.resources.ResourceLocation)" because "com.prunoideae.custom.brew.BotaniaRegistryObjectBuilderTypes.BREW_REGISTRY" is null
[12Aug2024 14:46:52.906] [Render thread/WARN] [KubeJS Server/]: Failed to parse recipe 'botania:brew/clear[botania:brew]'! Falling back to vanilla: Cannot invoke "net.minecraft.core.Registry.m_7745_(net.minecraft.resources.ResourceLocation)" because "com.prunoideae.custom.brew.BotaniaRegistryObjectBuilderTypes.BREW_REGISTRY" is null
[12Aug2024 14:46:52.939] [Render thread/WARN] [KubeJS Server/]: Failed to parse recipe 'botania:brew/feather_feet[botania:brew]'! Falling back to vanilla: Cannot invoke "net.minecraft.core.Registry.m_7745_(net.minecraft.resources.ResourceLocation)" because "com.prunoideae.custom.brew.BotaniaRegistryObjectBuilderTypes.BREW_REGISTRY" is null
[12Aug2024 14:46:52.947] [Render thread/WARN] [KubeJS Server/]: Failed to parse recipe 'botania:brew/bloodthirst[botania:brew]'! Falling back to vanilla: Cannot invoke "net.minecraft.core.Registry.m_7745_(net.minecraft.resources.ResourceLocation)" because "com.prunoideae.custom.brew.BotaniaRegistryObjectBuilderTypes.BREW_REGISTRY" is null
[12Aug2024 14:46:52.959] [Render thread/WARN] [KubeJS Server/]: Failed to parse recipe 'botania:brew/emptiness[botania:brew]'! Falling back to vanilla: Cannot invoke "net.minecraft.core.Registry.m_7745_(net.minecraft.resources.ResourceLocation)" because "com.prunoideae.custom.brew.BotaniaRegistryObjectBuilderTypes.BREW_REGISTRY" is null
[12Aug2024 14:46:52.970] [Render thread/WARN] [KubeJS Server/]: Failed to parse recipe 'botania:brew/absorption[botania:brew]'! Falling back to vanilla: Cannot invoke "net.minecraft.core.Registry.m_7745_(net.minecraft.resources.ResourceLocation)" because "com.prunoideae.custom.brew.BotaniaRegistryObjectBuilderTypes.BREW_REGISTRY" is null
[12Aug2024 14:46:52.972] [Render thread/WARN] [KubeJS Server/]: Failed to parse recipe 'botania:brew/jump_boost[botania:brew]'! Falling back to vanilla: Cannot invoke "net.minecraft.core.Registry.m_7745_(net.minecraft.resources.ResourceLocation)" because "com.prunoideae.custom.brew.BotaniaRegistryObjectBuilderTypes.BREW_REGISTRY" is null
[12Aug2024 14:46:52.973] [Render thread/WARN] [KubeJS Server/]: Failed to parse recipe 'botania:brew/weak_regeneration[botania:brew]'! Falling back to vanilla: Cannot invoke "net.minecraft.core.Registry.m_7745_(net.minecraft.resources.ResourceLocation)" because "com.prunoideae.custom.brew.BotaniaRegistryObjectBuilderTypes.BREW_REGISTRY" is null
[12Aug2024 14:46:52.976] [Render thread/WARN] [KubeJS Server/]: Failed to parse recipe 'botania:brew/regeneration[botania:brew]'! Falling back to vanilla: Cannot invoke "net.minecraft.core.Registry.m_7745_(net.minecraft.resources.ResourceLocation)" because "com.prunoideae.custom.brew.BotaniaRegistryObjectBuilderTypes.BREW_REGISTRY" is null
[12Aug2024 14:46:52.980] [Render thread/WARN] [KubeJS Server/]: Failed to parse recipe 'botania:brew/speed[botania:brew]'! Falling back to vanilla: Cannot invoke "net.minecraft.core.Registry.m_7745_(net.minecraft.resources.ResourceLocation)" because "com.prunoideae.custom.brew.BotaniaRegistryObjectBuilderTypes.BREW_REGISTRY" is null
[12Aug2024 14:46:52.985] [Render thread/WARN] [KubeJS Server/]: Failed to parse recipe 'botania:brew/night_vision[botania:brew]'! Falling back to vanilla: Cannot invoke "net.minecraft.core.Registry.m_7745_(net.minecraft.resources.ResourceLocation)" because "com.prunoideae.custom.brew.BotaniaRegistryObjectBuilderTypes.BREW_REGISTRY" is null
[12Aug2024 14:46:53.000] [Render thread/WARN] [KubeJS Server/]: Failed to parse recipe 'botania:brew/overload[botania:brew]'! Falling back to vanilla: Cannot invoke "net.minecraft.core.Registry.m_7745_(net.minecraft.resources.ResourceLocation)" because "com.prunoideae.custom.brew.BotaniaRegistryObjectBuilderTypes.BREW_REGISTRY" is null
[12Aug2024 14:46:53.003] [Render thread/WARN] [KubeJS Server/]: Failed to parse recipe 'botania:brew/allure[botania:brew]'! Falling back to vanilla: Cannot invoke "net.minecraft.core.Registry.m_7745_(net.minecraft.resources.ResourceLocation)" because "com.prunoideae.custom.brew.BotaniaRegistryObjectBuilderTypes.BREW_REGISTRY" is null
[12Aug2024 14:46:53.012] [Render thread/WARN] [KubeJS Server/]: Failed to parse recipe 'botania:brew/healing[botania:brew]'! Falling back to vanilla: Cannot invoke "net.minecraft.core.Registry.m_7745_(net.minecraft.resources.ResourceLocation)" because "com.prunoideae.custom.brew.BotaniaRegistryObjectBuilderTypes.BREW_REGISTRY" is null
[12Aug2024 14:46:53.028] [Render thread/WARN] [KubeJS Server/]: Failed to parse recipe 'botania:brew/strength[botania:brew]'! Falling back to vanilla: Cannot invoke "net.minecraft.core.Registry.m_7745_(net.minecraft.resources.ResourceLocation)" because "com.prunoideae.custom.brew.BotaniaRegistryObjectBuilderTypes.BREW_REGISTRY" is null
[12Aug2024 14:46:53.031] [Render thread/WARN] [KubeJS Server/]: Failed to parse recipe 'botania:brew/haste[botania:brew]'! Falling back to vanilla: Cannot invoke "net.minecraft.core.Registry.m_7745_(net.minecraft.resources.ResourceLocation)" because "com.prunoideae.custom.brew.BotaniaRegistryObjectBuilderTypes.BREW_REGISTRY" is null
[12Aug2024 14:46:53.033] [Render thread/WARN] [KubeJS Server/]: Failed to parse recipe 'botania:brew/soul_cross[botania:brew]'! Falling back to vanilla: Cannot invoke "net.minecraft.core.Registry.m_7745_(net.minecraft.resources.ResourceLocation)" because "com.prunoideae.custom.brew.BotaniaRegistryObjectBuilderTypes.BREW_REGISTRY" is null
[12Aug2024 14:46:53.062] [Render thread/WARN] [KubeJS Server/]: Failed to parse recipe 'botania:brew/water_breathing[botania:brew]'! Falling back to vanilla: Cannot invoke "net.minecraft.core.Registry.m_7745_(net.minecraft.resources.ResourceLocation)" because "com.prunoideae.custom.brew.BotaniaRegistryObjectBuilderTypes.BREW_REGISTRY" is null
[12Aug2024 14:46:53.065] [Render thread/WARN] [KubeJS Server/]: Failed to parse recipe 'botania:brew/resistance[botania:brew]'! Falling back to vanilla: Cannot invoke "net.minecraft.core.Registry.m_7745_(net.minecraft.resources.ResourceLocation)" because "com.prunoideae.custom.brew.BotaniaRegistryObjectBuilderTypes.BREW_REGISTRY" is null
[12Aug2024 14:46:53.081] [Render thread/INFO] [KubeJS Server/]: Found 11357 recipes in 241.2 ms
[12Aug2024 14:46:53.111] [Render thread/INFO] [KubeJS Server/]: Posted recipe events in 29.16 ms
[12Aug2024 14:46:53.156] [KubeJS Recipe Event Worker 0/INFO] [pneumaticcraft/]: ignoring heat properties for block decorative_blocks:soul_brazier: mod not loaded
[12Aug2024 14:46:53.158] [KubeJS Recipe Event Worker 0/WARN] [com.simibubi.create.Create/]: Your custom createaddition:rolling/iron_plate recipe (createaddition:rolling/iron_plate) specified a duration. Durations have no impact on this type of recipe.
[12Aug2024 14:46:53.170] [KubeJS Recipe Event Worker 0/WARN] [com.simibubi.create.Create/]: Your custom createaddition:rolling/aluminum_ingot recipe (createaddition:rolling/aluminum_ingot) specified a duration. Durations have no impact on this type of recipe.
[12Aug2024 14:46:53.182] [KubeJS Recipe Event Worker 0/INFO] [pneumaticcraft/]: ignoring heat properties for block byg:magmatic_stone: mod not loaded
[12Aug2024 14:46:53.182] [KubeJS Recipe Event Worker 0/INFO] [pneumaticcraft/]: ignoring heat properties for block betterendforge:dense_emerald_ice: mod not loaded
[12Aug2024 14:46:53.187] [KubeJS Recipe Event Worker 0/WARN] [com.simibubi.create.Create/]: Your custom createaddition:rolling/copper_ingot recipe (createaddition:rolling/copper_ingot) specified a duration. Durations have no impact on this type of recipe.
[12Aug2024 14:46:53.190] [KubeJS Recipe Event Worker 0/WARN] [com.simibubi.create.Create/]: Your custom createaddition:rolling/electrum_plate recipe (createaddition:rolling/electrum_plate) specified a duration. Durations have no impact on this type of recipe.
[12Aug2024 14:46:53.190] [KubeJS Recipe Event Worker 0/WARN] [com.simibubi.create.Create/]: Your custom createaddition:rolling/straw recipe (createaddition:rolling/straw) specified a duration. Durations have no impact on this type of recipe.
[12Aug2024 14:46:53.192] [KubeJS Recipe Event Worker 0/WARN] [com.simibubi.create.Create/]: Your custom createaddition:rolling/steel_ingot recipe (createaddition:rolling/steel_ingot) specified a duration. Durations have no impact on this type of recipe.
[12Aug2024 14:46:53.194] [KubeJS Recipe Event Worker 0/INFO] [pneumaticcraft/]: ignoring heat properties for block decorative_blocks:brazier: mod not loaded
[12Aug2024 14:46:53.196] [KubeJS Recipe Event Worker 0/INFO] [pneumaticcraft/]: ignoring heat properties for block natura:nether_heat_sand: mod not loaded
[12Aug2024 14:46:53.202] [KubeJS Recipe Event Worker 0/WARN] [com.simibubi.create.Create/]: Your custom createaddition:rolling/lead_plate recipe (createaddition:rolling/lead_plate) specified a duration. Durations have no impact on this type of recipe.
[12Aug2024 14:46:53.203] [KubeJS Recipe Event Worker 0/INFO] [pneumaticcraft/]: ignoring heat properties for block betterendforge:emerald_ice: mod not loaded
[12Aug2024 14:46:53.204] [KubeJS Recipe Event Worker 0/WARN] [com.simibubi.create.Create/]: Your custom createaddition:rolling/electrum_ingot recipe (createaddition:rolling/electrum_ingot) specified a duration. Durations have no impact on this type of recipe.
[12Aug2024 14:46:53.206] [KubeJS Recipe Event Worker 0/INFO] [pneumaticcraft/]: ignoring heat properties for block byg:cryptic_magma_block: mod not loaded
[12Aug2024 14:46:53.208] [KubeJS Recipe Event Worker 0/INFO] [pneumaticcraft/]: ignoring heat properties for block betterendforge:ancient_emerald_ice: mod not loaded
[12Aug2024 14:46:53.208] [KubeJS Recipe Event Worker 0/INFO] [pneumaticcraft/]: ignoring heat properties for block occultism:spirit_fire: mod not loaded
[12Aug2024 14:46:53.208] [KubeJS Recipe Event Worker 0/INFO] [pneumaticcraft/]: ignoring heat properties for block powah:dry_ice: mod not loaded
[12Aug2024 14:46:53.208] [KubeJS Recipe Event Worker 0/INFO] [pneumaticcraft/]: ignoring heat properties for block byg:boric_campfire: mod not loaded
[12Aug2024 14:46:53.212] [KubeJS Recipe Event Worker 0/WARN] [com.simibubi.create.Create/]: Your custom createaddition:rolling/brass_ingot recipe (createaddition:rolling/brass_ingot) specified a duration. Durations have no impact on this type of recipe.
[12Aug2024 14:46:53.212] [KubeJS Recipe Event Worker 0/WARN] [com.simibubi.create.Create/]: Your custom createaddition:rolling/aluminum_plate recipe (createaddition:rolling/aluminum_plate) specified a duration. Durations have no impact on this type of recipe.
[12Aug2024 14:46:53.213] [KubeJS Recipe Event Worker 0/WARN] [com.simibubi.create.Create/]: Your custom createaddition:rolling/copper_plate recipe (createaddition:rolling/copper_plate) specified a duration. Durations have no impact on this type of recipe.
[12Aug2024 14:46:53.215] [KubeJS Recipe Event Worker 0/WARN] [com.simibubi.create.Create/]: Your custom createaddition:rolling/iron_ingot recipe (createaddition:rolling/iron_ingot) specified a duration. Durations have no impact on this type of recipe.
[12Aug2024 14:46:53.217] [KubeJS Recipe Event Worker 0/INFO] [pneumaticcraft/]: ignoring heat properties for block byg:cryptic_campfire: mod not loaded
[12Aug2024 14:46:53.221] [KubeJS Recipe Event Worker 0/WARN] [com.simibubi.create.Create/]: Your custom createaddition:rolling/gold_plate recipe (createaddition:rolling/gold_plate) specified a duration. Durations have no impact on this type of recipe.
[12Aug2024 14:46:53.223] [KubeJS Recipe Event Worker 0/INFO] [pneumaticcraft/]: ignoring heat properties for block valhelsia_structures:brazier: mod not loaded
[12Aug2024 14:46:53.229] [KubeJS Recipe Event Worker 0/WARN] [com.simibubi.create.Create/]: Your custom createaddition:rolling/gold_ingot recipe (createaddition:rolling/gold_ingot) specified a duration. Durations have no impact on this type of recipe.
[12Aug2024 14:46:53.230] [KubeJS Recipe Event Worker 0/WARN] [com.simibubi.create.Create/]: Your custom createaddition:rolling/steel_plate recipe (createaddition:rolling/steel_plate) specified a duration. Durations have no impact on this type of recipe.
[12Aug2024 14:46:53.231] [KubeJS Recipe Event Worker 0/WARN] [KubeJS Server/]: Error parsing recipe immersiveengineering:arcfurnace/gunmetal_ingot[immersiveengineering:arc_furnace]: {"type":"immersiveengineering:arc_furnace","additives":[{"tag":"forge:dusts/redstone"}],"energy":141200,"input":{"item":"pointblank:gunmetal_mesh"},"results":[{"base_ingredient":{"item":"kubejs:hot_gunmetal_ingot"},"count":1}],"time":200}: Unknown item 'kubejs:hot_gunmetal_ingot'
[12Aug2024 14:46:53.233] [KubeJS Recipe Event Worker 0/INFO] [pneumaticcraft/]: ignoring heat properties for block quark:permafrost: mod not loaded
[12Aug2024 14:46:53.233] [KubeJS Recipe Event Worker 0/INFO] [pneumaticcraft/]: ignoring heat properties for block quark:blaze_lantern: mod not loaded
[12Aug2024 14:46:53.242] [KubeJS Recipe Event Worker 0/WARN] [KubeJS Server/]: Error parsing recipe minecraft:kjs/immersiveengineering_wirecutter[kubejs:shaped]: {"type":"minecraft:crafting_shaped","result":{"item":"immersiveengineering:wirecutter","count":1,"nbt":"{Damage:0}"},"pattern":["AB","A"],"key":{"A":{"item":"immersiveengineering:stick_treated"},"B":{"item":"ad_astra:steel_ingot"}}}: Invalid pattern: each row must be the same width
[12Aug2024 14:46:53.244] [KubeJS Recipe Event Worker 0/WARN] [com.simibubi.create.Create/]: Your custom create:mixing recipe (create:kjs/4j2gj9nqhdmwvh04haxbx077k) has more item inputs (25) than supported (9).
[12Aug2024 14:46:53.245] [KubeJS Recipe Event Worker 0/WARN] [com.simibubi.create.Create/]: Your custom create:mixing recipe (create:kjs/bfmqi74tyt1t6ozglg6mefalw) has more item inputs (10) than supported (9).
[12Aug2024 14:46:53.260] [Render thread/INFO] [KubeJS Server/]: Added 31 recipes, removed 24 recipes, modified 7 recipes, with 2 failed recipes in 146.0 ms
[12Aug2024 14:46:53.260] [Render thread/INFO] [ModernFix/]: Clearing KubeJS recipe lists...
[12Aug2024 14:46:53.488] [Render thread/INFO] [net.minecraft.advancements.AdvancementList/]: Loaded 7185 advancements
[12Aug2024 14:46:53.517] [Render thread/INFO] [top.theillusivec4.curios.Curios/]: Loaded 11 curio slots
[12Aug2024 14:46:53.537] [Render thread/INFO] [top.theillusivec4.curios.Curios/]: Loaded 1 curio entities
[12Aug2024 14:46:53.560] [Render thread/INFO] [minecolonies/]: Beginning load of custom recipes for colony workers
[12Aug2024 14:46:53.575] [Render thread/INFO] [minecolonies/]: Loaded 165 recipes for 16 crafters
[12Aug2024 14:46:53.575] [Render thread/INFO] [minecolonies/]: Beginning load of research for University.
[12Aug2024 14:46:53.610] [Render thread/INFO] [minecolonies/]: Loaded 201 recipes for 4 research branches
[12Aug2024 14:46:53.613] [Render thread/INFO] [minecolonies/]: Loading quests from data
[12Aug2024 14:46:53.620] [Render thread/INFO] [minecolonies/]: Finished loading quests from data
[12Aug2024 14:46:53.626] [Render thread/WARN] [minecolonies/]: Read 1499 items with their nbt keys for compatibility.
[12Aug2024 14:46:53.632] [Render thread/INFO] [dan200.computercraft.impl.UpgradeManager/]: Loaded 9 turtle upgrades
[12Aug2024 14:46:53.632] [Render thread/INFO] [dan200.computercraft.impl.UpgradeManager/]: Loaded 3 pocket computer upgrades
[12Aug2024 14:46:53.768] [Render thread/INFO] [de.keksuccino.fancymenu.customization.layer.ScreenCustomizationLayerHandler/]: [FANCYMENU] ScreenCustomizationLayer registered: progress_screen
[12Aug2024 14:46:54.059] [Server thread/INFO] [net.minecraft.client.server.IntegratedServer/]: Starting integrated minecraft server version 1.20.1
[12Aug2024 14:46:54.060] [Server thread/INFO] [net.minecraft.server.MinecraftServer/]: Generating keypair
[12Aug2024 14:46:54.275] [Server thread/INFO] [Framework/]: Loading server configs...
[12Aug2024 14:46:54.288] [Render thread/INFO] [de.keksuccino.fancymenu.customization.layer.ScreenCustomizationLayerHandler/]: [FANCYMENU] ScreenCustomizationLayer registered: level_loading_screen
[12Aug2024 14:47:09.961] [Server thread/INFO] [net.minecraft.server.MinecraftServer/]: Preparing start region for dimension minecraft:overworld
[12Aug2024 14:47:09.965] [Server thread/INFO] [KubeJS Server/]: Server resource reload complete!
[12Aug2024 14:47:10.830] [Render thread/INFO] [net.minecraft.server.level.progress.LoggerChunkProgressListener/]: Preparing spawn area: 0%
[12Aug2024 14:47:10.830] [Render thread/INFO] [net.minecraft.server.level.progress.LoggerChunkProgressListener/]: Preparing spawn area: 0%
[12Aug2024 14:47:10.991] [Render thread/INFO] [net.minecraft.server.level.progress.LoggerChunkProgressListener/]: Preparing spawn area: 0%
[12Aug2024 14:47:11.390] [Render thread/INFO] [net.minecraft.server.level.progress.LoggerChunkProgressListener/]: Time elapsed: 1418 ms
[12Aug2024 14:47:11.391] [Server thread/INFO] [net.minecraftforge.server.permission.PermissionAPI/]: Successfully initialized permission handler forge:default_handler
[12Aug2024 14:47:11.442] [Server thread/INFO] [AE2:S/]: Scanning class appeng.server.testplots.TestPlots for plots
[12Aug2024 14:47:11.448] [Server thread/INFO] [AE2:S/]: Scanning class appeng.server.testplots.AutoCraftingTestPlots for plots
[12Aug2024 14:47:11.449] [Server thread/INFO] [AE2:S/]: Scanning class appeng.server.testplots.InscriberTestPlots for plots
[12Aug2024 14:47:11.466] [Server thread/INFO] [AE2:S/]: Scanning class appeng.server.testplots.P2PTestPlots for plots
[12Aug2024 14:47:11.467] [Server thread/INFO] [AE2:S/]: Scanning class appeng.server.testplots.ItemP2PTestPlots for plots
[12Aug2024 14:47:11.467] [Server thread/INFO] [AE2:S/]: Scanning class appeng.server.testplots.MemoryCardTestPlots for plots
[12Aug2024 14:47:11.467] [Server thread/INFO] [AE2:S/]: Scanning class appeng.server.testplots.PatternProviderLockModePlots for plots
[12Aug2024 14:47:11.468] [Server thread/INFO] [AE2:S/]: Scanning class appeng.server.testplots.PatternProviderPlots for plots
[12Aug2024 14:47:11.468] [Server thread/INFO] [AE2:S/]: Scanning class appeng.server.testplots.SpatialTestPlots for plots
[12Aug2024 14:47:11.469] [Server thread/INFO] [AE2:S/]: Scanning class appeng.server.testplots.QnbTestPlots for plots
[12Aug2024 14:47:11.469] [Server thread/INFO] [AE2:S/]: Scanning class appeng.server.testplots.GuidebookPlot for plots
[12Aug2024 14:47:11.469] [Server thread/INFO] [AE2:S/]: Scanning class appeng.server.testplots.SubnetPlots for plots
[12Aug2024 14:47:11.470] [Server thread/INFO] [AE2:S/]: Scanning class appeng.server.testplots.AnnihilationPlaneTests for plots
[12Aug2024 14:47:11.902] [Server thread/INFO] [minecolonies/]: Finished discovering Ores 56 57
[12Aug2024 14:47:11.903] [Server thread/INFO] [minecolonies/]: Finished discovering saplings 37
[12Aug2024 14:47:11.903] [Server thread/INFO] [minecolonies/]: Finished discovering plantables 19
[12Aug2024 14:47:11.903] [Server thread/INFO] [minecolonies/]: Finished discovering food 100 125
[12Aug2024 14:47:11.903] [Server thread/INFO] [minecolonies/]: Finished discovering fuel 440
[12Aug2024 14:47:11.903] [Server thread/INFO] [minecolonies/]: Finished discovering flowers 113
[12Aug2024 14:47:11.903] [Server thread/INFO] [minecolonies/]: Finished discovering items 8427
[12Aug2024 14:47:11.903] [Server thread/INFO] [minecolonies/]: Finished discovering lucky oreBlocks 6
[12Aug2024 14:47:11.903] [Server thread/INFO] [minecolonies/]: Finished discovering recruitment costs
[12Aug2024 14:47:11.904] [Server thread/INFO] [minecolonies/]: Finished discovering diseases
[12Aug2024 14:47:11.907] [Server thread/INFO] [minecolonies/]: Finished discovering compostables 330
[12Aug2024 14:47:12.228] [Server thread/INFO] [patchouli/]: Sending reload packet to clients
[12Aug2024 14:47:12.312] [Server thread/INFO] [immersiveengineering/]: Couldn't fully analyze 1 netherite_space_boots, missing knowledge for {1 netherite_boots=1.0}
[12Aug2024 14:47:12.312] [Server thread/INFO] [immersiveengineering/]: Couldn't fully analyze 1 netherite_space_pants, missing knowledge for {1 netherite_leggings=1.0}
[12Aug2024 14:47:12.312] [Server thread/INFO] [immersiveengineering/]: Couldn't fully analyze 1 jet_suit_boots, missing knowledge for {1 netherite_space_boots=1.0}
[12Aug2024 14:47:12.312] [Server thread/INFO] [immersiveengineering/]: Couldn't fully analyze 1 jet_suit, missing knowledge for {1 netherite_space_suit=1.0}
[12Aug2024 14:47:12.312] [Server thread/INFO] [immersiveengineering/]: Couldn't fully analyze 1 radiator, missing knowledge for {1 water_bucket=0.25}
[12Aug2024 14:47:12.312] [Server thread/INFO] [immersiveengineering/]: Couldn't fully analyze 1 jet_suit_pants, missing knowledge for {1 netherite_space_pants=1.0}
[12Aug2024 14:47:12.312] [Server thread/INFO] [immersiveengineering/]: Couldn't fully analyze 1 compressed_iron_chestplate, missing knowledge for {1 leather_chestplate=1.0}
[12Aug2024 14:47:12.312] [Server thread/INFO] [immersiveengineering/]: Couldn't fully analyze 1 netherite_space_suit, missing knowledge for {1 netherite_chestplate=1.0}
[12Aug2024 14:47:12.312] [Server thread/INFO] [immersiveengineering/]: Couldn't fully analyze 1 jet_suit_helmet, missing knowledge for {1 netherite_space_helmet=1.0}
[12Aug2024 14:47:12.312] [Server thread/INFO] [immersiveengineering/]: Couldn't fully analyze 1 compressed_iron_helmet, missing knowledge for {1 leather_helmet=1.0}
[12Aug2024 14:47:12.312] [Server thread/INFO] [immersiveengineering/]: Couldn't fully analyze 1 netherite_space_helmet, missing knowledge for {1 netherite_helmet=1.0}
[12Aug2024 14:47:12.313] [Server thread/INFO] [immersiveengineering/]: Couldn't fully analyze 1 compressed_iron_boots, missing knowledge for {1 leather_boots=1.0}
[12Aug2024 14:47:12.313] [Server thread/INFO] [immersiveengineering/]: Couldn't fully analyze 1 free_runners_armored, missing knowledge for {1 free_runners=1.0}
[12Aug2024 14:47:12.313] [Server thread/INFO] [immersiveengineering/]: Couldn't fully analyze 1 compressed_iron_leggings, missing knowledge for {1 leather_leggings=1.0}
[12Aug2024 14:47:12.313] [Server thread/INFO] [immersiveengineering/]: Couldn't fully analyze 1 pneumatic_leggings, missing knowledge for {1 compressed_iron_leggings=1.0}
[12Aug2024 14:47:12.313] [Server thread/INFO] [immersiveengineering/]: Finished recipe profiler for Arc Recycling, took 75 milliseconds
[12Aug2024 14:47:12.695] [Server thread/INFO] [net.minecraft.client.server.IntegratedServer/]: Changing simulation distance to 10, from 0
[12Aug2024 14:47:12.768] [Render thread/WARN] [io.netty.util.internal.SystemPropertyUtil/]: Unable to parse the boolean system property 'java.net.preferIPv6Addresses':system - using the default value: false
[12Aug2024 14:47:13.892] [Netty Local Client IO #0/INFO] [net.minecraftforge.network.NetworkHooks/]: Connected to a modded server.
[12Aug2024 14:47:13.959] [Server thread/INFO] [net.minecraft.server.players.PlayerList/]: NemEzanevem[local:E:45f478ea] logged in with entity id 137 at (-71.6954688875416, -32.0, -8.129792715754595)
[12Aug2024 14:47:14.097] [Render thread/INFO] [BatchExecutor/]: Started 6 worker threads
[12Aug2024 14:47:14.099] [Render thread/WARN] [Embeddium-MixinTaintDetector/]: Mod(s) [acedium] are modifying Embeddium class me.jellysquid.mods.sodium.client.render.chunk.RenderSectionManager, which may cause instability.
[12Aug2024 14:47:14.121] [Render thread/WARN] [Embeddium-MixinTaintDetector/]: Mod(s) [acedium] are modifying Embeddium class me.jellysquid.mods.sodium.client.render.chunk.compile.tasks.ChunkBuilderMeshingTask, which may cause instability.
[12Aug2024 14:47:14.127] [Server thread/INFO] [net.minecraft.server.MinecraftServer/]: NemEzanevem joined the game
[12Aug2024 14:47:14.145] [Render thread/WARN] [Embeddium-MixinTaintDetector/]: Mod(s) [acedium] are modifying Embeddium class me.jellysquid.mods.sodium.client.render.chunk.compile.executor.ChunkBuilder, which may cause instability.
[12Aug2024 14:47:14.147] [REI-ReloadPlugins/WARN] [patchouli/]: Could not locate JEI keybindings, lookups in books may not work
[12Aug2024 14:47:14.150] [Render thread/WARN] [Embeddium-MixinTaintDetector/]: Mod(s) [acedium] are modifying Embeddium class me.jellysquid.mods.sodium.client.render.chunk.compile.executor.ChunkJobQueue, which may cause instability.
[12Aug2024 14:47:14.179] [Render thread/WARN] [mixin/]: Error loading class: net/fabricmc/fabric/api/blockview/v2/FabricBlockView (java.lang.ClassNotFoundException: net.fabricmc.fabric.api.blockview.v2.FabricBlockView)
[12Aug2024 14:47:14.188] [Render thread/WARN] [mixin/]: Error loading class: net/fabricmc/fabric/api/rendering/data/v1/RenderAttachedBlockView (java.lang.ClassNotFoundException: net.fabricmc.fabric.api.rendering.data.v1.RenderAttachedBlockView)
[12Aug2024 14:47:14.245] [REI-ReloadPlugins/INFO] [REI/]: [REI] Detected JEI plugin from [createbigcannons]: rbasamoyai.createbigcannons.compat.jei.CBCJEI
[12Aug2024 14:47:14.260] [REI-ReloadPlugins/INFO] [REI/]: [REI] Detected JEI plugin from [modernfix]: org.embeddedt.modernfix.searchtree.JEIRuntimeCapturer
[12Aug2024 14:47:14.268] [REI-ReloadPlugins/INFO] [REI/]: [REI] Detected JEI plugin from [pneumaticcraft]: me.desht.pneumaticcraft.common.thirdparty.jei.JEIPlugin
[12Aug2024 14:47:14.272] [Render thread/INFO] [ChunkBuilder/]: Started 6 worker threads
[12Aug2024 14:47:14.274] [Render thread/WARN] [Embeddium-MixinTaintDetector/]: Mod(s) [acedium] are modifying Embeddium class me.jellysquid.mods.sodium.client.render.chunk.region.RenderRegionManager, which may cause instability.
[12Aug2024 14:47:14.276] [REI-ReloadPlugins/INFO] [REI/]: [REI] Detected JEI plugin from [bfr]: igentuman.bfr.client.jei.BfrJEI
[12Aug2024 14:47:14.282] [REI-ReloadPlugins/INFO] [REI/]: [REI] Detected JEI plugin from [bloodmagic]: wayoftime.bloodmagic.compat.jei.BloodMagicJEIPlugin
[12Aug2024 14:47:14.290] [REI-ReloadPlugins/INFO] [REI/]: [REI] Detected JEI plugin from [jeimultiblocks]: sguest.jeimultiblocks.jei.JeiModPlugin
[12Aug2024 14:47:14.295] [REI-ReloadPlugins/INFO] [REI/]: [REI] Detected JEI plugin from [alexscaves]: com.github.alexmodguy.alexscaves.compat.jei.AlexsCavesPlugin
[12Aug2024 14:47:14.302] [REI-ReloadPlugins/INFO] [REI/]: [REI] Detected JEI plugin from [titanium]: com.hrznstudio.titanium.jei.TitaniumJEIPlugin
[12Aug2024 14:47:14.308] [REI-ReloadPlugins/INFO] [REI/]: [REI] Detected JEI plugin from [immersiveengineering]: blusunrize.immersiveengineering.common.util.compat.jei.JEIHelper
[12Aug2024 14:47:14.315] [REI-ReloadPlugins/INFO] [REI/]: [REI] Detected JEI plugin from [jade]: snownee.jade.compat.JEICompat
[12Aug2024 14:47:14.321] [REI-ReloadPlugins/INFO] [REI/]: [REI] Detected JEI plugin from [ae2]: appeng.integration.modules.jei.JEIPlugin
[12Aug2024 14:47:14.325] [REI-ReloadPlugins/INFO] [REI/]: [REI] Detected JEI plugin from [botania]: vazkii.botania.client.integration.jei.JEIBotaniaPlugin
[12Aug2024 14:47:14.329] [Server thread/INFO] [Jade/]: Syncing config to NemEzanevem (9dc6a7e5-5760-4753-9dee-6ff9ce315468)
[12Aug2024 14:47:14.331] [REI-ReloadPlugins/INFO] [REI/]: [REI] Detected JEI plugin from [domum_ornamentum]: com.ldtteam.domumornamentum.jei.JEIPlugin
[12Aug2024 14:47:14.336] [REI-ReloadPlugins/INFO] [REI/]: [REI] Detected JEI plugin from [curios]: top.theillusivec4.curios.common.integration.jei.CuriosJeiPlugin
[12Aug2024 14:47:14.340] [REI-ReloadPlugins/INFO] [REI/]: [REI] Detected JEI plugin from [mekanism]: mekanism.client.jei.MekanismJEI
[12Aug2024 14:47:14.344] [REI-ReloadPlugins/INFO] [REI/]: [REI] Detected JEI plugin from [mekanismgenerators]: mekanism.generators.client.jei.GeneratorsJEI
[12Aug2024 14:47:14.347] [REI-ReloadPlugins/INFO] [REI/]: [REI] Detected JEI plugin from [create]: com.simibubi.create.compat.jei.CreateJEI
[12Aug2024 14:47:14.352] [REI-ReloadPlugins/INFO] [REI/]: [REI] Detected JEI plugin from [patchouli]: vazkii.patchouli.client.jei.PatchouliJeiPlugin
[12Aug2024 14:47:14.357] [REI-ReloadPlugins/INFO] [REI/]: [REI] Detected JEI plugin from [appbot]: appbot.integration.jei.ABJEIPlugin
[12Aug2024 14:47:14.360] [REI-ReloadPlugins/INFO] [REI/]: [REI] Detected JEI plugin from [minecolonies]: com.minecolonies.core.compatibility.jei.JEIPlugin
[12Aug2024 14:47:14.363] [REI-ReloadPlugins/INFO] [REI/]: [REI] Detected JEI plugin from [kubejs]: dev.latvian.mods.kubejs.integration.forge.jei.JEIPlugin
[12Aug2024 14:47:14.368] [REI-ReloadPlugins/INFO] [REI/]: [REI] Detected JEI plugin from [computercraft]: dan200.computercraft.client.integration.jei.JEIComputerCraft
[12Aug2024 14:47:14.371] [REI-ReloadPlugins/INFO] [REI/]: [REI] Detected JEI plugin from [functionalstorage]: com.buuz135.functionalstorage.compat.jei.JEIPlugin
[12Aug2024 14:47:14.375] [Server thread/INFO] [structurize/]: New Server UUID 3e0337ab-387c-409f-ae2c-bfcabcd94965
[12Aug2024 14:47:14.376] [REI-ReloadPlugins/INFO] [REI/]: [REI] Detected JEI plugin from [refurbished_furniture]: com.mrcrayfish.furniture.refurbished.compat.jei.Plugin
[12Aug2024 14:47:14.379] [REI-ReloadPlugins/INFO] [REI/]: [REI] Detected JEI plugin from [codechickenlib]: codechicken.lib.internal.compat.JEIPlugin
[12Aug2024 14:47:14.382] [REI-ReloadPlugins/INFO] [REI/]: [REI] Detected JEI plugin from [brandonscore]: com.brandon3055.brandonscore.integration.BCJEIPlugin
[12Aug2024 14:47:14.385] [REI-ReloadPlugins/INFO] [REI/]: [REI] Detected JEI plugin from [draconicevolution]: com.brandon3055.draconicevolution.integration.jei.DEJEIPlugin
[12Aug2024 14:47:14.390] [REI-ReloadPlugins/INFO] [REI/]: [REI] Detected JEI plugin from [createaddition]: com.mrh0.createaddition.compat.jei.CreateAdditionJEI
[12Aug2024 14:47:14.393] [REI-ReloadPlugins/INFO] [REI/]: [REI] Detected JEI plugin from [ad_astra]: earth.terrarium.adastra.common.compat.jei.AdAstraJeiPlugin
[12Aug2024 14:47:14.393] [REI-ReloadPlugins/INFO] [REI/]: [REI] Detected 29 JEI plugins
[12Aug2024 14:47:14.464] [REI-ReloadPlugins/INFO] [REI/]: [REI] @@@@@@@@@@@@@@@@@@@@@@@@@@@@@@@@@@@@@@@@
[12Aug2024 14:47:14.465] [REI-ReloadPlugins/INFO] [REI/]: [REI] REIPlugin starting main-reload for START.
[12Aug2024 14:47:14.465] [REI-ReloadPlugins/INFO] [REI/]: [REI] Plugins (38):
[12Aug2024 14:47:14.466] [REI-ReloadPlugins/INFO] [REI/]: [REI]  - (-100.00) DefaultClientPluginImpl of DefaultClientPluginImpl [roughlyenoughitems]
[12Aug2024 14:47:14.466] [REI-ReloadPlugins/INFO] [REI/]: [REI]  - (-100.00) DefaultPluginImpl of DefaultPluginImpl [roughlyenoughitems]
[12Aug2024 14:47:14.466] [REI-ReloadPlugins/INFO] [REI/]: [REI]  - (0.00) HideIngredientsFromTagsPlugin of HideIngredientsFromTagsPlugin [roughlyenoughitems]
[12Aug2024 14:47:14.466] [REI-ReloadPlugins/INFO] [REI/]: [REI]  - (0.00) DefaultClientRuntimePlugin of DefaultClientRuntimePlugin [roughlyenoughitems]
[12Aug2024 14:47:14.467] [REI-ReloadPlugins/INFO] [REI/]: [REI]  - (0.00) DefaultRuntimePlugin of DefaultRuntimePlugin [roughlyenoughitems]
[12Aug2024 14:47:14.467] [REI-ReloadPlugins/INFO] [REI/]: [REI]  - (0.00) JEI Plugin [AdAstraJeiPlugin:ad_astra:jei] of REI Plugin Compatibilities Adapter [rei_plugin_compatibilities, jei]
[12Aug2024 14:47:14.467] [REI-ReloadPlugins/INFO] [REI/]: [REI]  - (0.00) JEI Plugin [CreateAdditionJEI:createaddition:jei_plugin] of REI Plugin Compatibilities Adapter [rei_plugin_compatibilities, jei]
[12Aug2024 14:47:14.467] [REI-ReloadPlugins/INFO] [REI/]: [REI]  - (0.00) JEI Plugin [DEJEIPlugin:draconicevolution:jei_plugin] of REI Plugin Compatibilities Adapter [rei_plugin_compatibilities, jei]
[12Aug2024 14:47:14.467] [REI-ReloadPlugins/INFO] [REI/]: [REI]  - (0.00) JEI Plugin [BCJEIPlugin:brandonscore:jei_plugin] of REI Plugin Compatibilities Adapter [rei_plugin_compatibilities, jei]
[12Aug2024 14:47:14.467] [REI-ReloadPlugins/INFO] [REI/]: [REI]  - (0.00) JEI Plugin [JEIPlugin:codechickenlib:jei_plugin] of REI Plugin Compatibilities Adapter [rei_plugin_compatibilities, jei]
[12Aug2024 14:47:14.467] [REI-ReloadPlugins/INFO] [REI/]: [REI]  - (0.00) JEI Plugin [Plugin:refurbished_furniture:plugin] of REI Plugin Compatibilities Adapter [rei_plugin_compatibilities, jei]
[12Aug2024 14:47:14.468] [REI-ReloadPlugins/INFO] [REI/]: [REI]  - (0.00) JEI Plugin [JEIPlugin:functionalstorage:main] of REI Plugin Compatibilities Adapter [rei_plugin_compatibilities, jei]
[12Aug2024 14:47:14.468] [REI-ReloadPlugins/INFO] [REI/]: [REI]  - (0.00) JEI Plugin [JEIComputerCraft:computercraft:jei] of REI Plugin Compatibilities Adapter [rei_plugin_compatibilities, jei]
[12Aug2024 14:47:14.468] [REI-ReloadPlugins/INFO] [REI/]: [REI]  - (0.00) JEI Plugin [JEIPlugin:kubejs:jei] of REI Plugin Compatibilities Adapter [rei_plugin_compatibilities, jei]
[12Aug2024 14:47:14.468] [REI-ReloadPlugins/INFO] [REI/]: [REI]  - (0.00) JEI Plugin [JEIPlugin:minecraft:minecolonies] of REI Plugin Compatibilities Adapter [rei_plugin_compatibilities, jei]
[12Aug2024 14:47:14.469] [REI-ReloadPlugins/INFO] [REI/]: [REI]  - (0.00) JEI Plugin [ABJEIPlugin:appbot:main] of REI Plugin Compatibilities Adapter [rei_plugin_compatibilities, jei]
[12Aug2024 14:47:14.469] [REI-ReloadPlugins/INFO] [REI/]: [REI]  - (0.00) JEI Plugin [PatchouliJeiPlugin:patchouli:patchouli] of REI Plugin Compatibilities Adapter [rei_plugin_compatibilities, jei]
[12Aug2024 14:47:14.469] [REI-ReloadPlugins/INFO] [REI/]: [REI]  - (0.00) JEI Plugin [CreateJEI:create:jei_plugin] of REI Plugin Compatibilities Adapter [rei_plugin_compatibilities, jei]
[12Aug2024 14:47:14.469] [REI-ReloadPlugins/INFO] [REI/]: [REI]  - (0.00) JEI Plugin [GeneratorsJEI:mekanismgenerators:jei_plugin] of REI Plugin Compatibilities Adapter [rei_plugin_compatibilities, jei]
[12Aug2024 14:47:14.469] [REI-ReloadPlugins/INFO] [REI/]: [REI]  - (0.00) JEI Plugin [MekanismJEI:mekanism:jei_plugin] of REI Plugin Compatibilities Adapter [rei_plugin_compatibilities, jei]
[12Aug2024 14:47:14.470] [REI-ReloadPlugins/INFO] [REI/]: [REI]  - (0.00) JEI Plugin [CuriosJeiPlugin:curios:curios] of REI Plugin Compatibilities Adapter [rei_plugin_compatibilities, jei]
[12Aug2024 14:47:14.470] [REI-ReloadPlugins/INFO] [REI/]: [REI]  - (0.00) JEI Plugin [JEIPlugin:minecraft:domum_ornamentum] of REI Plugin Compatibilities Adapter [rei_plugin_compatibilities, jei]
[12Aug2024 14:47:14.470] [REI-ReloadPlugins/INFO] [REI/]: [REI]  - (0.00) JEI Plugin [JEIBotaniaPlugin:botania:main] of REI Plugin Compatibilities Adapter [rei_plugin_compatibilities, jei]
[12Aug2024 14:47:14.470] [REI-ReloadPlugins/INFO] [REI/]: [REI]  - (0.00) JEI Plugin [JEIPlugin:ae2:core] of REI Plugin Compatibilities Adapter [rei_plugin_compatibilities, jei]
[12Aug2024 14:47:14.470] [REI-ReloadPlugins/INFO] [REI/]: [REI]  - (0.00) JEI Plugin [JEICompat:jade:main] of REI Plugin Compatibilities Adapter [rei_plugin_compatibilities, jei]
[12Aug2024 14:47:14.471] [REI-ReloadPlugins/INFO] [REI/]: [REI]  - (0.00) JEI Plugin [JEIHelper:immersiveengineering:main] of REI Plugin Compatibilities Adapter [rei_plugin_compatibilities, jei]
[12Aug2024 14:47:14.471] [REI-ReloadPlugins/INFO] [REI/]: [REI]  - (0.00) JEI Plugin [TitaniumJEIPlugin:titanium:default] of REI Plugin Compatibilities Adapter [rei_plugin_compatibilities, jei]
[12Aug2024 14:47:14.471] [REI-ReloadPlugins/INFO] [REI/]: [REI]  - (0.00) JEI Plugin [AlexsCavesPlugin:alexscaves:alexscaves] of REI Plugin Compatibilities Adapter [rei_plugin_compatibilities, jei]
[12Aug2024 14:47:14.471] [REI-ReloadPlugins/INFO] [REI/]: [REI]  - (0.00) JEI Plugin [JeiModPlugin:jeimultiblocks:plugin] of REI Plugin Compatibilities Adapter [rei_plugin_compatibilities, jei]
[12Aug2024 14:47:14.471] [REI-ReloadPlugins/INFO] [REI/]: [REI]  - (0.00) JEI Plugin [BloodMagicJEIPlugin:bloodmagic:jei_plugin] of REI Plugin Compatibilities Adapter [rei_plugin_compatibilities, jei]
[12Aug2024 14:47:14.471] [REI-ReloadPlugins/INFO] [REI/]: [REI]  - (0.00) JEI Plugin [BfrJEI:bfr:jei_plugin] of REI Plugin Compatibilities Adapter [rei_plugin_compatibilities, jei]
[12Aug2024 14:47:14.472] [REI-ReloadPlugins/INFO] [REI/]: [REI]  - (0.00) JEI Plugin [JEIPlugin:pneumaticcraft:default] of REI Plugin Compatibilities Adapter [rei_plugin_compatibilities, jei]
[12Aug2024 14:47:14.472] [REI-ReloadPlugins/INFO] [REI/]: [REI]  - (0.00) JEI Plugin [JEIRuntimeCapturer:modernfix:capturer] of REI Plugin Compatibilities Adapter [rei_plugin_compatibilities, jei]
[12Aug2024 14:47:14.472] [REI-ReloadPlugins/INFO] [REI/]: [REI]  - (0.00) JEI Plugin [CBCJEI:createbigcannons:jei_plugin] of REI Plugin Compatibilities Adapter [rei_plugin_compatibilities, jei]
[12Aug2024 14:47:14.472] [REI-ReloadPlugins/INFO] [REI/]: [REI]  - (0.00) ReiIsDumbClientPlugin of ReiIsDumbClientPlugin [ad_astra]
[12Aug2024 14:47:14.472] [REI-ReloadPlugins/INFO] [REI/]: [REI]  - (0.00) REI Plugin Compatibilities Client Handler of REI Plugin Compatibilities Client Handler [rei_plugin_compatibilities, jei]
[12Aug2024 14:47:14.472] [REI-ReloadPlugins/INFO] [REI/]: [REI]  - (0.00) AE2 of AE2 [ae2]
[12Aug2024 14:47:14.472] [REI-ReloadPlugins/INFO] [REI/]: [REI]  - (10000000.00) REIForgePluginStub of REIForgePluginStub [kubejs]
[12Aug2024 14:47:14.473] [REI-ReloadPlugins/INFO] [REI/]: [REI] @@@@@@@@@@@@@@@@@@@@@@@@@@@@@@@@@@@@@@@@
[12Aug2024 14:47:14.684] [Render thread/INFO] [de.keksuccino.fancymenu.customization.layer.ScreenCustomizationLayerHandler/]: [FANCYMENU] ScreenCustomizationLayer registered: receiving_level_screen
[12Aug2024 14:47:14.712] [Render thread/WARN] [REI/]: [REI] Suppressing Reload Plugins of stage START
[12Aug2024 14:47:14.774] [REI-ReloadPlugins/INFO] [REI/]: [REI] @@@@@@@@@@@@@@@@@@@@@@@@@@@@@@@@@@@@@@@@
[12Aug2024 14:47:14.774] [REI-ReloadPlugins/INFO] [REI/]: [REI] REIClientPlugin starting main-reload for START.
[12Aug2024 14:47:14.775] [REI-ReloadPlugins/INFO] [REI/]: [REI] Plugins (36):
[12Aug2024 14:47:14.775] [REI-ReloadPlugins/INFO] [REI/]: [REI]  - (-100.00) DefaultClientPluginImpl of DefaultClientPluginImpl [roughlyenoughitems]
[12Aug2024 14:47:14.777] [REI-ReloadPlugins/INFO] [REI/]: [REI]  - (0.00) JEI Plugin [AdAstraJeiPlugin:ad_astra:jei] of REI Plugin Compatibilities Adapter [rei_plugin_compatibilities, jei]
[12Aug2024 14:47:14.777] [REI-ReloadPlugins/INFO] [REI/]: [REI]  - (0.00) JEI Plugin [CreateAdditionJEI:createaddition:jei_plugin] of REI Plugin Compatibilities Adapter [rei_plugin_compatibilities, jei]
[12Aug2024 14:47:14.777] [REI-ReloadPlugins/INFO] [REI/]: [REI]  - (0.00) JEI Plugin [DEJEIPlugin:draconicevolution:jei_plugin] of REI Plugin Compatibilities Adapter [rei_plugin_compatibilities, jei]
[12Aug2024 14:47:14.778] [REI-ReloadPlugins/INFO] [REI/]: [REI]  - (0.00) JEI Plugin [BCJEIPlugin:brandonscore:jei_plugin] of REI Plugin Compatibilities Adapter [rei_plugin_compatibilities, jei]
[12Aug2024 14:47:14.778] [REI-ReloadPlugins/INFO] [REI/]: [REI]  - (0.00) JEI Plugin [JEIPlugin:codechickenlib:jei_plugin] of REI Plugin Compatibilities Adapter [rei_plugin_compatibilities, jei]
[12Aug2024 14:47:14.778] [REI-ReloadPlugins/INFO] [REI/]: [REI]  - (0.00) JEI Plugin [Plugin:refurbished_furniture:plugin] of REI Plugin Compatibilities Adapter [rei_plugin_compatibilities, jei]
[12Aug2024 14:47:14.778] [REI-ReloadPlugins/INFO] [REI/]: [REI]  - (0.00) JEI Plugin [JEIPlugin:functionalstorage:main] of REI Plugin Compatibilities Adapter [rei_plugin_compatibilities, jei]
[12Aug2024 14:47:14.778] [REI-ReloadPlugins/INFO] [REI/]: [REI]  - (0.00) JEI Plugin [JEIComputerCraft:computercraft:jei] of REI Plugin Compatibilities Adapter [rei_plugin_compatibilities, jei]
[12Aug2024 14:47:14.779] [REI-ReloadPlugins/INFO] [REI/]: [REI]  - (0.00) JEI Plugin [JEIPlugin:kubejs:jei] of REI Plugin Compatibilities Adapter [rei_plugin_compatibilities, jei]
[12Aug2024 14:47:14.779] [REI-ReloadPlugins/INFO] [REI/]: [REI]  - (0.00) JEI Plugin [JEIPlugin:minecraft:minecolonies] of REI Plugin Compatibilities Adapter [rei_plugin_compatibilities, jei]
[12Aug2024 14:47:14.779] [REI-ReloadPlugins/INFO] [REI/]: [REI]  - (0.00) JEI Plugin [ABJEIPlugin:appbot:main] of REI Plugin Compatibilities Adapter [rei_plugin_compatibilities, jei]
[12Aug2024 14:47:14.779] [REI-ReloadPlugins/INFO] [REI/]: [REI]  - (0.00) JEI Plugin [PatchouliJeiPlugin:patchouli:patchouli] of REI Plugin Compatibilities Adapter [rei_plugin_compatibilities, jei]
[12Aug2024 14:47:14.779] [REI-ReloadPlugins/INFO] [REI/]: [REI]  - (0.00) JEI Plugin [CreateJEI:create:jei_plugin] of REI Plugin Compatibilities Adapter [rei_plugin_compatibilities, jei]
[12Aug2024 14:47:14.779] [REI-ReloadPlugins/INFO] [REI/]: [REI]  - (0.00) JEI Plugin [GeneratorsJEI:mekanismgenerators:jei_plugin] of REI Plugin Compatibilities Adapter [rei_plugin_compatibilities, jei]
[12Aug2024 14:47:14.780] [REI-ReloadPlugins/INFO] [REI/]: [REI]  - (0.00) JEI Plugin [MekanismJEI:mekanism:jei_plugin] of REI Plugin Compatibilities Adapter [rei_plugin_compatibilities, jei]
[12Aug2024 14:47:14.780] [REI-ReloadPlugins/INFO] [REI/]: [REI]  - (0.00) JEI Plugin [CuriosJeiPlugin:curios:curios] of REI Plugin Compatibilities Adapter [rei_plugin_compatibilities, jei]
[12Aug2024 14:47:14.780] [REI-ReloadPlugins/INFO] [REI/]: [REI]  - (0.00) JEI Plugin [JEIPlugin:minecraft:domum_ornamentum] of REI Plugin Compatibilities Adapter [rei_plugin_compatibilities, jei]
[12Aug2024 14:47:14.780] [REI-ReloadPlugins/INFO] [REI/]: [REI]  - (0.00) JEI Plugin [JEIBotaniaPlugin:botania:main] of REI Plugin Compatibilities Adapter [rei_plugin_compatibilities, jei]
[12Aug2024 14:47:14.780] [REI-ReloadPlugins/INFO] [REI/]: [REI]  - (0.00) JEI Plugin [JEIPlugin:ae2:core] of REI Plugin Compatibilities Adapter [rei_plugin_compatibilities, jei]
[12Aug2024 14:47:14.781] [REI-ReloadPlugins/INFO] [REI/]: [REI]  - (0.00) JEI Plugin [JEICompat:jade:main] of REI Plugin Compatibilities Adapter [rei_plugin_compatibilities, jei]
[12Aug2024 14:47:14.781] [REI-ReloadPlugins/INFO] [REI/]: [REI]  - (0.00) JEI Plugin [JEIHelper:immersiveengineering:main] of REI Plugin Compatibilities Adapter [rei_plugin_compatibilities, jei]
[12Aug2024 14:47:14.782] [REI-ReloadPlugins/INFO] [REI/]: [REI]  - (0.00) JEI Plugin [TitaniumJEIPlugin:titanium:default] of REI Plugin Compatibilities Adapter [rei_plugin_compatibilities, jei]
[12Aug2024 14:47:14.783] [REI-ReloadPlugins/INFO] [REI/]: [REI]  - (0.00) JEI Plugin [AlexsCavesPlugin:alexscaves:alexscaves] of REI Plugin Compatibilities Adapter [rei_plugin_compatibilities, jei]
[12Aug2024 14:47:14.783] [REI-ReloadPlugins/INFO] [REI/]: [REI]  - (0.00) JEI Plugin [JeiModPlugin:jeimultiblocks:plugin] of REI Plugin Compatibilities Adapter [rei_plugin_compatibilities, jei]
[12Aug2024 14:47:14.783] [REI-ReloadPlugins/INFO] [REI/]: [REI]  - (0.00) JEI Plugin [BloodMagicJEIPlugin:bloodmagic:jei_plugin] of REI Plugin Compatibilities Adapter [rei_plugin_compatibilities, jei]
[12Aug2024 14:47:14.783] [REI-ReloadPlugins/INFO] [REI/]: [REI]  - (0.00) JEI Plugin [BfrJEI:bfr:jei_plugin] of REI Plugin Compatibilities Adapter [rei_plugin_compatibilities, jei]
[12Aug2024 14:47:14.784] [REI-ReloadPlugins/INFO] [REI/]: [REI]  - (0.00) JEI Plugin [JEIPlugin:pneumaticcraft:default] of REI Plugin Compatibilities Adapter [rei_plugin_compatibilities, jei]
[12Aug2024 14:47:14.784] [REI-ReloadPlugins/INFO] [REI/]: [REI]  - (0.00) JEI Plugin [JEIRuntimeCapturer:modernfix:capturer] of REI Plugin Compatibilities Adapter [rei_plugin_compatibilities, jei]
[12Aug2024 14:47:14.784] [REI-ReloadPlugins/INFO] [REI/]: [REI]  - (0.00) JEI Plugin [CBCJEI:createbigcannons:jei_plugin] of REI Plugin Compatibilities Adapter [rei_plugin_compatibilities, jei]
[12Aug2024 14:47:14.784] [REI-ReloadPlugins/INFO] [REI/]: [REI]  - (0.00) ReiIsDumbClientPlugin of ReiIsDumbClientPlugin [ad_astra]
[12Aug2024 14:47:14.784] [REI-ReloadPlugins/INFO] [REI/]: [REI]  - (0.00) REI Plugin Compatibilities Client Handler of REI Plugin Compatibilities Client Handler [rei_plugin_compatibilities, jei]
[12Aug2024 14:47:14.784] [REI-ReloadPlugins/INFO] [REI/]: [REI]  - (0.00) AE2 of AE2 [ae2]
[12Aug2024 14:47:14.784] [REI-ReloadPlugins/INFO] [REI/]: [REI]  - (0.00) HideIngredientsFromTagsPlugin of HideIngredientsFromTagsPlugin [roughlyenoughitems]
[12Aug2024 14:47:14.784] [REI-ReloadPlugins/INFO] [REI/]: [REI]  - (0.00) DefaultClientRuntimePlugin of DefaultClientRuntimePlugin [roughlyenoughitems]
[12Aug2024 14:47:14.785] [REI-ReloadPlugins/INFO] [REI/]: [REI]  - (10000000.00) REIForgePluginStub of REIForgePluginStub [kubejs]
[12Aug2024 14:47:14.785] [REI-ReloadPlugins/INFO] [REI/]: [REI] @@@@@@@@@@@@@@@@@@@@@@@@@@@@@@@@@@@@@@@@
[12Aug2024 14:47:14.792] [Render thread/WARN] [net.minecraft.client.ClientRecipeBook/]: Unknown recipe category: ae2:charger/ae2:charger/charged_certus_quartz_crystal
[12Aug2024 14:47:14.800] [Render thread/WARN] [net.minecraft.client.ClientRecipeBook/]: Unknown recipe category: ae2:charger/ae2:charger/guide
[12Aug2024 14:47:14.814] [Render thread/WARN] [net.minecraft.client.ClientRecipeBook/]: Unknown recipe category: ae2:charger/ae2:charger/meteorite_compass
[12Aug2024 14:47:15.158] [Render thread/WARN] [net.minecraft.client.multiplayer.ClientPacketListener/]: Received passengers for unknown entity
[12Aug2024 14:47:15.241] [Render thread/INFO] [Jade/]: Received config from the server: 
[12Aug2024 14:47:15.372] [Cull thread/WARN] [Embeddium-MixinTaintDetector/]: Mod(s) [acedium] are modifying Embeddium class me.jellysquid.mods.sodium.client.render.chunk.RenderSection, which may cause instability.
[12Aug2024 14:47:15.720] [Render thread/INFO] [ChunkBuilder/]: Stopping worker threads
[12Aug2024 14:47:15.729] [Render thread/INFO] [com.mojang.blaze3d.platform.GlDebug/]: OpenGL debug message: id=1282, source=API, type=ERROR, severity=HIGH, message='GL_INVALID_OPERATION error generated. Buffer object is not resident for this context.'
[12Aug2024 14:47:15.731] [Render thread/INFO] [com.mojang.blaze3d.platform.GlDebug/]: OpenGL debug message: id=1282, source=API, type=ERROR, severity=HIGH, message='GL_INVALID_OPERATION error generated. Buffer object is not resident for this context.'
[12Aug2024 14:47:15.778] [Render thread/INFO] [ChunkBuilder/]: Started 6 worker threads
[12Aug2024 14:47:15.939] [Render thread/INFO] [coroutil/]: CoroUtil detected Serene Seasons Installed for use
[12Aug2024 14:47:16.159] [Render thread/INFO] [net.minecraft.advancements.AdvancementList/]: Loaded 27 advancements
[12Aug2024 14:47:16.178] [Render thread/INFO] [patchouli/]: BookContentResourceListenerLoader: Files found in 669.7 ?s
[12Aug2024 14:47:16.187] [Render thread/INFO] [patchouli/]: BookContentResourceListenerLoader: Files found in 713.1 ?s
[12Aug2024 14:47:16.228] [Render thread/INFO] [patchouli/]: BookContentResourceListenerLoader: Files found in 565.6 ?s
[12Aug2024 14:47:16.364] [Render thread/WARN] [wayoftime.bloodmagic.compat.patchouli.processors.BloodAltarProcessor/]: Guidebook missing Blood Altar recipe bloodmagic:altar/slate
[12Aug2024 14:47:16.397] [Render thread/WARN] [patchouli/]: Recipe bloodmagic:blood_rune_capacity (of type minecraft:crafting) not found
[12Aug2024 14:47:16.405] [Render thread/WARN] [patchouli/]: Recipe bloodmagic:blood_rune_sacrifice (of type minecraft:crafting) not found
[12Aug2024 14:47:16.410] [Render thread/WARN] [patchouli/]: Recipe bloodmagic:blood_rune_blank (of type minecraft:crafting) not found
[12Aug2024 14:47:16.419] [Render thread/WARN] [patchouli/]: Recipe bloodmagic:blood_rune_self_sacrifice (of type minecraft:crafting) not found
[12Aug2024 14:47:16.462] [Render thread/WARN] [patchouli/]: Recipe bloodmagic:blood_rune_aug_capacity (of type minecraft:crafting) not found
[12Aug2024 14:47:16.511] [Render thread/WARN] [patchouli/]: Recipe bloodmagic:blood_rune_displacement (of type minecraft:crafting) not found
[12Aug2024 14:47:16.516] [Render thread/WARN] [patchouli/]: Recipe bloodmagic:blood_rune_speed (of type minecraft:crafting) not found
[12Aug2024 14:47:16.517] [Render thread/INFO] [patchouli/]: BookContentResourceListenerLoader: Files found in 643.9 ?s
[12Aug2024 14:47:16.519] [Render thread/INFO] [patchouli/]: BookContentResourceListenerLoader: Files found in 688.5 ?s
[12Aug2024 14:47:16.536] [Render thread/INFO] [patchouli/]: BookContentResourceListenerLoader: Files found in 637.6 ?s
[12Aug2024 14:47:16.625] [Render thread/INFO] [patchouli/]: BookContentResourceListenerLoader: Files found in 340.0 ?s
[12Aug2024 14:47:16.627] [Render thread/INFO] [patchouli/]: BookContentResourceListenerLoader: Files found in 411.1 ?s
[12Aug2024 14:47:16.632] [Render thread/WARN] [patchouli/]: Invalid icon item stack: Unknown item ID: pneumaticcraft:pneumatic_generator
[12Aug2024 14:47:16.635] [Render thread/WARN] [patchouli/]: Invalid icon item stack: Unknown item ID: pneumaticcraft:electric_compressor
[12Aug2024 14:47:16.638] [Render thread/INFO] [patchouli/]: BookContentResourceListenerLoader: Files found in 528.7 ?s
[12Aug2024 14:47:16.671] [Render thread/WARN] [patchouli/]: Recipe pneumaticcraft:radiation_shielding_upgrade (of type minecraft:crafting) not found
[12Aug2024 14:47:16.679] [REI-ReloadPlugins/INFO] [REI/]: [REI] @@@@@@@@@@@@@@@@@@@@@@@@@@@@@@@@@@@@@@@@
[12Aug2024 14:47:16.679] [Render thread/INFO] [patchouli/]: BookContentResourceListenerLoader: Files found in 422.8 ?s
[12Aug2024 14:47:16.679] [REI-ReloadPlugins/INFO] [REI/]: [REI] REIServerPlugin starting main-reload for START.
[12Aug2024 14:47:16.679] [REI-ReloadPlugins/INFO] [REI/]: [REI] Plugins (2):
[12Aug2024 14:47:16.679] [REI-ReloadPlugins/INFO] [REI/]: [REI]  - (-100.00) DefaultPluginImpl of DefaultPluginImpl [roughlyenoughitems]
[12Aug2024 14:47:16.679] [REI-ReloadPlugins/INFO] [REI/]: [REI]  - (0.00) DefaultRuntimePlugin of DefaultRuntimePlugin [roughlyenoughitems]
[12Aug2024 14:47:16.679] [REI-ReloadPlugins/INFO] [REI/]: [REI] @@@@@@@@@@@@@@@@@@@@@@@@@@@@@@@@@@@@@@@@
[12Aug2024 14:47:16.679] [Render thread/INFO] [patchouli/]: BookContentResourceListenerLoader: Files found in 438.7 ?s
[12Aug2024 14:47:16.682] [Render thread/INFO] [patchouli/]: BookContentResourceListenerLoader: Files found in 299.4 ?s
[12Aug2024 14:47:16.690] [REI-ReloadPlugins/INFO] [REI/]: [REI] REIPlugin finished post-reload for START in 5.925 ms, totaling 345.4 ms.
[12Aug2024 14:47:16.691] [Render thread/INFO] [ModernFix/]: Cleared 1886 unneeded book NBT tags
[12Aug2024 14:47:16.695] [REI-ReloadPlugins/INFO] [REI/]: [REI] REIClientPlugin finished post-reload for START in 3.203 ms, totaling 1.916 s.
[12Aug2024 14:47:16.697] [REI-ReloadPlugins/INFO] [REI/]: [REI] REIServerPlugin finished post-reload for START in 329.8 ?s, totaling 3.449 ms.
[12Aug2024 14:47:16.709] [REI-ReloadPlugins/INFO] [REI/]: [REI] ****************************************
[12Aug2024 14:47:16.709] [REI-ReloadPlugins/INFO] [REI/]: [REI] REIPlugin starting main-reload for END.
[12Aug2024 14:47:16.710] [REI-ReloadPlugins/INFO] [REI/]: [REI] Plugins (38):
[12Aug2024 14:47:16.710] [REI-ReloadPlugins/INFO] [REI/]: [REI]  - (-100.00) DefaultClientPluginImpl of DefaultClientPluginImpl [roughlyenoughitems]
[12Aug2024 14:47:16.710] [REI-ReloadPlugins/INFO] [REI/]: [REI]  - (-100.00) DefaultPluginImpl of DefaultPluginImpl [roughlyenoughitems]
[12Aug2024 14:47:16.710] [REI-ReloadPlugins/INFO] [REI/]: [REI]  - (0.00) HideIngredientsFromTagsPlugin of HideIngredientsFromTagsPlugin [roughlyenoughitems]
[12Aug2024 14:47:16.710] [REI-ReloadPlugins/INFO] [REI/]: [REI]  - (0.00) DefaultClientRuntimePlugin of DefaultClientRuntimePlugin [roughlyenoughitems]
[12Aug2024 14:47:16.710] [REI-ReloadPlugins/INFO] [REI/]: [REI]  - (0.00) DefaultRuntimePlugin of DefaultRuntimePlugin [roughlyenoughitems]
[12Aug2024 14:47:16.710] [REI-ReloadPlugins/INFO] [REI/]: [REI]  - (0.00) JEI Plugin [AdAstraJeiPlugin:ad_astra:jei] of REI Plugin Compatibilities Adapter [rei_plugin_compatibilities, jei]
[12Aug2024 14:47:16.710] [REI-ReloadPlugins/INFO] [REI/]: [REI]  - (0.00) JEI Plugin [CreateAdditionJEI:createaddition:jei_plugin] of REI Plugin Compatibilities Adapter [rei_plugin_compatibilities, jei]
[12Aug2024 14:47:16.710] [REI-ReloadPlugins/INFO] [REI/]: [REI]  - (0.00) JEI Plugin [DEJEIPlugin:draconicevolution:jei_plugin] of REI Plugin Compatibilities Adapter [rei_plugin_compatibilities, jei]
[12Aug2024 14:47:16.711] [REI-ReloadPlugins/INFO] [REI/]: [REI]  - (0.00) JEI Plugin [BCJEIPlugin:brandonscore:jei_plugin] of REI Plugin Compatibilities Adapter [rei_plugin_compatibilities, jei]
[12Aug2024 14:47:16.711] [REI-ReloadPlugins/INFO] [REI/]: [REI]  - (0.00) JEI Plugin [JEIPlugin:codechickenlib:jei_plugin] of REI Plugin Compatibilities Adapter [rei_plugin_compatibilities, jei]
[12Aug2024 14:47:16.711] [REI-ReloadPlugins/INFO] [REI/]: [REI]  - (0.00) JEI Plugin [Plugin:refurbished_furniture:plugin] of REI Plugin Compatibilities Adapter [rei_plugin_compatibilities, jei]
[12Aug2024 14:47:16.711] [REI-ReloadPlugins/INFO] [REI/]: [REI]  - (0.00) JEI Plugin [JEIPlugin:functionalstorage:main] of REI Plugin Compatibilities Adapter [rei_plugin_compatibilities, jei]
[12Aug2024 14:47:16.711] [REI-ReloadPlugins/INFO] [REI/]: [REI]  - (0.00) JEI Plugin [JEIComputerCraft:computercraft:jei] of REI Plugin Compatibilities Adapter [rei_plugin_compatibilities, jei]
[12Aug2024 14:47:16.711] [REI-ReloadPlugins/INFO] [REI/]: [REI]  - (0.00) JEI Plugin [JEIPlugin:kubejs:jei] of REI Plugin Compatibilities Adapter [rei_plugin_compatibilities, jei]
[12Aug2024 14:47:16.711] [REI-ReloadPlugins/INFO] [REI/]: [REI]  - (0.00) JEI Plugin [JEIPlugin:minecraft:minecolonies] of REI Plugin Compatibilities Adapter [rei_plugin_compatibilities, jei]
[12Aug2024 14:47:16.711] [REI-ReloadPlugins/INFO] [REI/]: [REI]  - (0.00) JEI Plugin [ABJEIPlugin:appbot:main] of REI Plugin Compatibilities Adapter [rei_plugin_compatibilities, jei]
[12Aug2024 14:47:16.711] [REI-ReloadPlugins/INFO] [REI/]: [REI]  - (0.00) JEI Plugin [PatchouliJeiPlugin:patchouli:patchouli] of REI Plugin Compatibilities Adapter [rei_plugin_compatibilities, jei]
[12Aug2024 14:47:16.711] [REI-ReloadPlugins/INFO] [REI/]: [REI]  - (0.00) JEI Plugin [CreateJEI:create:jei_plugin] of REI Plugin Compatibilities Adapter [rei_plugin_compatibilities, jei]
[12Aug2024 14:47:16.712] [REI-ReloadPlugins/INFO] [REI/]: [REI]  - (0.00) JEI Plugin [GeneratorsJEI:mekanismgenerators:jei_plugin] of REI Plugin Compatibilities Adapter [rei_plugin_compatibilities, jei]
[12Aug2024 14:47:16.712] [REI-ReloadPlugins/INFO] [REI/]: [REI]  - (0.00) JEI Plugin [MekanismJEI:mekanism:jei_plugin] of REI Plugin Compatibilities Adapter [rei_plugin_compatibilities, jei]
[12Aug2024 14:47:16.712] [REI-ReloadPlugins/INFO] [REI/]: [REI]  - (0.00) JEI Plugin [CuriosJeiPlugin:curios:curios] of REI Plugin Compatibilities Adapter [rei_plugin_compatibilities, jei]
[12Aug2024 14:47:16.712] [REI-ReloadPlugins/INFO] [REI/]: [REI]  - (0.00) JEI Plugin [JEIPlugin:minecraft:domum_ornamentum] of REI Plugin Compatibilities Adapter [rei_plugin_compatibilities, jei]
[12Aug2024 14:47:16.712] [REI-ReloadPlugins/INFO] [REI/]: [REI]  - (0.00) JEI Plugin [JEIBotaniaPlugin:botania:main] of REI Plugin Compatibilities Adapter [rei_plugin_compatibilities, jei]
[12Aug2024 14:47:16.712] [REI-ReloadPlugins/INFO] [REI/]: [REI]  - (0.00) JEI Plugin [JEIPlugin:ae2:core] of REI Plugin Compatibilities Adapter [rei_plugin_compatibilities, jei]
[12Aug2024 14:47:16.712] [REI-ReloadPlugins/INFO] [REI/]: [REI]  - (0.00) JEI Plugin [JEICompat:jade:main] of REI Plugin Compatibilities Adapter [rei_plugin_compatibilities, jei]
[12Aug2024 14:47:16.712] [REI-ReloadPlugins/INFO] [REI/]: [REI]  - (0.00) JEI Plugin [JEIHelper:immersiveengineering:main] of REI Plugin Compatibilities Adapter [rei_plugin_compatibilities, jei]
[12Aug2024 14:47:16.712] [REI-ReloadPlugins/INFO] [REI/]: [REI]  - (0.00) JEI Plugin [TitaniumJEIPlugin:titanium:default] of REI Plugin Compatibilities Adapter [rei_plugin_compatibilities, jei]
[12Aug2024 14:47:16.712] [REI-ReloadPlugins/INFO] [REI/]: [REI]  - (0.00) JEI Plugin [AlexsCavesPlugin:alexscaves:alexscaves] of REI Plugin Compatibilities Adapter [rei_plugin_compatibilities, jei]
[12Aug2024 14:47:16.713] [REI-ReloadPlugins/INFO] [REI/]: [REI]  - (0.00) JEI Plugin [JeiModPlugin:jeimultiblocks:plugin] of REI Plugin Compatibilities Adapter [rei_plugin_compatibilities, jei]
[12Aug2024 14:47:16.713] [REI-ReloadPlugins/INFO] [REI/]: [REI]  - (0.00) JEI Plugin [BloodMagicJEIPlugin:bloodmagic:jei_plugin] of REI Plugin Compatibilities Adapter [rei_plugin_compatibilities, jei]
[12Aug2024 14:47:16.713] [REI-ReloadPlugins/INFO] [REI/]: [REI]  - (0.00) JEI Plugin [BfrJEI:bfr:jei_plugin] of REI Plugin Compatibilities Adapter [rei_plugin_compatibilities, jei]
[12Aug2024 14:47:16.713] [REI-ReloadPlugins/INFO] [REI/]: [REI]  - (0.00) JEI Plugin [JEIPlugin:pneumaticcraft:default] of REI Plugin Compatibilities Adapter [rei_plugin_compatibilities, jei]
[12Aug2024 14:47:16.713] [REI-ReloadPlugins/INFO] [REI/]: [REI]  - (0.00) JEI Plugin [JEIRuntimeCapturer:modernfix:capturer] of REI Plugin Compatibilities Adapter [rei_plugin_compatibilities, jei]
[12Aug2024 14:47:16.713] [REI-ReloadPlugins/INFO] [REI/]: [REI]  - (0.00) JEI Plugin [CBCJEI:createbigcannons:jei_plugin] of REI Plugin Compatibilities Adapter [rei_plugin_compatibilities, jei]
[12Aug2024 14:47:16.713] [REI-ReloadPlugins/INFO] [REI/]: [REI]  - (0.00) ReiIsDumbClientPlugin of ReiIsDumbClientPlugin [ad_astra]
[12Aug2024 14:47:16.713] [REI-ReloadPlugins/INFO] [REI/]: [REI]  - (0.00) REI Plugin Compatibilities Client Handler of REI Plugin Compatibilities Client Handler [rei_plugin_compatibilities, jei]
[12Aug2024 14:47:16.713] [REI-ReloadPlugins/INFO] [REI/]: [REI]  - (0.00) AE2 of AE2 [ae2]
[12Aug2024 14:47:16.713] [REI-ReloadPlugins/INFO] [REI/]: [REI]  - (10000000.00) REIForgePluginStub of REIForgePluginStub [kubejs]
[12Aug2024 14:47:16.713] [REI-ReloadPlugins/INFO] [REI/]: [REI] ****************************************
[12Aug2024 14:47:16.775] [REI-ReloadPlugins/INFO] [REI/]: [REI] ++++++++++++++++++++++++++++++++++++++++
[12Aug2024 14:47:16.775] [REI-ReloadPlugins/INFO] [REI/]: [REI] REIClientPlugin starting main-reload for END.
[12Aug2024 14:47:16.776] [REI-ReloadPlugins/INFO] [REI/]: [REI] Plugins (36):
[12Aug2024 14:47:16.776] [REI-ReloadPlugins/INFO] [REI/]: [REI]  - (-100.00) DefaultClientPluginImpl of DefaultClientPluginImpl [roughlyenoughitems]
[12Aug2024 14:47:16.776] [REI-ReloadPlugins/INFO] [REI/]: [REI]  - (0.00) JEI Plugin [AdAstraJeiPlugin:ad_astra:jei] of REI Plugin Compatibilities Adapter [rei_plugin_compatibilities, jei]
[12Aug2024 14:47:16.776] [REI-ReloadPlugins/INFO] [REI/]: [REI]  - (0.00) JEI Plugin [CreateAdditionJEI:createaddition:jei_plugin] of REI Plugin Compatibilities Adapter [rei_plugin_compatibilities, jei]
[12Aug2024 14:47:16.776] [REI-ReloadPlugins/INFO] [REI/]: [REI]  - (0.00) JEI Plugin [DEJEIPlugin:draconicevolution:jei_plugin] of REI Plugin Compatibilities Adapter [rei_plugin_compatibilities, jei]
[12Aug2024 14:47:16.776] [REI-ReloadPlugins/INFO] [REI/]: [REI]  - (0.00) JEI Plugin [BCJEIPlugin:brandonscore:jei_plugin] of REI Plugin Compatibilities Adapter [rei_plugin_compatibilities, jei]
[12Aug2024 14:47:16.776] [REI-ReloadPlugins/INFO] [REI/]: [REI]  - (0.00) JEI Plugin [JEIPlugin:codechickenlib:jei_plugin] of REI Plugin Compatibilities Adapter [rei_plugin_compatibilities, jei]
[12Aug2024 14:47:16.777] [REI-ReloadPlugins/INFO] [REI/]: [REI]  - (0.00) JEI Plugin [Plugin:refurbished_furniture:plugin] of REI Plugin Compatibilities Adapter [rei_plugin_compatibilities, jei]
[12Aug2024 14:47:16.777] [REI-ReloadPlugins/INFO] [REI/]: [REI]  - (0.00) JEI Plugin [JEIPlugin:functionalstorage:main] of REI Plugin Compatibilities Adapter [rei_plugin_compatibilities, jei]
[12Aug2024 14:47:16.777] [REI-ReloadPlugins/INFO] [REI/]: [REI]  - (0.00) JEI Plugin [JEIComputerCraft:computercraft:jei] of REI Plugin Compatibilities Adapter [rei_plugin_compatibilities, jei]
[12Aug2024 14:47:16.777] [REI-ReloadPlugins/INFO] [REI/]: [REI]  - (0.00) JEI Plugin [JEIPlugin:kubejs:jei] of REI Plugin Compatibilities Adapter [rei_plugin_compatibilities, jei]
[12Aug2024 14:47:16.777] [REI-ReloadPlugins/INFO] [REI/]: [REI]  - (0.00) JEI Plugin [JEIPlugin:minecraft:minecolonies] of REI Plugin Compatibilities Adapter [rei_plugin_compatibilities, jei]
[12Aug2024 14:47:16.777] [REI-ReloadPlugins/INFO] [REI/]: [REI]  - (0.00) JEI Plugin [ABJEIPlugin:appbot:main] of REI Plugin Compatibilities Adapter [rei_plugin_compatibilities, jei]
[12Aug2024 14:47:16.777] [REI-ReloadPlugins/INFO] [REI/]: [REI]  - (0.00) JEI Plugin [PatchouliJeiPlugin:patchouli:patchouli] of REI Plugin Compatibilities Adapter [rei_plugin_compatibilities, jei]
[12Aug2024 14:47:16.777] [REI-ReloadPlugins/INFO] [REI/]: [REI]  - (0.00) JEI Plugin [CreateJEI:create:jei_plugin] of REI Plugin Compatibilities Adapter [rei_plugin_compatibilities, jei]
[12Aug2024 14:47:16.777] [REI-ReloadPlugins/INFO] [REI/]: [REI]  - (0.00) JEI Plugin [GeneratorsJEI:mekanismgenerators:jei_plugin] of REI Plugin Compatibilities Adapter [rei_plugin_compatibilities, jei]
[12Aug2024 14:47:16.777] [REI-ReloadPlugins/INFO] [REI/]: [REI]  - (0.00) JEI Plugin [MekanismJEI:mekanism:jei_plugin] of REI Plugin Compatibilities Adapter [rei_plugin_compatibilities, jei]
[12Aug2024 14:47:16.777] [REI-ReloadPlugins/INFO] [REI/]: [REI]  - (0.00) JEI Plugin [CuriosJeiPlugin:curios:curios] of REI Plugin Compatibilities Adapter [rei_plugin_compatibilities, jei]
[12Aug2024 14:47:16.777] [REI-ReloadPlugins/INFO] [REI/]: [REI]  - (0.00) JEI Plugin [JEIPlugin:minecraft:domum_ornamentum] of REI Plugin Compatibilities Adapter [rei_plugin_compatibilities, jei]
[12Aug2024 14:47:16.777] [REI-ReloadPlugins/INFO] [REI/]: [REI]  - (0.00) JEI Plugin [JEIBotaniaPlugin:botania:main] of REI Plugin Compatibilities Adapter [rei_plugin_compatibilities, jei]
[12Aug2024 14:47:16.779] [REI-ReloadPlugins/INFO] [REI/]: [REI]  - (0.00) JEI Plugin [JEIPlugin:ae2:core] of REI Plugin Compatibilities Adapter [rei_plugin_compatibilities, jei]
[12Aug2024 14:47:16.779] [REI-ReloadPlugins/INFO] [REI/]: [REI]  - (0.00) JEI Plugin [JEICompat:jade:main] of REI Plugin Compatibilities Adapter [rei_plugin_compatibilities, jei]
[12Aug2024 14:47:16.779] [REI-ReloadPlugins/INFO] [REI/]: [REI]  - (0.00) JEI Plugin [JEIHelper:immersiveengineering:main] of REI Plugin Compatibilities Adapter [rei_plugin_compatibilities, jei]
[12Aug2024 14:47:16.779] [REI-ReloadPlugins/INFO] [REI/]: [REI]  - (0.00) JEI Plugin [TitaniumJEIPlugin:titanium:default] of REI Plugin Compatibilities Adapter [rei_plugin_compatibilities, jei]
[12Aug2024 14:47:16.779] [REI-ReloadPlugins/INFO] [REI/]: [REI]  - (0.00) JEI Plugin [AlexsCavesPlugin:alexscaves:alexscaves] of REI Plugin Compatibilities Adapter [rei_plugin_compatibilities, jei]
[12Aug2024 14:47:16.779] [REI-ReloadPlugins/INFO] [REI/]: [REI]  - (0.00) JEI Plugin [JeiModPlugin:jeimultiblocks:plugin] of REI Plugin Compatibilities Adapter [rei_plugin_compatibilities, jei]
[12Aug2024 14:47:16.779] [REI-ReloadPlugins/INFO] [REI/]: [REI]  - (0.00) JEI Plugin [BloodMagicJEIPlugin:bloodmagic:jei_plugin] of REI Plugin Compatibilities Adapter [rei_plugin_compatibilities, jei]
[12Aug2024 14:47:16.779] [REI-ReloadPlugins/INFO] [REI/]: [REI]  - (0.00) JEI Plugin [BfrJEI:bfr:jei_plugin] of REI Plugin Compatibilities Adapter [rei_plugin_compatibilities, jei]
[12Aug2024 14:47:16.780] [REI-ReloadPlugins/INFO] [REI/]: [REI]  - (0.00) JEI Plugin [JEIPlugin:pneumaticcraft:default] of REI Plugin Compatibilities Adapter [rei_plugin_compatibilities, jei]
[12Aug2024 14:47:16.780] [REI-ReloadPlugins/INFO] [REI/]: [REI]  - (0.00) JEI Plugin [JEIRuntimeCapturer:modernfix:capturer] of REI Plugin Compatibilities Adapter [rei_plugin_compatibilities, jei]
[12Aug2024 14:47:16.780] [REI-ReloadPlugins/INFO] [REI/]: [REI]  - (0.00) JEI Plugin [CBCJEI:createbigcannons:jei_plugin] of REI Plugin Compatibilities Adapter [rei_plugin_compatibilities, jei]
[12Aug2024 14:47:16.780] [REI-ReloadPlugins/INFO] [REI/]: [REI]  - (0.00) ReiIsDumbClientPlugin of ReiIsDumbClientPlugin [ad_astra]
[12Aug2024 14:47:16.780] [REI-ReloadPlugins/INFO] [REI/]: [REI]  - (0.00) REI Plugin Compatibilities Client Handler of REI Plugin Compatibilities Client Handler [rei_plugin_compatibilities, jei]
[12Aug2024 14:47:16.780] [REI-ReloadPlugins/INFO] [REI/]: [REI]  - (0.00) AE2 of AE2 [ae2]
[12Aug2024 14:47:16.780] [REI-ReloadPlugins/INFO] [REI/]: [REI]  - (0.00) HideIngredientsFromTagsPlugin of HideIngredientsFromTagsPlugin [roughlyenoughitems]
[12Aug2024 14:47:16.780] [REI-ReloadPlugins/INFO] [REI/]: [REI]  - (0.00) DefaultClientRuntimePlugin of DefaultClientRuntimePlugin [roughlyenoughitems]
[12Aug2024 14:47:16.780] [REI-ReloadPlugins/INFO] [REI/]: [REI]  - (10000000.00) REIForgePluginStub of REIForgePluginStub [kubejs]
[12Aug2024 14:47:16.780] [REI-ReloadPlugins/INFO] [REI/]: [REI] ++++++++++++++++++++++++++++++++++++++++
[12Aug2024 14:47:17.135] [Render thread/WARN] [Embeddium-MixinTaintDetector/]: Mod(s) [acedium] are modifying Embeddium class me.jellysquid.mods.sodium.client.render.chunk.compile.ChunkBuildOutput, which may cause instability.
[12Aug2024 14:47:17.334] [Render thread/INFO] [de.keksuccino.fancymenu.customization.layer.ScreenCustomizationLayerHandler/]: [FANCYMENU] ScreenCustomizationLayer registered: pause_screen
[12Aug2024 14:47:17.505] [Render thread/WARN] [ModernFix/]: Time from main menu to in-game was 23.7555 seconds
[12Aug2024 14:47:17.506] [Render thread/WARN] [ModernFix/]: Total time to load game and open world was 83.0025 seconds
[12Aug2024 14:47:17.513] [Server thread/INFO] [net.minecraft.client.server.IntegratedServer/]: Saving and pausing game...
[12Aug2024 14:47:17.549] [Server thread/INFO] [net.minecraft.server.MinecraftServer/]: Saving chunks for level 'ServerLevel[New World]'/minecraft:overworld
[12Aug2024 14:47:18.987] [Server thread/INFO] [net.minecraft.server.MinecraftServer/]: Saving chunks for level 'ServerLevel[New World]'/ad_astra:glacio_orbit
[12Aug2024 14:47:18.991] [Server thread/INFO] [net.minecraft.server.MinecraftServer/]: Saving chunks for level 'ServerLevel[New World]'/bloodmagic:dungeon
[12Aug2024 14:47:18.994] [Server thread/INFO] [net.minecraft.server.MinecraftServer/]: Saving chunks for level 'ServerLevel[New World]'/ad_astra:venus_orbit
[12Aug2024 14:47:18.997] [Server thread/INFO] [net.minecraft.server.MinecraftServer/]: Saving chunks for level 'ServerLevel[New World]'/minecraft:the_nether
[12Aug2024 14:47:18.999] [Server thread/INFO] [net.minecraft.server.MinecraftServer/]: Saving chunks for level 'ServerLevel[New World]'/ad_astra:earth_orbit
[12Aug2024 14:47:19.002] [Server thread/INFO] [net.minecraft.server.MinecraftServer/]: Saving chunks for level 'ServerLevel[New World]'/ad_astra:venus
[12Aug2024 14:47:19.005] [Server thread/INFO] [net.minecraft.server.MinecraftServer/]: Saving chunks for level 'ServerLevel[New World]'/ad_astra:mercury_orbit
[12Aug2024 14:47:19.008] [Server thread/INFO] [net.minecraft.server.MinecraftServer/]: Saving chunks for level 'ServerLevel[New World]'/ad_astra:moon
[12Aug2024 14:47:19.010] [Server thread/INFO] [net.minecraft.server.MinecraftServer/]: Saving chunks for level 'ServerLevel[New World]'/ad_astra:mercury
[12Aug2024 14:47:19.013] [Server thread/INFO] [net.minecraft.server.MinecraftServer/]: Saving chunks for level 'ServerLevel[New World]'/minecraft:the_end
[12Aug2024 14:47:19.016] [Server thread/INFO] [net.minecraft.server.MinecraftServer/]: Saving chunks for level 'ServerLevel[New World]'/ad_astra:mars_orbit
[12Aug2024 14:47:19.019] [Server thread/INFO] [net.minecraft.server.MinecraftServer/]: Saving chunks for level 'ServerLevel[New World]'/ad_astra:moon_orbit
[12Aug2024 14:47:19.022] [Server thread/INFO] [net.minecraft.server.MinecraftServer/]: Saving chunks for level 'ServerLevel[New World]'/ad_astra:glacio
[12Aug2024 14:47:19.027] [Server thread/INFO] [net.minecraft.server.MinecraftServer/]: Saving chunks for level 'ServerLevel[New World]'/ad_astra:mars
[12Aug2024 14:47:19.032] [Server thread/INFO] [net.minecraft.server.MinecraftServer/]: Saving chunks for level 'ServerLevel[New World]'/ae2:spatial_storage
[12Aug2024 14:47:19.221] [Server thread/WARN] [net.minecraft.server.MinecraftServer/]: Can't keep up! Is the server overloaded? Running 2158ms or 43 ticks behind
[12Aug2024 14:47:22.089] [REI-ReloadPlugins/INFO] [immersiveengineering/]: Adding recipes to JEI!!
[12Aug2024 14:47:22.186] [REI-ReloadPlugins/INFO] [immersiveengineering/]: Recipes for potions: minecraft:turtle_master, minecraft:poison, alexscaves:glowing, minecraft:long_weakness, minecraft:long_fire_resistance, alexscaves:strong_haste, minecraft:slow_falling, minecraft:long_poison, alexscaves:long_magnetizing, biomemakeover:nocturnal_pot, minecraft:strong_regeneration, minecraft:leaping, minecraft:long_water_breathing, minecraft:long_night_vision, minecraft:strong_slowness, minecraft:long_slowness, minecraft:healing, minecraft:strength, minecraft:slowness, minecraft:long_slow_falling, minecraft:night_vision, biomemakeover:long_nocturnal_pot, minecraft:strong_harming, minecraft:water_breathing, alexscaves:magnetizing, minecraft:strong_healing, minecraft:strong_turtle_master, minecraft:weakness, alexscaves:long_haste, minecraft:fire_resistance, minecraft:regeneration, minecraft:water, minecraft:long_strength, minecraft:harming, alexscaves:long_glowing, minecraft:strong_poison, minecraft:strong_strength, minecraft:strong_swiftness, alexscaves:long_deepsight, minecraft:strong_leaping, minecraft:awkward, minecraft:long_invisibility, minecraft:long_turtle_master, alexscaves:deepsight, minecraft:long_swiftness, minecraft:long_leaping, biomemakeover:actidote_pot, minecraft:swiftness, minecraft:invisibility, alexscaves:haste, minecraft:long_regeneration
[12Aug2024 14:47:24.404] [REI-ReloadPlugins/INFO] [REI/]: [REI] ########################################
[12Aug2024 14:47:24.404] [REI-ReloadPlugins/INFO] [REI/]: [REI] REIServerPlugin starting main-reload for END.
[12Aug2024 14:47:24.404] [REI-ReloadPlugins/INFO] [REI/]: [REI] Plugins (2):
[12Aug2024 14:47:24.404] [REI-ReloadPlugins/INFO] [REI/]: [REI]  - (-100.00) DefaultPluginImpl of DefaultPluginImpl [roughlyenoughitems]
[12Aug2024 14:47:24.404] [REI-ReloadPlugins/INFO] [REI/]: [REI]  - (0.00) DefaultRuntimePlugin of DefaultRuntimePlugin [roughlyenoughitems]
[12Aug2024 14:47:24.404] [REI-ReloadPlugins/INFO] [REI/]: [REI] ########################################
[12Aug2024 14:47:24.415] [REI-ReloadPlugins/INFO] [REI/]: [REI] REIPlugin finished post-reload for END in 3.004 ms, totaling 71.44 ms.
[12Aug2024 14:47:24.425] [REI-ReloadPlugins/ERROR] [REI/]: [REI] Display [ad_astra:compressing/calorite_plate_from_compressing_calorite_blocks] me.shedaniel.rei.jeicompat.wrap.JEIWrappedDisplay@69bf6c89 failed validation check for category [ad_astra:compressing] earth.terrarium.adastra.common.compat.rei.categories.CompressingCategory@77123332
[12Aug2024 14:47:24.427] [REI-ReloadPlugins/ERROR] [REI/]: [REI] Display [ad_astra:compressing/iron_plate_from_compressing_iron_ingot] me.shedaniel.rei.jeicompat.wrap.JEIWrappedDisplay@7f920648 failed validation check for category [ad_astra:compressing] earth.terrarium.adastra.common.compat.rei.categories.CompressingCategory@77123332
[12Aug2024 14:47:24.428] [REI-ReloadPlugins/ERROR] [REI/]: [REI] Display [ad_astra:compressing/ostrum_plate_from_compressing_ostrum_blocks] me.shedaniel.rei.jeicompat.wrap.JEIWrappedDisplay@43b5d7c6 failed validation check for category [ad_astra:compressing] earth.terrarium.adastra.common.compat.rei.categories.CompressingCategory@77123332
[12Aug2024 14:47:24.428] [REI-ReloadPlugins/ERROR] [REI/]: [REI] Display [ad_astra:compressing/steel_plate_from_compressing_steel_blocks] me.shedaniel.rei.jeicompat.wrap.JEIWrappedDisplay@4c3359f1 failed validation check for category [ad_astra:compressing] earth.terrarium.adastra.common.compat.rei.categories.CompressingCategory@77123332
[12Aug2024 14:47:24.429] [REI-ReloadPlugins/ERROR] [REI/]: [REI] Display [ad_astra:compressing/desh_plate_from_compressing_desh_blocks] me.shedaniel.rei.jeicompat.wrap.JEIWrappedDisplay@754181d0 failed validation check for category [ad_astra:compressing] earth.terrarium.adastra.common.compat.rei.categories.CompressingCategory@77123332
[12Aug2024 14:47:24.429] [REI-ReloadPlugins/ERROR] [REI/]: [REI] Display [ad_astra:compressing/calorite_plate_from_compressing_calorite_ingots] me.shedaniel.rei.jeicompat.wrap.JEIWrappedDisplay@959a900 failed validation check for category [ad_astra:compressing] earth.terrarium.adastra.common.compat.rei.categories.CompressingCategory@77123332
[12Aug2024 14:47:24.430] [REI-ReloadPlugins/ERROR] [REI/]: [REI] Display [ad_astra:compressing/desh_plate_from_compressing_desh_ingots] me.shedaniel.rei.jeicompat.wrap.JEIWrappedDisplay@25f83c8a failed validation check for category [ad_astra:compressing] earth.terrarium.adastra.common.compat.rei.categories.CompressingCategory@77123332
[12Aug2024 14:47:24.431] [REI-ReloadPlugins/ERROR] [REI/]: [REI] Display [ad_astra:compressing/steel_plate_from_compressing_steel_ingots] me.shedaniel.rei.jeicompat.wrap.JEIWrappedDisplay@2341926c failed validation check for category [ad_astra:compressing] earth.terrarium.adastra.common.compat.rei.categories.CompressingCategory@77123332
[12Aug2024 14:47:24.431] [REI-ReloadPlugins/ERROR] [REI/]: [REI] Display [ad_astra:compressing/ostrum_plate_from_compressing_ostrum_ingots] me.shedaniel.rei.jeicompat.wrap.JEIWrappedDisplay@73cd8d95 failed validation check for category [ad_astra:compressing] earth.terrarium.adastra.common.compat.rei.categories.CompressingCategory@77123332
[12Aug2024 14:47:24.432] [REI-ReloadPlugins/ERROR] [REI/]: [REI] Display [ad_astra:compressing/iron_plate_from_compressing_iron_block] me.shedaniel.rei.jeicompat.wrap.JEIWrappedDisplay@773707e0 failed validation check for category [ad_astra:compressing] earth.terrarium.adastra.common.compat.rei.categories.CompressingCategory@77123332
[12Aug2024 14:47:24.432] [REI-ReloadPlugins/ERROR] [REI/]: [REI] Display [ad_astra:alloying/steel_ingot_from_alloying_iron_ingot_and_coals] me.shedaniel.rei.jeicompat.wrap.JEIWrappedDisplay@572c7f69 failed validation check for category [ad_astra:alloying] earth.terrarium.adastra.common.compat.rei.categories.AlloyingCategory@186b6a6b
[12Aug2024 14:47:24.434] [REI-ReloadPlugins/ERROR] [REI/]: [REI] Display [ad_astra:oxygen_loading/oxygen_from_oxygen_loading_oxygen] me.shedaniel.rei.jeicompat.wrap.JEIWrappedDisplay@611d5957 failed validation check for category [ad_astra:oxygen_loading] earth.terrarium.adastra.common.compat.rei.categories.OxygenLoadingCategory@22e64f2d
[12Aug2024 14:47:24.435] [REI-ReloadPlugins/ERROR] [REI/]: [REI] Display [ad_astra:oxygen_loading/oxygen_from_oxygen_loading_water] me.shedaniel.rei.jeicompat.wrap.JEIWrappedDisplay@68b47d4f failed validation check for category [ad_astra:oxygen_loading] earth.terrarium.adastra.common.compat.rei.categories.OxygenLoadingCategory@22e64f2d
[12Aug2024 14:47:24.437] [REI-ReloadPlugins/ERROR] [REI/]: [REI] Display [ad_astra:cryo_freezing/cryo_fuel_from_cryo_freezing_packed_ice] me.shedaniel.rei.jeicompat.wrap.JEIWrappedDisplay@9fcb3d8 failed validation check for category [ad_astra:cryo_freezing] earth.terrarium.adastra.common.compat.rei.categories.CryoFreezingCategory@7d0b207f
[12Aug2024 14:47:24.438] [REI-ReloadPlugins/ERROR] [REI/]: [REI] Display [ad_astra:cryo_freezing/cryo_fuel_from_cryo_freezing_blue_ice] me.shedaniel.rei.jeicompat.wrap.JEIWrappedDisplay@a3cbc94 failed validation check for category [ad_astra:cryo_freezing] earth.terrarium.adastra.common.compat.rei.categories.CryoFreezingCategory@7d0b207f
[12Aug2024 14:47:24.438] [REI-ReloadPlugins/ERROR] [REI/]: [REI] Display [ad_astra:cryo_freezing/cryo_fuel_from_cryo_freezing_ice_shard] me.shedaniel.rei.jeicompat.wrap.JEIWrappedDisplay@721330e2 failed validation check for category [ad_astra:cryo_freezing] earth.terrarium.adastra.common.compat.rei.categories.CryoFreezingCategory@7d0b207f
[12Aug2024 14:47:24.439] [REI-ReloadPlugins/ERROR] [REI/]: [REI] Display [ad_astra:cryo_freezing/cryo_fuel_from_cryo_freezing_ice] me.shedaniel.rei.jeicompat.wrap.JEIWrappedDisplay@5ae71a5e failed validation check for category [ad_astra:cryo_freezing] earth.terrarium.adastra.common.compat.rei.categories.CryoFreezingCategory@7d0b207f
[12Aug2024 14:47:24.439] [REI-ReloadPlugins/ERROR] [REI/]: [REI] Display [ad_astra:nasa_workbench/tier_1_rocket_from_nasa_workbench] me.shedaniel.rei.jeicompat.wrap.JEIWrappedDisplay@297e01d9 failed validation check for category [ad_astra:nasa_workbench] earth.terrarium.adastra.common.compat.rei.categories.NasaWorkbenchCategory@4b29cb42
[12Aug2024 14:47:24.441] [REI-ReloadPlugins/ERROR] [REI/]: [REI] Display [ad_astra:nasa_workbench/tier_3_rocket_from_nasa_workbench] me.shedaniel.rei.jeicompat.wrap.JEIWrappedDisplay@5242ae57 failed validation check for category [ad_astra:nasa_workbench] earth.terrarium.adastra.common.compat.rei.categories.NasaWorkbenchCategory@4b29cb42
[12Aug2024 14:47:24.442] [REI-ReloadPlugins/ERROR] [REI/]: [REI] Display [ad_astra:nasa_workbench/tier_4_rocket_from_nasa_workbench] me.shedaniel.rei.jeicompat.wrap.JEIWrappedDisplay@653dbc59 failed validation check for category [ad_astra:nasa_workbench] earth.terrarium.adastra.common.compat.rei.categories.NasaWorkbenchCategory@4b29cb42
[12Aug2024 14:47:24.443] [REI-ReloadPlugins/ERROR] [REI/]: [REI] Display [ad_astra:nasa_workbench/tier_2_rocket_from_nasa_workbench] me.shedaniel.rei.jeicompat.wrap.JEIWrappedDisplay@42f9c92c failed validation check for category [ad_astra:nasa_workbench] earth.terrarium.adastra.common.compat.rei.categories.NasaWorkbenchCategory@4b29cb42
[12Aug2024 14:47:24.490] [REI-ReloadPlugins/INFO] [REI/]: [REI] Cancelled Views buildMap since plugins have not finished reloading.
[12Aug2024 14:47:25.524] [REI-ReloadPlugins/WARN] [REI/]: [REI] createFocusLink is not supported in REI yet!
[12Aug2024 14:47:25.527] [REI-ReloadPlugins/WARN] [REI/]: [REI] createFocusLink is not supported in REI yet!
[12Aug2024 14:47:25.642] [REI-ReloadPlugins/INFO] [REI/]: [REI] REIClientPlugin finished post-reload for END in 1.225 s, totaling 8.856 s.
[12Aug2024 14:47:25.643] [REI-ReloadPlugins/INFO] [REI/]: [REI] REIServerPlugin finished post-reload for END in 358.6 ?s, totaling 5.875 ms.
[12Aug2024 14:47:40.231] [Render thread/INFO] [de.keksuccino.fancymenu.customization.layer.ScreenCustomizationLayerHandler/]: [FANCYMENU] ScreenCustomizationLayer registered: inventory_screen
[12Aug2024 14:47:40.618] [Render thread/INFO] [de.keksuccino.fancymenu.customization.layer.ScreenCustomizationLayerHandler/]: [FANCYMENU] ScreenCustomizationLayer registered: creative_mode_inventory_screen
[12Aug2024 14:48:09.528] [Render thread/INFO] [de.keksuccino.fancymenu.customization.layer.ScreenCustomizationLayerHandler/]: [FANCYMENU] ScreenCustomizationLayer registered: me.shedaniel.rei.impl.client.gui.screen.DefaultDisplayViewingScreen
[12Aug2024 14:50:41.971] [Render thread/INFO] [de.keksuccino.fancymenu.customization.layer.ScreenCustomizationLayerHandler/]: [FANCYMENU] ScreenCustomizationLayer registered: chat_screen
[12Aug2024 14:50:50.411] [Server thread/INFO] [net.minecraft.server.MinecraftServer/]: [NemEzanevem: Reloading!]
[12Aug2024 14:50:50.415] [Render thread/INFO] [net.minecraft.client.gui.components.ChatComponent/]: [System] [CHAT] Reloading!
[12Aug2024 14:50:50.459] [Server thread/INFO] [KubeJS Server/]: Loaded script server_scripts:bloodmagic/meteors.js in 0.002 s
[12Aug2024 14:50:50.460] [Server thread/INFO] [KubeJS Server/]: Loaded script server_scripts:bloodmagic/more_gating.js in 0.001 s
[12Aug2024 14:50:50.462] [Server thread/INFO] [KubeJS Server/]: Loaded script server_scripts:botania/gating_stuff.js in 0.002 s
[12Aug2024 14:50:50.467] [Server thread/INFO] [KubeJS Server/]: Loaded script server_scripts:integration/create/create_integration_gate.js in 0.004 s
[12Aug2024 14:50:50.469] [Server thread/INFO] [KubeJS Server/]: Loaded script server_scripts:integration/create/other_create_integration.js in 0.0 s
[12Aug2024 14:50:50.469] [Server thread/INFO] [KubeJS Server/]: Loaded 5/5 KubeJS server scripts in 0.023 s with 0 errors and 0 warnings
[12Aug2024 14:50:50.471] [Server thread/INFO] [KubeJS Server/]: Scripts loaded
[12Aug2024 14:50:50.471] [Server thread/INFO] [KubeJS Server/]: Initializing recipe event...
[12Aug2024 14:50:50.880] [Worker-ResourceReload-5/INFO] [KubeJS Server/]: [minecraft:item] Found 1199 tags, added 0 objects, removed 2 objects
[12Aug2024 14:50:51.454] [Server thread/INFO] [KubeJS Server/]: Processing recipes...
[12Aug2024 14:50:51.462] [Server thread/WARN] [KubeJS Server/]: Failed to parse recipe 'botania:brew/fire_resistance[botania:brew]'! Falling back to vanilla: Cannot invoke "net.minecraft.core.Registry.m_7745_(net.minecraft.resources.ResourceLocation)" because "com.prunoideae.custom.brew.BotaniaRegistryObjectBuilderTypes.BREW_REGISTRY" is null
[12Aug2024 14:50:51.479] [Server thread/WARN] [KubeJS Server/]: Failed to parse recipe 'botania:brew/invisibility[botania:brew]'! Falling back to vanilla: Cannot invoke "net.minecraft.core.Registry.m_7745_(net.minecraft.resources.ResourceLocation)" because "com.prunoideae.custom.brew.BotaniaRegistryObjectBuilderTypes.BREW_REGISTRY" is null
[12Aug2024 14:50:51.481] [Server thread/WARN] [KubeJS Server/]: Failed to parse recipe 'botania:brew/clear[botania:brew]'! Falling back to vanilla: Cannot invoke "net.minecraft.core.Registry.m_7745_(net.minecraft.resources.ResourceLocation)" because "com.prunoideae.custom.brew.BotaniaRegistryObjectBuilderTypes.BREW_REGISTRY" is null
[12Aug2024 14:50:51.503] [Server thread/WARN] [KubeJS Server/]: Failed to parse recipe 'botania:brew/feather_feet[botania:brew]'! Falling back to vanilla: Cannot invoke "net.minecraft.core.Registry.m_7745_(net.minecraft.resources.ResourceLocation)" because "com.prunoideae.custom.brew.BotaniaRegistryObjectBuilderTypes.BREW_REGISTRY" is null
[12Aug2024 14:50:51.513] [Server thread/WARN] [KubeJS Server/]: Failed to parse recipe 'botania:brew/bloodthirst[botania:brew]'! Falling back to vanilla: Cannot invoke "net.minecraft.core.Registry.m_7745_(net.minecraft.resources.ResourceLocation)" because "com.prunoideae.custom.brew.BotaniaRegistryObjectBuilderTypes.BREW_REGISTRY" is null
[12Aug2024 14:50:51.523] [Server thread/WARN] [KubeJS Server/]: Failed to parse recipe 'botania:brew/emptiness[botania:brew]'! Falling back to vanilla: Cannot invoke "net.minecraft.core.Registry.m_7745_(net.minecraft.resources.ResourceLocation)" because "com.prunoideae.custom.brew.BotaniaRegistryObjectBuilderTypes.BREW_REGISTRY" is null
[12Aug2024 14:50:51.530] [Server thread/WARN] [KubeJS Server/]: Failed to parse recipe 'botania:brew/absorption[botania:brew]'! Falling back to vanilla: Cannot invoke "net.minecraft.core.Registry.m_7745_(net.minecraft.resources.ResourceLocation)" because "com.prunoideae.custom.brew.BotaniaRegistryObjectBuilderTypes.BREW_REGISTRY" is null
[12Aug2024 14:50:51.531] [Server thread/WARN] [KubeJS Server/]: Failed to parse recipe 'botania:brew/jump_boost[botania:brew]'! Falling back to vanilla: Cannot invoke "net.minecraft.core.Registry.m_7745_(net.minecraft.resources.ResourceLocation)" because "com.prunoideae.custom.brew.BotaniaRegistryObjectBuilderTypes.BREW_REGISTRY" is null
[12Aug2024 14:50:51.533] [Server thread/WARN] [KubeJS Server/]: Failed to parse recipe 'botania:brew/weak_regeneration[botania:brew]'! Falling back to vanilla: Cannot invoke "net.minecraft.core.Registry.m_7745_(net.minecraft.resources.ResourceLocation)" because "com.prunoideae.custom.brew.BotaniaRegistryObjectBuilderTypes.BREW_REGISTRY" is null
[12Aug2024 14:50:51.539] [Server thread/WARN] [KubeJS Server/]: Failed to parse recipe 'botania:brew/regeneration[botania:brew]'! Falling back to vanilla: Cannot invoke "net.minecraft.core.Registry.m_7745_(net.minecraft.resources.ResourceLocation)" because "com.prunoideae.custom.brew.BotaniaRegistryObjectBuilderTypes.BREW_REGISTRY" is null
[12Aug2024 14:50:51.542] [Server thread/WARN] [KubeJS Server/]: Failed to parse recipe 'botania:brew/speed[botania:brew]'! Falling back to vanilla: Cannot invoke "net.minecraft.core.Registry.m_7745_(net.minecraft.resources.ResourceLocation)" because "com.prunoideae.custom.brew.BotaniaRegistryObjectBuilderTypes.BREW_REGISTRY" is null
[12Aug2024 14:50:51.545] [Server thread/WARN] [KubeJS Server/]: Failed to parse recipe 'botania:brew/night_vision[botania:brew]'! Falling back to vanilla: Cannot invoke "net.minecraft.core.Registry.m_7745_(net.minecraft.resources.ResourceLocation)" because "com.prunoideae.custom.brew.BotaniaRegistryObjectBuilderTypes.BREW_REGISTRY" is null
[12Aug2024 14:50:51.567] [Server thread/WARN] [KubeJS Server/]: Failed to parse recipe 'botania:brew/overload[botania:brew]'! Falling back to vanilla: Cannot invoke "net.minecraft.core.Registry.m_7745_(net.minecraft.resources.ResourceLocation)" because "com.prunoideae.custom.brew.BotaniaRegistryObjectBuilderTypes.BREW_REGISTRY" is null
[12Aug2024 14:50:51.572] [Server thread/WARN] [KubeJS Server/]: Failed to parse recipe 'botania:brew/allure[botania:brew]'! Falling back to vanilla: Cannot invoke "net.minecraft.core.Registry.m_7745_(net.minecraft.resources.ResourceLocation)" because "com.prunoideae.custom.brew.BotaniaRegistryObjectBuilderTypes.BREW_REGISTRY" is null
[12Aug2024 14:50:51.591] [Server thread/WARN] [KubeJS Server/]: Failed to parse recipe 'botania:brew/healing[botania:brew]'! Falling back to vanilla: Cannot invoke "net.minecraft.core.Registry.m_7745_(net.minecraft.resources.ResourceLocation)" because "com.prunoideae.custom.brew.BotaniaRegistryObjectBuilderTypes.BREW_REGISTRY" is null
[12Aug2024 14:50:51.613] [Server thread/WARN] [KubeJS Server/]: Failed to parse recipe 'botania:brew/strength[botania:brew]'! Falling back to vanilla: Cannot invoke "net.minecraft.core.Registry.m_7745_(net.minecraft.resources.ResourceLocation)" because "com.prunoideae.custom.brew.BotaniaRegistryObjectBuilderTypes.BREW_REGISTRY" is null
[12Aug2024 14:50:51.616] [Server thread/WARN] [KubeJS Server/]: Failed to parse recipe 'botania:brew/haste[botania:brew]'! Falling back to vanilla: Cannot invoke "net.minecraft.core.Registry.m_7745_(net.minecraft.resources.ResourceLocation)" because "com.prunoideae.custom.brew.BotaniaRegistryObjectBuilderTypes.BREW_REGISTRY" is null
[12Aug2024 14:50:51.619] [Server thread/WARN] [KubeJS Server/]: Failed to parse recipe 'botania:brew/soul_cross[botania:brew]'! Falling back to vanilla: Cannot invoke "net.minecraft.core.Registry.m_7745_(net.minecraft.resources.ResourceLocation)" because "com.prunoideae.custom.brew.BotaniaRegistryObjectBuilderTypes.BREW_REGISTRY" is null
[12Aug2024 14:50:51.652] [Server thread/WARN] [KubeJS Server/]: Failed to parse recipe 'botania:brew/water_breathing[botania:brew]'! Falling back to vanilla: Cannot invoke "net.minecraft.core.Registry.m_7745_(net.minecraft.resources.ResourceLocation)" because "com.prunoideae.custom.brew.BotaniaRegistryObjectBuilderTypes.BREW_REGISTRY" is null
[12Aug2024 14:50:51.655] [Server thread/WARN] [KubeJS Server/]: Failed to parse recipe 'botania:brew/resistance[botania:brew]'! Falling back to vanilla: Cannot invoke "net.minecraft.core.Registry.m_7745_(net.minecraft.resources.ResourceLocation)" because "com.prunoideae.custom.brew.BotaniaRegistryObjectBuilderTypes.BREW_REGISTRY" is null
[12Aug2024 14:50:51.676] [Server thread/INFO] [KubeJS Server/]: Found 11357 recipes in 220.4 ms
[12Aug2024 14:50:51.692] [Server thread/INFO] [KubeJS Server/]: Posted recipe events in 15.95 ms
[12Aug2024 14:50:51.696] [KubeJS Recipe Event Worker 0/INFO] [pneumaticcraft/]: ignoring heat properties for block natura:nether_heat_sand: mod not loaded
[12Aug2024 14:50:51.696] [KubeJS Recipe Event Worker 0/INFO] [pneumaticcraft/]: ignoring heat properties for block decorative_blocks:soul_brazier: mod not loaded
[12Aug2024 14:50:51.697] [KubeJS Recipe Event Worker 0/INFO] [pneumaticcraft/]: ignoring heat properties for block betterendforge:dense_emerald_ice: mod not loaded
[12Aug2024 14:50:51.698] [KubeJS Recipe Event Worker 0/WARN] [com.simibubi.create.Create/]: Your custom createaddition:rolling/iron_plate recipe (createaddition:rolling/iron_plate) specified a duration. Durations have no impact on this type of recipe.
[12Aug2024 14:50:51.699] [KubeJS Recipe Event Worker 0/WARN] [com.simibubi.create.Create/]: Your custom createaddition:rolling/copper_ingot recipe (createaddition:rolling/copper_ingot) specified a duration. Durations have no impact on this type of recipe.
[12Aug2024 14:50:51.700] [KubeJS Recipe Event Worker 0/WARN] [com.simibubi.create.Create/]: Your custom createaddition:rolling/aluminum_ingot recipe (createaddition:rolling/aluminum_ingot) specified a duration. Durations have no impact on this type of recipe.
[12Aug2024 14:50:51.703] [KubeJS Recipe Event Worker 0/INFO] [pneumaticcraft/]: ignoring heat properties for block occultism:spirit_fire: mod not loaded
[12Aug2024 14:50:51.704] [KubeJS Recipe Event Worker 0/INFO] [pneumaticcraft/]: ignoring heat properties for block powah:dry_ice: mod not loaded
[12Aug2024 14:50:51.705] [KubeJS Recipe Event Worker 0/WARN] [com.simibubi.create.Create/]: Your custom createaddition:rolling/straw recipe (createaddition:rolling/straw) specified a duration. Durations have no impact on this type of recipe.
[12Aug2024 14:50:51.706] [KubeJS Recipe Event Worker 0/WARN] [com.simibubi.create.Create/]: Your custom createaddition:rolling/electrum_plate recipe (createaddition:rolling/electrum_plate) specified a duration. Durations have no impact on this type of recipe.
[12Aug2024 14:50:51.708] [KubeJS Recipe Event Worker 0/INFO] [pneumaticcraft/]: ignoring heat properties for block decorative_blocks:brazier: mod not loaded
[12Aug2024 14:50:51.708] [KubeJS Recipe Event Worker 0/INFO] [pneumaticcraft/]: ignoring heat properties for block byg:magmatic_stone: mod not loaded
[12Aug2024 14:50:51.710] [KubeJS Recipe Event Worker 0/WARN] [KubeJS Server/]: Error parsing recipe immersiveengineering:arcfurnace/gunmetal_ingot[immersiveengineering:arc_furnace]: {"type":"immersiveengineering:arc_furnace","additives":[{"tag":"forge:dusts/redstone"}],"energy":141200,"input":{"item":"pointblank:gunmetal_mesh"},"results":[{"base_ingredient":{"item":"kubejs:hot_gunmetal_ingot"},"count":1}],"time":200}: Unknown item 'kubejs:hot_gunmetal_ingot'
[12Aug2024 14:50:51.711] [KubeJS Recipe Event Worker 0/WARN] [com.simibubi.create.Create/]: Your custom createaddition:rolling/steel_ingot recipe (createaddition:rolling/steel_ingot) specified a duration. Durations have no impact on this type of recipe.
[12Aug2024 14:50:51.712] [KubeJS Recipe Event Worker 0/WARN] [com.simibubi.create.Create/]: Your custom createaddition:rolling/gold_ingot recipe (createaddition:rolling/gold_ingot) specified a duration. Durations have no impact on this type of recipe.
[12Aug2024 14:50:51.712] [KubeJS Recipe Event Worker 0/WARN] [com.simibubi.create.Create/]: Your custom createaddition:rolling/electrum_ingot recipe (createaddition:rolling/electrum_ingot) specified a duration. Durations have no impact on this type of recipe.
[12Aug2024 14:50:51.712] [KubeJS Recipe Event Worker 0/INFO] [pneumaticcraft/]: ignoring heat properties for block valhelsia_structures:brazier: mod not loaded
[12Aug2024 14:50:51.712] [KubeJS Recipe Event Worker 0/WARN] [com.simibubi.create.Create/]: Your custom createaddition:rolling/lead_plate recipe (createaddition:rolling/lead_plate) specified a duration. Durations have no impact on this type of recipe.
[12Aug2024 14:50:51.712] [KubeJS Recipe Event Worker 0/WARN] [com.simibubi.create.Create/]: Your custom createaddition:rolling/steel_plate recipe (createaddition:rolling/steel_plate) specified a duration. Durations have no impact on this type of recipe.
[12Aug2024 14:50:51.713] [KubeJS Recipe Event Worker 0/INFO] [pneumaticcraft/]: ignoring heat properties for block byg:cryptic_magma_block: mod not loaded
[12Aug2024 14:50:51.716] [KubeJS Recipe Event Worker 0/WARN] [com.simibubi.create.Create/]: Your custom createaddition:rolling/brass_ingot recipe (createaddition:rolling/brass_ingot) specified a duration. Durations have no impact on this type of recipe.
[12Aug2024 14:50:51.716] [KubeJS Recipe Event Worker 0/INFO] [pneumaticcraft/]: ignoring heat properties for block betterendforge:emerald_ice: mod not loaded
[12Aug2024 14:50:51.717] [KubeJS Recipe Event Worker 0/WARN] [com.simibubi.create.Create/]: Your custom createaddition:rolling/aluminum_plate recipe (createaddition:rolling/aluminum_plate) specified a duration. Durations have no impact on this type of recipe.
[12Aug2024 14:50:51.717] [KubeJS Recipe Event Worker 0/INFO] [pneumaticcraft/]: ignoring heat properties for block betterendforge:ancient_emerald_ice: mod not loaded
[12Aug2024 14:50:51.718] [KubeJS Recipe Event Worker 0/INFO] [pneumaticcraft/]: ignoring heat properties for block byg:boric_campfire: mod not loaded
[12Aug2024 14:50:51.718] [KubeJS Recipe Event Worker 0/WARN] [com.simibubi.create.Create/]: Your custom createaddition:rolling/gold_plate recipe (createaddition:rolling/gold_plate) specified a duration. Durations have no impact on this type of recipe.
[12Aug2024 14:50:51.719] [KubeJS Recipe Event Worker 0/WARN] [com.simibubi.create.Create/]: Your custom createaddition:rolling/copper_plate recipe (createaddition:rolling/copper_plate) specified a duration. Durations have no impact on this type of recipe.
[12Aug2024 14:50:51.719] [KubeJS Recipe Event Worker 0/INFO] [pneumaticcraft/]: ignoring heat properties for block byg:cryptic_campfire: mod not loaded
[12Aug2024 14:50:51.721] [KubeJS Recipe Event Worker 0/WARN] [com.simibubi.create.Create/]: Your custom createaddition:rolling/iron_ingot recipe (createaddition:rolling/iron_ingot) specified a duration. Durations have no impact on this type of recipe.
[12Aug2024 14:50:51.725] [KubeJS Recipe Event Worker 0/INFO] [pneumaticcraft/]: ignoring heat properties for block quark:permafrost: mod not loaded
[12Aug2024 14:50:51.726] [KubeJS Recipe Event Worker 0/INFO] [pneumaticcraft/]: ignoring heat properties for block quark:blaze_lantern: mod not loaded
[12Aug2024 14:50:51.734] [KubeJS Recipe Event Worker 0/WARN] [com.simibubi.create.Create/]: Your custom create:mixing recipe (create:kjs/4j2gj9nqhdmwvh04haxbx077k) has more item inputs (25) than supported (9).
[12Aug2024 14:50:51.734] [KubeJS Recipe Event Worker 0/WARN] [KubeJS Server/]: Error parsing recipe minecraft:kjs/immersiveengineering_wirecutter[kubejs:shaped]: {"type":"minecraft:crafting_shaped","result":{"item":"immersiveengineering:wirecutter","count":1,"nbt":"{Damage:0}"},"pattern":["AB","A"],"key":{"A":{"item":"immersiveengineering:stick_treated"},"B":{"item":"ad_astra:steel_ingot"}}}: Invalid pattern: each row must be the same width
[12Aug2024 14:50:51.735] [KubeJS Recipe Event Worker 0/WARN] [com.simibubi.create.Create/]: Your custom create:mixing recipe (create:kjs/bfmqi74tyt1t6ozglg6mefalw) has more item inputs (10) than supported (9).
[12Aug2024 14:50:51.806] [Server thread/INFO] [KubeJS Server/]: Added 32 recipes, removed 25 recipes, modified 5 recipes, with 2 failed recipes in 112.7 ms
[12Aug2024 14:50:51.806] [Server thread/INFO] [ModernFix/]: Clearing KubeJS recipe lists...
[12Aug2024 14:50:52.096] [Server thread/INFO] [net.minecraft.advancements.AdvancementList/]: Loaded 7185 advancements
[12Aug2024 14:50:52.112] [Server thread/INFO] [top.theillusivec4.curios.Curios/]: Loaded 11 curio slots
[12Aug2024 14:50:52.123] [Server thread/INFO] [top.theillusivec4.curios.Curios/]: Loaded 1 curio entities
[12Aug2024 14:50:52.124] [Server thread/INFO] [minecolonies/]: Beginning load of custom recipes for colony workers
[12Aug2024 14:50:52.128] [Server thread/INFO] [minecolonies/]: Loaded 165 recipes for 16 crafters
[12Aug2024 14:50:52.128] [Server thread/INFO] [minecolonies/]: Beginning load of research for University.
[12Aug2024 14:50:52.170] [Server thread/INFO] [minecolonies/]: Loaded 201 recipes for 4 research branches
[12Aug2024 14:50:52.172] [Server thread/INFO] [minecolonies/]: Loading quests from data
[12Aug2024 14:50:52.175] [Server thread/INFO] [minecolonies/]: Finished loading quests from data
[12Aug2024 14:50:52.178] [Server thread/WARN] [minecolonies/]: Read 1499 items with their nbt keys for compatibility.
[12Aug2024 14:50:52.178] [Server thread/INFO] [dan200.computercraft.impl.UpgradeManager/]: Loaded 9 turtle upgrades
[12Aug2024 14:50:52.178] [Server thread/INFO] [dan200.computercraft.impl.UpgradeManager/]: Loaded 3 pocket computer upgrades
[12Aug2024 14:50:52.439] [Server thread/INFO] [minecolonies/]: Finished discovering Ores 56 57
[12Aug2024 14:50:52.439] [Server thread/INFO] [minecolonies/]: Finished discovering saplings 37
[12Aug2024 14:50:52.439] [Server thread/INFO] [minecolonies/]: Finished discovering plantables 19
[12Aug2024 14:50:52.439] [Server thread/INFO] [minecolonies/]: Finished discovering food 100 125
[12Aug2024 14:50:52.439] [Server thread/INFO] [minecolonies/]: Finished discovering fuel 440
[12Aug2024 14:50:52.439] [Server thread/INFO] [minecolonies/]: Finished discovering flowers 113
[12Aug2024 14:50:52.439] [Server thread/INFO] [minecolonies/]: Finished discovering items 8424
[12Aug2024 14:50:52.439] [Server thread/INFO] [minecolonies/]: Finished discovering lucky oreBlocks 6
[12Aug2024 14:50:52.439] [Server thread/INFO] [minecolonies/]: Finished discovering recruitment costs
[12Aug2024 14:50:52.439] [Server thread/INFO] [minecolonies/]: Finished discovering diseases
[12Aug2024 14:50:52.440] [Server thread/INFO] [minecolonies/]: Finished discovering compostables 324
[12Aug2024 14:50:52.517] [Server thread/INFO] [immersiveengineering/]: Couldn't fully analyze 1 radiator, missing knowledge for {1 water_bucket=0.25}
[12Aug2024 14:50:52.517] [Server thread/INFO] [immersiveengineering/]: Couldn't fully analyze 1 pneumatic_leggings, missing knowledge for {1 compressed_iron_leggings=1.0}
[12Aug2024 14:50:52.517] [Server thread/INFO] [immersiveengineering/]: Couldn't fully analyze 1 jet_suit_pants, missing knowledge for {1 netherite_space_pants=1.0}
[12Aug2024 14:50:52.517] [Server thread/INFO] [immersiveengineering/]: Couldn't fully analyze 1 free_runners_armored, missing knowledge for {1 free_runners=1.0}
[12Aug2024 14:50:52.517] [Server thread/INFO] [immersiveengineering/]: Couldn't fully analyze 1 netherite_space_pants, missing knowledge for {1 netherite_leggings=1.0}
[12Aug2024 14:50:52.518] [Server thread/INFO] [immersiveengineering/]: Couldn't fully analyze 1 netherite_space_suit, missing knowledge for {1 netherite_chestplate=1.0}
[12Aug2024 14:50:52.518] [Server thread/INFO] [immersiveengineering/]: Couldn't fully analyze 1 jet_suit, missing knowledge for {1 netherite_space_suit=1.0}
[12Aug2024 14:50:52.518] [Server thread/INFO] [immersiveengineering/]: Couldn't fully analyze 1 netherite_space_helmet, missing knowledge for {1 netherite_helmet=1.0}
[12Aug2024 14:50:52.518] [Server thread/INFO] [immersiveengineering/]: Couldn't fully analyze 1 compressed_iron_helmet, missing knowledge for {1 leather_helmet=1.0}
[12Aug2024 14:50:52.518] [Server thread/INFO] [immersiveengineering/]: Couldn't fully analyze 1 compressed_iron_boots, missing knowledge for {1 leather_boots=1.0}
[12Aug2024 14:50:52.518] [Server thread/INFO] [immersiveengineering/]: Couldn't fully analyze 1 compressed_iron_leggings, missing knowledge for {1 leather_leggings=1.0}
[12Aug2024 14:50:52.518] [Server thread/INFO] [immersiveengineering/]: Couldn't fully analyze 1 compressed_iron_chestplate, missing knowledge for {1 leather_chestplate=1.0}
[12Aug2024 14:50:52.518] [Server thread/INFO] [immersiveengineering/]: Couldn't fully analyze 1 jet_suit_helmet, missing knowledge for {1 netherite_space_helmet=1.0}
[12Aug2024 14:50:52.518] [Server thread/INFO] [immersiveengineering/]: Couldn't fully analyze 1 netherite_space_boots, missing knowledge for {1 netherite_boots=1.0}
[12Aug2024 14:50:52.518] [Server thread/INFO] [immersiveengineering/]: Couldn't fully analyze 1 jet_suit_boots, missing knowledge for {1 netherite_space_boots=1.0}
[12Aug2024 14:50:52.518] [Server thread/INFO] [immersiveengineering/]: Finished recipe profiler for Arc Recycling, took 36 milliseconds
[12Aug2024 14:50:52.558] [REI-ReloadPlugins/INFO] [REI/]: [REI] ========================================
[12Aug2024 14:50:52.558] [REI-ReloadPlugins/INFO] [REI/]: [REI] REIPlugin starting main-reload for START.
[12Aug2024 14:50:52.558] [Server thread/WARN] [net.minecraft.server.MinecraftServer/]: Can't keep up! Is the server overloaded? Running 2146ms or 42 ticks behind
[12Aug2024 14:50:52.558] [REI-ReloadPlugins/INFO] [REI/]: [REI] Plugins (38):
[12Aug2024 14:50:52.559] [REI-ReloadPlugins/INFO] [REI/]: [REI]  - (-100.00) DefaultClientPluginImpl of DefaultClientPluginImpl [roughlyenoughitems]
[12Aug2024 14:50:52.559] [REI-ReloadPlugins/INFO] [REI/]: [REI]  - (-100.00) DefaultPluginImpl of DefaultPluginImpl [roughlyenoughitems]
[12Aug2024 14:50:52.559] [REI-ReloadPlugins/INFO] [REI/]: [REI]  - (0.00) HideIngredientsFromTagsPlugin of HideIngredientsFromTagsPlugin [roughlyenoughitems]
[12Aug2024 14:50:52.559] [REI-ReloadPlugins/INFO] [REI/]: [REI]  - (0.00) DefaultClientRuntimePlugin of DefaultClientRuntimePlugin [roughlyenoughitems]
[12Aug2024 14:50:52.559] [REI-ReloadPlugins/INFO] [REI/]: [REI]  - (0.00) DefaultRuntimePlugin of DefaultRuntimePlugin [roughlyenoughitems]
[12Aug2024 14:50:52.559] [REI-ReloadPlugins/INFO] [REI/]: [REI]  - (0.00) JEI Plugin [AdAstraJeiPlugin:ad_astra:jei] of REI Plugin Compatibilities Adapter [rei_plugin_compatibilities, jei]
[12Aug2024 14:50:52.559] [REI-ReloadPlugins/INFO] [REI/]: [REI]  - (0.00) JEI Plugin [CreateAdditionJEI:createaddition:jei_plugin] of REI Plugin Compatibilities Adapter [rei_plugin_compatibilities, jei]
[12Aug2024 14:50:52.559] [REI-ReloadPlugins/INFO] [REI/]: [REI]  - (0.00) JEI Plugin [DEJEIPlugin:draconicevolution:jei_plugin] of REI Plugin Compatibilities Adapter [rei_plugin_compatibilities, jei]
[12Aug2024 14:50:52.559] [REI-ReloadPlugins/INFO] [REI/]: [REI]  - (0.00) JEI Plugin [BCJEIPlugin:brandonscore:jei_plugin] of REI Plugin Compatibilities Adapter [rei_plugin_compatibilities, jei]
[12Aug2024 14:50:52.559] [REI-ReloadPlugins/INFO] [REI/]: [REI]  - (0.00) JEI Plugin [JEIPlugin:codechickenlib:jei_plugin] of REI Plugin Compatibilities Adapter [rei_plugin_compatibilities, jei]
[12Aug2024 14:50:52.559] [REI-ReloadPlugins/INFO] [REI/]: [REI]  - (0.00) JEI Plugin [Plugin:refurbished_furniture:plugin] of REI Plugin Compatibilities Adapter [rei_plugin_compatibilities, jei]
[12Aug2024 14:50:52.559] [REI-ReloadPlugins/INFO] [REI/]: [REI]  - (0.00) JEI Plugin [JEIPlugin:functionalstorage:main] of REI Plugin Compatibilities Adapter [rei_plugin_compatibilities, jei]
[12Aug2024 14:50:52.559] [REI-ReloadPlugins/INFO] [REI/]: [REI]  - (0.00) JEI Plugin [JEIComputerCraft:computercraft:jei] of REI Plugin Compatibilities Adapter [rei_plugin_compatibilities, jei]
[12Aug2024 14:50:52.560] [REI-ReloadPlugins/INFO] [REI/]: [REI]  - (0.00) JEI Plugin [JEIPlugin:kubejs:jei] of REI Plugin Compatibilities Adapter [rei_plugin_compatibilities, jei]
[12Aug2024 14:50:52.560] [REI-ReloadPlugins/INFO] [REI/]: [REI]  - (0.00) JEI Plugin [JEIPlugin:minecraft:minecolonies] of REI Plugin Compatibilities Adapter [rei_plugin_compatibilities, jei]
[12Aug2024 14:50:52.560] [REI-ReloadPlugins/INFO] [REI/]: [REI]  - (0.00) JEI Plugin [ABJEIPlugin:appbot:main] of REI Plugin Compatibilities Adapter [rei_plugin_compatibilities, jei]
[12Aug2024 14:50:52.560] [REI-ReloadPlugins/INFO] [REI/]: [REI]  - (0.00) JEI Plugin [PatchouliJeiPlugin:patchouli:patchouli] of REI Plugin Compatibilities Adapter [rei_plugin_compatibilities, jei]
[12Aug2024 14:50:52.560] [REI-ReloadPlugins/INFO] [REI/]: [REI]  - (0.00) JEI Plugin [CreateJEI:create:jei_plugin] of REI Plugin Compatibilities Adapter [rei_plugin_compatibilities, jei]
[12Aug2024 14:50:52.560] [REI-ReloadPlugins/INFO] [REI/]: [REI]  - (0.00) JEI Plugin [GeneratorsJEI:mekanismgenerators:jei_plugin] of REI Plugin Compatibilities Adapter [rei_plugin_compatibilities, jei]
[12Aug2024 14:50:52.560] [REI-ReloadPlugins/INFO] [REI/]: [REI]  - (0.00) JEI Plugin [MekanismJEI:mekanism:jei_plugin] of REI Plugin Compatibilities Adapter [rei_plugin_compatibilities, jei]
[12Aug2024 14:50:52.560] [REI-ReloadPlugins/INFO] [REI/]: [REI]  - (0.00) JEI Plugin [CuriosJeiPlugin:curios:curios] of REI Plugin Compatibilities Adapter [rei_plugin_compatibilities, jei]
[12Aug2024 14:50:52.560] [REI-ReloadPlugins/INFO] [REI/]: [REI]  - (0.00) JEI Plugin [JEIPlugin:minecraft:domum_ornamentum] of REI Plugin Compatibilities Adapter [rei_plugin_compatibilities, jei]
[12Aug2024 14:50:52.560] [REI-ReloadPlugins/INFO] [REI/]: [REI]  - (0.00) JEI Plugin [JEIBotaniaPlugin:botania:main] of REI Plugin Compatibilities Adapter [rei_plugin_compatibilities, jei]
[12Aug2024 14:50:52.560] [REI-ReloadPlugins/INFO] [REI/]: [REI]  - (0.00) JEI Plugin [JEIPlugin:ae2:core] of REI Plugin Compatibilities Adapter [rei_plugin_compatibilities, jei]
[12Aug2024 14:50:52.560] [REI-ReloadPlugins/INFO] [REI/]: [REI]  - (0.00) JEI Plugin [JEICompat:jade:main] of REI Plugin Compatibilities Adapter [rei_plugin_compatibilities, jei]
[12Aug2024 14:50:52.561] [REI-ReloadPlugins/INFO] [REI/]: [REI]  - (0.00) JEI Plugin [JEIHelper:immersiveengineering:main] of REI Plugin Compatibilities Adapter [rei_plugin_compatibilities, jei]
[12Aug2024 14:50:52.561] [REI-ReloadPlugins/INFO] [REI/]: [REI]  - (0.00) JEI Plugin [TitaniumJEIPlugin:titanium:default] of REI Plugin Compatibilities Adapter [rei_plugin_compatibilities, jei]
[12Aug2024 14:50:52.561] [REI-ReloadPlugins/INFO] [REI/]: [REI]  - (0.00) JEI Plugin [AlexsCavesPlugin:alexscaves:alexscaves] of REI Plugin Compatibilities Adapter [rei_plugin_compatibilities, jei]
[12Aug2024 14:50:52.561] [REI-ReloadPlugins/INFO] [REI/]: [REI]  - (0.00) JEI Plugin [JeiModPlugin:jeimultiblocks:plugin] of REI Plugin Compatibilities Adapter [rei_plugin_compatibilities, jei]
[12Aug2024 14:50:52.561] [REI-ReloadPlugins/INFO] [REI/]: [REI]  - (0.00) JEI Plugin [BloodMagicJEIPlugin:bloodmagic:jei_plugin] of REI Plugin Compatibilities Adapter [rei_plugin_compatibilities, jei]
[12Aug2024 14:50:52.561] [REI-ReloadPlugins/INFO] [REI/]: [REI]  - (0.00) JEI Plugin [BfrJEI:bfr:jei_plugin] of REI Plugin Compatibilities Adapter [rei_plugin_compatibilities, jei]
[12Aug2024 14:50:52.561] [REI-ReloadPlugins/INFO] [REI/]: [REI]  - (0.00) JEI Plugin [JEIPlugin:pneumaticcraft:default] of REI Plugin Compatibilities Adapter [rei_plugin_compatibilities, jei]
[12Aug2024 14:50:52.561] [REI-ReloadPlugins/INFO] [REI/]: [REI]  - (0.00) JEI Plugin [JEIRuntimeCapturer:modernfix:capturer] of REI Plugin Compatibilities Adapter [rei_plugin_compatibilities, jei]
[12Aug2024 14:50:52.561] [REI-ReloadPlugins/INFO] [REI/]: [REI]  - (0.00) JEI Plugin [CBCJEI:createbigcannons:jei_plugin] of REI Plugin Compatibilities Adapter [rei_plugin_compatibilities, jei]
[12Aug2024 14:50:52.561] [REI-ReloadPlugins/INFO] [REI/]: [REI]  - (0.00) ReiIsDumbClientPlugin of ReiIsDumbClientPlugin [ad_astra]
[12Aug2024 14:50:52.561] [REI-ReloadPlugins/INFO] [REI/]: [REI]  - (0.00) REI Plugin Compatibilities Client Handler of REI Plugin Compatibilities Client Handler [rei_plugin_compatibilities, jei]
[12Aug2024 14:50:52.561] [REI-ReloadPlugins/INFO] [REI/]: [REI]  - (0.00) AE2 of AE2 [ae2]
[12Aug2024 14:50:52.561] [REI-ReloadPlugins/INFO] [REI/]: [REI]  - (10000000.00) REIForgePluginStub of REIForgePluginStub [kubejs]
[12Aug2024 14:50:52.561] [REI-ReloadPlugins/INFO] [REI/]: [REI] ========================================
[12Aug2024 14:50:52.582] [Server thread/INFO] [net.minecraft.server.MinecraftServer/]: Reloaded with no KubeJS errors!
[12Aug2024 14:50:52.582] [Server thread/INFO] [KubeJS Server/]: Server resource reload complete!
[12Aug2024 14:50:52.590] [REI-ReloadPlugins/INFO] [REI/]: [REI] ----------------------------------------
[12Aug2024 14:50:52.590] [REI-ReloadPlugins/INFO] [REI/]: [REI] REIClientPlugin starting main-reload for START.
[12Aug2024 14:50:52.591] [REI-ReloadPlugins/INFO] [REI/]: [REI] Plugins (36):
[12Aug2024 14:50:52.591] [REI-ReloadPlugins/INFO] [REI/]: [REI]  - (-100.00) DefaultClientPluginImpl of DefaultClientPluginImpl [roughlyenoughitems]
[12Aug2024 14:50:52.591] [REI-ReloadPlugins/INFO] [REI/]: [REI]  - (0.00) JEI Plugin [AdAstraJeiPlugin:ad_astra:jei] of REI Plugin Compatibilities Adapter [rei_plugin_compatibilities, jei]
[12Aug2024 14:50:52.591] [REI-ReloadPlugins/INFO] [REI/]: [REI]  - (0.00) JEI Plugin [CreateAdditionJEI:createaddition:jei_plugin] of REI Plugin Compatibilities Adapter [rei_plugin_compatibilities, jei]
[12Aug2024 14:50:52.591] [REI-ReloadPlugins/INFO] [REI/]: [REI]  - (0.00) JEI Plugin [DEJEIPlugin:draconicevolution:jei_plugin] of REI Plugin Compatibilities Adapter [rei_plugin_compatibilities, jei]
[12Aug2024 14:50:52.591] [REI-ReloadPlugins/INFO] [REI/]: [REI]  - (0.00) JEI Plugin [BCJEIPlugin:brandonscore:jei_plugin] of REI Plugin Compatibilities Adapter [rei_plugin_compatibilities, jei]
[12Aug2024 14:50:52.591] [REI-ReloadPlugins/INFO] [REI/]: [REI]  - (0.00) JEI Plugin [JEIPlugin:codechickenlib:jei_plugin] of REI Plugin Compatibilities Adapter [rei_plugin_compatibilities, jei]
[12Aug2024 14:50:52.591] [REI-ReloadPlugins/INFO] [REI/]: [REI]  - (0.00) JEI Plugin [Plugin:refurbished_furniture:plugin] of REI Plugin Compatibilities Adapter [rei_plugin_compatibilities, jei]
[12Aug2024 14:50:52.592] [REI-ReloadPlugins/INFO] [REI/]: [REI]  - (0.00) JEI Plugin [JEIPlugin:functionalstorage:main] of REI Plugin Compatibilities Adapter [rei_plugin_compatibilities, jei]
[12Aug2024 14:50:52.592] [REI-ReloadPlugins/INFO] [REI/]: [REI]  - (0.00) JEI Plugin [JEIComputerCraft:computercraft:jei] of REI Plugin Compatibilities Adapter [rei_plugin_compatibilities, jei]
[12Aug2024 14:50:52.592] [REI-ReloadPlugins/INFO] [REI/]: [REI]  - (0.00) JEI Plugin [JEIPlugin:kubejs:jei] of REI Plugin Compatibilities Adapter [rei_plugin_compatibilities, jei]
[12Aug2024 14:50:52.592] [REI-ReloadPlugins/INFO] [REI/]: [REI]  - (0.00) JEI Plugin [JEIPlugin:minecraft:minecolonies] of REI Plugin Compatibilities Adapter [rei_plugin_compatibilities, jei]
[12Aug2024 14:50:52.592] [REI-ReloadPlugins/INFO] [REI/]: [REI]  - (0.00) JEI Plugin [ABJEIPlugin:appbot:main] of REI Plugin Compatibilities Adapter [rei_plugin_compatibilities, jei]
[12Aug2024 14:50:52.592] [REI-ReloadPlugins/INFO] [REI/]: [REI]  - (0.00) JEI Plugin [PatchouliJeiPlugin:patchouli:patchouli] of REI Plugin Compatibilities Adapter [rei_plugin_compatibilities, jei]
[12Aug2024 14:50:52.592] [REI-ReloadPlugins/INFO] [REI/]: [REI]  - (0.00) JEI Plugin [CreateJEI:create:jei_plugin] of REI Plugin Compatibilities Adapter [rei_plugin_compatibilities, jei]
[12Aug2024 14:50:52.592] [REI-ReloadPlugins/INFO] [REI/]: [REI]  - (0.00) JEI Plugin [GeneratorsJEI:mekanismgenerators:jei_plugin] of REI Plugin Compatibilities Adapter [rei_plugin_compatibilities, jei]
[12Aug2024 14:50:52.592] [REI-ReloadPlugins/INFO] [REI/]: [REI]  - (0.00) JEI Plugin [MekanismJEI:mekanism:jei_plugin] of REI Plugin Compatibilities Adapter [rei_plugin_compatibilities, jei]
[12Aug2024 14:50:52.592] [REI-ReloadPlugins/INFO] [REI/]: [REI]  - (0.00) JEI Plugin [CuriosJeiPlugin:curios:curios] of REI Plugin Compatibilities Adapter [rei_plugin_compatibilities, jei]
[12Aug2024 14:50:52.593] [REI-ReloadPlugins/INFO] [REI/]: [REI]  - (0.00) JEI Plugin [JEIPlugin:minecraft:domum_ornamentum] of REI Plugin Compatibilities Adapter [rei_plugin_compatibilities, jei]
[12Aug2024 14:50:52.593] [REI-ReloadPlugins/INFO] [REI/]: [REI]  - (0.00) JEI Plugin [JEIBotaniaPlugin:botania:main] of REI Plugin Compatibilities Adapter [rei_plugin_compatibilities, jei]
[12Aug2024 14:50:52.593] [REI-ReloadPlugins/INFO] [REI/]: [REI]  - (0.00) JEI Plugin [JEIPlugin:ae2:core] of REI Plugin Compatibilities Adapter [rei_plugin_compatibilities, jei]
[12Aug2024 14:50:52.593] [REI-ReloadPlugins/INFO] [REI/]: [REI]  - (0.00) JEI Plugin [JEICompat:jade:main] of REI Plugin Compatibilities Adapter [rei_plugin_compatibilities, jei]
[12Aug2024 14:50:52.593] [REI-ReloadPlugins/INFO] [REI/]: [REI]  - (0.00) JEI Plugin [JEIHelper:immersiveengineering:main] of REI Plugin Compatibilities Adapter [rei_plugin_compatibilities, jei]
[12Aug2024 14:50:52.593] [REI-ReloadPlugins/INFO] [REI/]: [REI]  - (0.00) JEI Plugin [TitaniumJEIPlugin:titanium:default] of REI Plugin Compatibilities Adapter [rei_plugin_compatibilities, jei]
[12Aug2024 14:50:52.593] [REI-ReloadPlugins/INFO] [REI/]: [REI]  - (0.00) JEI Plugin [AlexsCavesPlugin:alexscaves:alexscaves] of REI Plugin Compatibilities Adapter [rei_plugin_compatibilities, jei]
[12Aug2024 14:50:52.593] [REI-ReloadPlugins/INFO] [REI/]: [REI]  - (0.00) JEI Plugin [JeiModPlugin:jeimultiblocks:plugin] of REI Plugin Compatibilities Adapter [rei_plugin_compatibilities, jei]
[12Aug2024 14:50:52.593] [REI-ReloadPlugins/INFO] [REI/]: [REI]  - (0.00) JEI Plugin [BloodMagicJEIPlugin:bloodmagic:jei_plugin] of REI Plugin Compatibilities Adapter [rei_plugin_compatibilities, jei]
[12Aug2024 14:50:52.594] [REI-ReloadPlugins/INFO] [REI/]: [REI]  - (0.00) JEI Plugin [BfrJEI:bfr:jei_plugin] of REI Plugin Compatibilities Adapter [rei_plugin_compatibilities, jei]
[12Aug2024 14:50:52.594] [REI-ReloadPlugins/INFO] [REI/]: [REI]  - (0.00) JEI Plugin [JEIPlugin:pneumaticcraft:default] of REI Plugin Compatibilities Adapter [rei_plugin_compatibilities, jei]
[12Aug2024 14:50:52.594] [REI-ReloadPlugins/INFO] [REI/]: [REI]  - (0.00) JEI Plugin [JEIRuntimeCapturer:modernfix:capturer] of REI Plugin Compatibilities Adapter [rei_plugin_compatibilities, jei]
[12Aug2024 14:50:52.594] [REI-ReloadPlugins/INFO] [REI/]: [REI]  - (0.00) JEI Plugin [CBCJEI:createbigcannons:jei_plugin] of REI Plugin Compatibilities Adapter [rei_plugin_compatibilities, jei]
[12Aug2024 14:50:52.594] [REI-ReloadPlugins/INFO] [REI/]: [REI]  - (0.00) ReiIsDumbClientPlugin of ReiIsDumbClientPlugin [ad_astra]
[12Aug2024 14:50:52.594] [REI-ReloadPlugins/INFO] [REI/]: [REI]  - (0.00) REI Plugin Compatibilities Client Handler of REI Plugin Compatibilities Client Handler [rei_plugin_compatibilities, jei]
[12Aug2024 14:50:52.595] [REI-ReloadPlugins/INFO] [REI/]: [REI]  - (0.00) AE2 of AE2 [ae2]
[12Aug2024 14:50:52.595] [REI-ReloadPlugins/INFO] [REI/]: [REI]  - (0.00) HideIngredientsFromTagsPlugin of HideIngredientsFromTagsPlugin [roughlyenoughitems]
[12Aug2024 14:50:52.595] [REI-ReloadPlugins/INFO] [REI/]: [REI]  - (0.00) DefaultClientRuntimePlugin of DefaultClientRuntimePlugin [roughlyenoughitems]
[12Aug2024 14:50:52.595] [REI-ReloadPlugins/INFO] [REI/]: [REI]  - (10000000.00) REIForgePluginStub of REIForgePluginStub [kubejs]
[12Aug2024 14:50:52.595] [REI-ReloadPlugins/INFO] [REI/]: [REI] ----------------------------------------
[12Aug2024 14:50:52.602] [Render thread/WARN] [REI/]: [REI] Suppressing Reload Plugins of stage START
[12Aug2024 14:50:52.623] [Render thread/WARN] [net.minecraft.client.ClientRecipeBook/]: Unknown recipe category: ae2:charger/ae2:charger/meteorite_compass
[12Aug2024 14:50:52.633] [Render thread/WARN] [net.minecraft.client.ClientRecipeBook/]: Unknown recipe category: ae2:charger/ae2:charger/guide
[12Aug2024 14:50:52.651] [Render thread/WARN] [net.minecraft.client.ClientRecipeBook/]: Unknown recipe category: ae2:charger/ae2:charger/charged_certus_quartz_crystal
[12Aug2024 14:50:52.669] [Render thread/INFO] [net.minecraft.advancements.AdvancementList/]: Loaded 27 advancements
[12Aug2024 14:50:52.671] [Render thread/INFO] [net.minecraft.client.gui.components.ChatComponent/]: [System] [CHAT] Reloaded with no KubeJS errors!
[12Aug2024 14:50:53.778] [REI-ReloadPlugins/INFO] [REI/]: [REI] ----------------------------------------
[12Aug2024 14:50:53.778] [REI-ReloadPlugins/INFO] [REI/]: [REI] REIServerPlugin starting main-reload for START.
[12Aug2024 14:50:53.778] [REI-ReloadPlugins/INFO] [REI/]: [REI] Plugins (2):
[12Aug2024 14:50:53.778] [REI-ReloadPlugins/INFO] [REI/]: [REI]  - (-100.00) DefaultPluginImpl of DefaultPluginImpl [roughlyenoughitems]
[12Aug2024 14:50:53.778] [REI-ReloadPlugins/INFO] [REI/]: [REI]  - (0.00) DefaultRuntimePlugin of DefaultRuntimePlugin [roughlyenoughitems]
[12Aug2024 14:50:53.778] [REI-ReloadPlugins/INFO] [REI/]: [REI] ----------------------------------------
[12Aug2024 14:50:53.783] [REI-ReloadPlugins/INFO] [REI/]: [REI] REIPlugin finished post-reload for START in 1.865 ms, totaling 36.18 ms.
[12Aug2024 14:50:53.787] [REI-ReloadPlugins/INFO] [REI/]: [REI] REIClientPlugin finished post-reload for START in 2.363 ms, totaling 1.193 s.
[12Aug2024 14:50:53.788] [REI-ReloadPlugins/INFO] [REI/]: [REI] REIServerPlugin finished post-reload for START in 262.0 ?s, totaling 1.898 ms.
[12Aug2024 14:50:53.796] [REI-ReloadPlugins/INFO] [REI/]: [REI] ----------------------------------------
[12Aug2024 14:50:53.796] [REI-ReloadPlugins/INFO] [REI/]: [REI] REIPlugin starting main-reload for END.
[12Aug2024 14:50:53.797] [REI-ReloadPlugins/INFO] [REI/]: [REI] Plugins (38):
[12Aug2024 14:50:53.797] [REI-ReloadPlugins/INFO] [REI/]: [REI]  - (-100.00) DefaultClientPluginImpl of DefaultClientPluginImpl [roughlyenoughitems]
[12Aug2024 14:50:53.797] [REI-ReloadPlugins/INFO] [REI/]: [REI]  - (-100.00) DefaultPluginImpl of DefaultPluginImpl [roughlyenoughitems]
[12Aug2024 14:50:53.797] [REI-ReloadPlugins/INFO] [REI/]: [REI]  - (0.00) HideIngredientsFromTagsPlugin of HideIngredientsFromTagsPlugin [roughlyenoughitems]
[12Aug2024 14:50:53.797] [REI-ReloadPlugins/INFO] [REI/]: [REI]  - (0.00) DefaultClientRuntimePlugin of DefaultClientRuntimePlugin [roughlyenoughitems]
[12Aug2024 14:50:53.797] [REI-ReloadPlugins/INFO] [REI/]: [REI]  - (0.00) DefaultRuntimePlugin of DefaultRuntimePlugin [roughlyenoughitems]
[12Aug2024 14:50:53.797] [REI-ReloadPlugins/INFO] [REI/]: [REI]  - (0.00) JEI Plugin [AdAstraJeiPlugin:ad_astra:jei] of REI Plugin Compatibilities Adapter [rei_plugin_compatibilities, jei]
[12Aug2024 14:50:53.797] [REI-ReloadPlugins/INFO] [REI/]: [REI]  - (0.00) JEI Plugin [CreateAdditionJEI:createaddition:jei_plugin] of REI Plugin Compatibilities Adapter [rei_plugin_compatibilities, jei]
[12Aug2024 14:50:53.797] [REI-ReloadPlugins/INFO] [REI/]: [REI]  - (0.00) JEI Plugin [DEJEIPlugin:draconicevolution:jei_plugin] of REI Plugin Compatibilities Adapter [rei_plugin_compatibilities, jei]
[12Aug2024 14:50:53.797] [REI-ReloadPlugins/INFO] [REI/]: [REI]  - (0.00) JEI Plugin [BCJEIPlugin:brandonscore:jei_plugin] of REI Plugin Compatibilities Adapter [rei_plugin_compatibilities, jei]
[12Aug2024 14:50:53.797] [REI-ReloadPlugins/INFO] [REI/]: [REI]  - (0.00) JEI Plugin [JEIPlugin:codechickenlib:jei_plugin] of REI Plugin Compatibilities Adapter [rei_plugin_compatibilities, jei]
[12Aug2024 14:50:53.797] [REI-ReloadPlugins/INFO] [REI/]: [REI]  - (0.00) JEI Plugin [Plugin:refurbished_furniture:plugin] of REI Plugin Compatibilities Adapter [rei_plugin_compatibilities, jei]
[12Aug2024 14:50:53.797] [REI-ReloadPlugins/INFO] [REI/]: [REI]  - (0.00) JEI Plugin [JEIPlugin:functionalstorage:main] of REI Plugin Compatibilities Adapter [rei_plugin_compatibilities, jei]
[12Aug2024 14:50:53.797] [REI-ReloadPlugins/INFO] [REI/]: [REI]  - (0.00) JEI Plugin [JEIComputerCraft:computercraft:jei] of REI Plugin Compatibilities Adapter [rei_plugin_compatibilities, jei]
[12Aug2024 14:50:53.798] [REI-ReloadPlugins/INFO] [REI/]: [REI]  - (0.00) JEI Plugin [JEIPlugin:kubejs:jei] of REI Plugin Compatibilities Adapter [rei_plugin_compatibilities, jei]
[12Aug2024 14:50:53.798] [REI-ReloadPlugins/INFO] [REI/]: [REI]  - (0.00) JEI Plugin [JEIPlugin:minecraft:minecolonies] of REI Plugin Compatibilities Adapter [rei_plugin_compatibilities, jei]
[12Aug2024 14:50:53.798] [REI-ReloadPlugins/INFO] [REI/]: [REI]  - (0.00) JEI Plugin [ABJEIPlugin:appbot:main] of REI Plugin Compatibilities Adapter [rei_plugin_compatibilities, jei]
[12Aug2024 14:50:53.798] [REI-ReloadPlugins/INFO] [REI/]: [REI]  - (0.00) JEI Plugin [PatchouliJeiPlugin:patchouli:patchouli] of REI Plugin Compatibilities Adapter [rei_plugin_compatibilities, jei]
[12Aug2024 14:50:53.798] [REI-ReloadPlugins/INFO] [REI/]: [REI]  - (0.00) JEI Plugin [CreateJEI:create:jei_plugin] of REI Plugin Compatibilities Adapter [rei_plugin_compatibilities, jei]
[12Aug2024 14:50:53.798] [REI-ReloadPlugins/INFO] [REI/]: [REI]  - (0.00) JEI Plugin [GeneratorsJEI:mekanismgenerators:jei_plugin] of REI Plugin Compatibilities Adapter [rei_plugin_compatibilities, jei]
[12Aug2024 14:50:53.798] [REI-ReloadPlugins/INFO] [REI/]: [REI]  - (0.00) JEI Plugin [MekanismJEI:mekanism:jei_plugin] of REI Plugin Compatibilities Adapter [rei_plugin_compatibilities, jei]
[12Aug2024 14:50:53.798] [REI-ReloadPlugins/INFO] [REI/]: [REI]  - (0.00) JEI Plugin [CuriosJeiPlugin:curios:curios] of REI Plugin Compatibilities Adapter [rei_plugin_compatibilities, jei]
[12Aug2024 14:50:53.798] [REI-ReloadPlugins/INFO] [REI/]: [REI]  - (0.00) JEI Plugin [JEIPlugin:minecraft:domum_ornamentum] of REI Plugin Compatibilities Adapter [rei_plugin_compatibilities, jei]
[12Aug2024 14:50:53.798] [REI-ReloadPlugins/INFO] [REI/]: [REI]  - (0.00) JEI Plugin [JEIBotaniaPlugin:botania:main] of REI Plugin Compatibilities Adapter [rei_plugin_compatibilities, jei]
[12Aug2024 14:50:53.798] [REI-ReloadPlugins/INFO] [REI/]: [REI]  - (0.00) JEI Plugin [JEIPlugin:ae2:core] of REI Plugin Compatibilities Adapter [rei_plugin_compatibilities, jei]
[12Aug2024 14:50:53.798] [REI-ReloadPlugins/INFO] [REI/]: [REI]  - (0.00) JEI Plugin [JEICompat:jade:main] of REI Plugin Compatibilities Adapter [rei_plugin_compatibilities, jei]
[12Aug2024 14:50:53.798] [REI-ReloadPlugins/INFO] [REI/]: [REI]  - (0.00) JEI Plugin [JEIHelper:immersiveengineering:main] of REI Plugin Compatibilities Adapter [rei_plugin_compatibilities, jei]
[12Aug2024 14:50:53.798] [REI-ReloadPlugins/INFO] [REI/]: [REI]  - (0.00) JEI Plugin [TitaniumJEIPlugin:titanium:default] of REI Plugin Compatibilities Adapter [rei_plugin_compatibilities, jei]
[12Aug2024 14:50:53.798] [REI-ReloadPlugins/INFO] [REI/]: [REI]  - (0.00) JEI Plugin [AlexsCavesPlugin:alexscaves:alexscaves] of REI Plugin Compatibilities Adapter [rei_plugin_compatibilities, jei]
[12Aug2024 14:50:53.798] [REI-ReloadPlugins/INFO] [REI/]: [REI]  - (0.00) JEI Plugin [JeiModPlugin:jeimultiblocks:plugin] of REI Plugin Compatibilities Adapter [rei_plugin_compatibilities, jei]
[12Aug2024 14:50:53.799] [REI-ReloadPlugins/INFO] [REI/]: [REI]  - (0.00) JEI Plugin [BloodMagicJEIPlugin:bloodmagic:jei_plugin] of REI Plugin Compatibilities Adapter [rei_plugin_compatibilities, jei]
[12Aug2024 14:50:53.799] [REI-ReloadPlugins/INFO] [REI/]: [REI]  - (0.00) JEI Plugin [BfrJEI:bfr:jei_plugin] of REI Plugin Compatibilities Adapter [rei_plugin_compatibilities, jei]
[12Aug2024 14:50:53.799] [REI-ReloadPlugins/INFO] [REI/]: [REI]  - (0.00) JEI Plugin [JEIPlugin:pneumaticcraft:default] of REI Plugin Compatibilities Adapter [rei_plugin_compatibilities, jei]
[12Aug2024 14:50:53.799] [REI-ReloadPlugins/INFO] [REI/]: [REI]  - (0.00) JEI Plugin [JEIRuntimeCapturer:modernfix:capturer] of REI Plugin Compatibilities Adapter [rei_plugin_compatibilities, jei]
[12Aug2024 14:50:53.799] [REI-ReloadPlugins/INFO] [REI/]: [REI]  - (0.00) JEI Plugin [CBCJEI:createbigcannons:jei_plugin] of REI Plugin Compatibilities Adapter [rei_plugin_compatibilities, jei]
[12Aug2024 14:50:53.799] [REI-ReloadPlugins/INFO] [REI/]: [REI]  - (0.00) ReiIsDumbClientPlugin of ReiIsDumbClientPlugin [ad_astra]
[12Aug2024 14:50:53.799] [REI-ReloadPlugins/INFO] [REI/]: [REI]  - (0.00) REI Plugin Compatibilities Client Handler of REI Plugin Compatibilities Client Handler [rei_plugin_compatibilities, jei]
[12Aug2024 14:50:53.799] [REI-ReloadPlugins/INFO] [REI/]: [REI]  - (0.00) AE2 of AE2 [ae2]
[12Aug2024 14:50:53.799] [REI-ReloadPlugins/INFO] [REI/]: [REI]  - (10000000.00) REIForgePluginStub of REIForgePluginStub [kubejs]
[12Aug2024 14:50:53.799] [REI-ReloadPlugins/INFO] [REI/]: [REI] ----------------------------------------
[12Aug2024 14:50:53.814] [REI-ReloadPlugins/INFO] [REI/]: [REI] ++++++++++++++++++++++++++++++++++++++++
[12Aug2024 14:50:53.814] [REI-ReloadPlugins/INFO] [REI/]: [REI] REIClientPlugin starting main-reload for END.
[12Aug2024 14:50:53.816] [REI-ReloadPlugins/INFO] [REI/]: [REI] Plugins (36):
[12Aug2024 14:50:53.816] [REI-ReloadPlugins/INFO] [REI/]: [REI]  - (-100.00) DefaultClientPluginImpl of DefaultClientPluginImpl [roughlyenoughitems]
[12Aug2024 14:50:53.816] [REI-ReloadPlugins/INFO] [REI/]: [REI]  - (0.00) JEI Plugin [AdAstraJeiPlugin:ad_astra:jei] of REI Plugin Compatibilities Adapter [rei_plugin_compatibilities, jei]
[12Aug2024 14:50:53.816] [REI-ReloadPlugins/INFO] [REI/]: [REI]  - (0.00) JEI Plugin [CreateAdditionJEI:createaddition:jei_plugin] of REI Plugin Compatibilities Adapter [rei_plugin_compatibilities, jei]
[12Aug2024 14:50:53.816] [REI-ReloadPlugins/INFO] [REI/]: [REI]  - (0.00) JEI Plugin [DEJEIPlugin:draconicevolution:jei_plugin] of REI Plugin Compatibilities Adapter [rei_plugin_compatibilities, jei]
[12Aug2024 14:50:53.816] [REI-ReloadPlugins/INFO] [REI/]: [REI]  - (0.00) JEI Plugin [BCJEIPlugin:brandonscore:jei_plugin] of REI Plugin Compatibilities Adapter [rei_plugin_compatibilities, jei]
[12Aug2024 14:50:53.816] [REI-ReloadPlugins/INFO] [REI/]: [REI]  - (0.00) JEI Plugin [JEIPlugin:codechickenlib:jei_plugin] of REI Plugin Compatibilities Adapter [rei_plugin_compatibilities, jei]
[12Aug2024 14:50:53.816] [REI-ReloadPlugins/INFO] [REI/]: [REI]  - (0.00) JEI Plugin [Plugin:refurbished_furniture:plugin] of REI Plugin Compatibilities Adapter [rei_plugin_compatibilities, jei]
[12Aug2024 14:50:53.817] [REI-ReloadPlugins/INFO] [REI/]: [REI]  - (0.00) JEI Plugin [JEIPlugin:functionalstorage:main] of REI Plugin Compatibilities Adapter [rei_plugin_compatibilities, jei]
[12Aug2024 14:50:53.817] [REI-ReloadPlugins/INFO] [REI/]: [REI]  - (0.00) JEI Plugin [JEIComputerCraft:computercraft:jei] of REI Plugin Compatibilities Adapter [rei_plugin_compatibilities, jei]
[12Aug2024 14:50:53.817] [REI-ReloadPlugins/INFO] [REI/]: [REI]  - (0.00) JEI Plugin [JEIPlugin:kubejs:jei] of REI Plugin Compatibilities Adapter [rei_plugin_compatibilities, jei]
[12Aug2024 14:50:53.817] [REI-ReloadPlugins/INFO] [REI/]: [REI]  - (0.00) JEI Plugin [JEIPlugin:minecraft:minecolonies] of REI Plugin Compatibilities Adapter [rei_plugin_compatibilities, jei]
[12Aug2024 14:50:53.817] [REI-ReloadPlugins/INFO] [REI/]: [REI]  - (0.00) JEI Plugin [ABJEIPlugin:appbot:main] of REI Plugin Compatibilities Adapter [rei_plugin_compatibilities, jei]
[12Aug2024 14:50:53.817] [REI-ReloadPlugins/INFO] [REI/]: [REI]  - (0.00) JEI Plugin [PatchouliJeiPlugin:patchouli:patchouli] of REI Plugin Compatibilities Adapter [rei_plugin_compatibilities, jei]
[12Aug2024 14:50:53.817] [REI-ReloadPlugins/INFO] [REI/]: [REI]  - (0.00) JEI Plugin [CreateJEI:create:jei_plugin] of REI Plugin Compatibilities Adapter [rei_plugin_compatibilities, jei]
[12Aug2024 14:50:53.817] [REI-ReloadPlugins/INFO] [REI/]: [REI]  - (0.00) JEI Plugin [GeneratorsJEI:mekanismgenerators:jei_plugin] of REI Plugin Compatibilities Adapter [rei_plugin_compatibilities, jei]
[12Aug2024 14:50:53.817] [REI-ReloadPlugins/INFO] [REI/]: [REI]  - (0.00) JEI Plugin [MekanismJEI:mekanism:jei_plugin] of REI Plugin Compatibilities Adapter [rei_plugin_compatibilities, jei]
[12Aug2024 14:50:53.817] [REI-ReloadPlugins/INFO] [REI/]: [REI]  - (0.00) JEI Plugin [CuriosJeiPlugin:curios:curios] of REI Plugin Compatibilities Adapter [rei_plugin_compatibilities, jei]
[12Aug2024 14:50:53.817] [REI-ReloadPlugins/INFO] [REI/]: [REI]  - (0.00) JEI Plugin [JEIPlugin:minecraft:domum_ornamentum] of REI Plugin Compatibilities Adapter [rei_plugin_compatibilities, jei]
[12Aug2024 14:50:53.817] [REI-ReloadPlugins/INFO] [REI/]: [REI]  - (0.00) JEI Plugin [JEIBotaniaPlugin:botania:main] of REI Plugin Compatibilities Adapter [rei_plugin_compatibilities, jei]
[12Aug2024 14:50:53.818] [REI-ReloadPlugins/INFO] [REI/]: [REI]  - (0.00) JEI Plugin [JEIPlugin:ae2:core] of REI Plugin Compatibilities Adapter [rei_plugin_compatibilities, jei]
[12Aug2024 14:50:53.818] [REI-ReloadPlugins/INFO] [REI/]: [REI]  - (0.00) JEI Plugin [JEICompat:jade:main] of REI Plugin Compatibilities Adapter [rei_plugin_compatibilities, jei]
[12Aug2024 14:50:53.818] [REI-ReloadPlugins/INFO] [REI/]: [REI]  - (0.00) JEI Plugin [JEIHelper:immersiveengineering:main] of REI Plugin Compatibilities Adapter [rei_plugin_compatibilities, jei]
[12Aug2024 14:50:53.818] [REI-ReloadPlugins/INFO] [REI/]: [REI]  - (0.00) JEI Plugin [TitaniumJEIPlugin:titanium:default] of REI Plugin Compatibilities Adapter [rei_plugin_compatibilities, jei]
[12Aug2024 14:50:53.818] [REI-ReloadPlugins/INFO] [REI/]: [REI]  - (0.00) JEI Plugin [AlexsCavesPlugin:alexscaves:alexscaves] of REI Plugin Compatibilities Adapter [rei_plugin_compatibilities, jei]
[12Aug2024 14:50:53.818] [REI-ReloadPlugins/INFO] [REI/]: [REI]  - (0.00) JEI Plugin [JeiModPlugin:jeimultiblocks:plugin] of REI Plugin Compatibilities Adapter [rei_plugin_compatibilities, jei]
[12Aug2024 14:50:53.818] [REI-ReloadPlugins/INFO] [REI/]: [REI]  - (0.00) JEI Plugin [BloodMagicJEIPlugin:bloodmagic:jei_plugin] of REI Plugin Compatibilities Adapter [rei_plugin_compatibilities, jei]
[12Aug2024 14:50:53.818] [REI-ReloadPlugins/INFO] [REI/]: [REI]  - (0.00) JEI Plugin [BfrJEI:bfr:jei_plugin] of REI Plugin Compatibilities Adapter [rei_plugin_compatibilities, jei]
[12Aug2024 14:50:53.818] [REI-ReloadPlugins/INFO] [REI/]: [REI]  - (0.00) JEI Plugin [JEIPlugin:pneumaticcraft:default] of REI Plugin Compatibilities Adapter [rei_plugin_compatibilities, jei]
[12Aug2024 14:50:53.818] [REI-ReloadPlugins/INFO] [REI/]: [REI]  - (0.00) JEI Plugin [JEIRuntimeCapturer:modernfix:capturer] of REI Plugin Compatibilities Adapter [rei_plugin_compatibilities, jei]
[12Aug2024 14:50:53.818] [REI-ReloadPlugins/INFO] [REI/]: [REI]  - (0.00) JEI Plugin [CBCJEI:createbigcannons:jei_plugin] of REI Plugin Compatibilities Adapter [rei_plugin_compatibilities, jei]
[12Aug2024 14:50:53.818] [REI-ReloadPlugins/INFO] [REI/]: [REI]  - (0.00) ReiIsDumbClientPlugin of ReiIsDumbClientPlugin [ad_astra]
[12Aug2024 14:50:53.818] [REI-ReloadPlugins/INFO] [REI/]: [REI]  - (0.00) REI Plugin Compatibilities Client Handler of REI Plugin Compatibilities Client Handler [rei_plugin_compatibilities, jei]
[12Aug2024 14:50:53.818] [REI-ReloadPlugins/INFO] [REI/]: [REI]  - (0.00) AE2 of AE2 [ae2]
[12Aug2024 14:50:53.818] [REI-ReloadPlugins/INFO] [REI/]: [REI]  - (0.00) HideIngredientsFromTagsPlugin of HideIngredientsFromTagsPlugin [roughlyenoughitems]
[12Aug2024 14:50:53.818] [REI-ReloadPlugins/INFO] [REI/]: [REI]  - (0.00) DefaultClientRuntimePlugin of DefaultClientRuntimePlugin [roughlyenoughitems]
[12Aug2024 14:50:53.819] [REI-ReloadPlugins/INFO] [REI/]: [REI]  - (10000000.00) REIForgePluginStub of REIForgePluginStub [kubejs]
[12Aug2024 14:50:53.819] [REI-ReloadPlugins/INFO] [REI/]: [REI] ++++++++++++++++++++++++++++++++++++++++
[12Aug2024 14:50:55.931] [REI-ReloadPlugins/INFO] [immersiveengineering/]: Adding recipes to JEI!!
[12Aug2024 14:50:56.014] [REI-ReloadPlugins/INFO] [immersiveengineering/]: Recipes for potions: minecraft:turtle_master, minecraft:poison, alexscaves:glowing, minecraft:long_weakness, minecraft:long_fire_resistance, alexscaves:strong_haste, minecraft:slow_falling, minecraft:long_poison, alexscaves:long_magnetizing, biomemakeover:nocturnal_pot, minecraft:strong_regeneration, minecraft:leaping, minecraft:long_water_breathing, minecraft:long_night_vision, minecraft:strong_slowness, minecraft:long_slowness, minecraft:healing, minecraft:strength, minecraft:slowness, minecraft:long_slow_falling, minecraft:night_vision, biomemakeover:long_nocturnal_pot, minecraft:strong_harming, minecraft:water_breathing, alexscaves:magnetizing, minecraft:strong_healing, minecraft:strong_turtle_master, minecraft:weakness, alexscaves:long_haste, minecraft:fire_resistance, minecraft:regeneration, minecraft:water, minecraft:long_strength, minecraft:harming, alexscaves:long_glowing, minecraft:strong_poison, minecraft:strong_strength, minecraft:strong_swiftness, alexscaves:long_deepsight, minecraft:strong_leaping, minecraft:awkward, minecraft:long_invisibility, minecraft:long_turtle_master, alexscaves:deepsight, minecraft:long_swiftness, minecraft:long_leaping, biomemakeover:actidote_pot, minecraft:swiftness, minecraft:invisibility, alexscaves:haste, minecraft:long_regeneration
[12Aug2024 14:50:57.143] [REI-ReloadPlugins/INFO] [REI/]: [REI] ----------------------------------------
[12Aug2024 14:50:57.143] [REI-ReloadPlugins/INFO] [REI/]: [REI] REIServerPlugin starting main-reload for END.
[12Aug2024 14:50:57.143] [REI-ReloadPlugins/INFO] [REI/]: [REI] Plugins (2):
[12Aug2024 14:50:57.143] [REI-ReloadPlugins/INFO] [REI/]: [REI]  - (-100.00) DefaultPluginImpl of DefaultPluginImpl [roughlyenoughitems]
[12Aug2024 14:50:57.143] [REI-ReloadPlugins/INFO] [REI/]: [REI]  - (0.00) DefaultRuntimePlugin of DefaultRuntimePlugin [roughlyenoughitems]
[12Aug2024 14:50:57.143] [REI-ReloadPlugins/INFO] [REI/]: [REI] ----------------------------------------
[12Aug2024 14:50:57.148] [REI-ReloadPlugins/INFO] [REI/]: [REI] REIPlugin finished post-reload for END in 2.112 ms, totaling 22.66 ms.
[12Aug2024 14:50:57.151] [REI-ReloadPlugins/ERROR] [REI/]: [REI] Display [ad_astra:compressing/calorite_plate_from_compressing_calorite_blocks] me.shedaniel.rei.jeicompat.wrap.JEIWrappedDisplay@5564ca2b failed validation check for category [ad_astra:compressing] earth.terrarium.adastra.common.compat.rei.categories.CompressingCategory@2bbb683c
[12Aug2024 14:50:57.151] [REI-ReloadPlugins/ERROR] [REI/]: [REI] Display [ad_astra:compressing/iron_plate_from_compressing_iron_ingot] me.shedaniel.rei.jeicompat.wrap.JEIWrappedDisplay@30ebd005 failed validation check for category [ad_astra:compressing] earth.terrarium.adastra.common.compat.rei.categories.CompressingCategory@2bbb683c
[12Aug2024 14:50:57.152] [REI-ReloadPlugins/ERROR] [REI/]: [REI] Display [ad_astra:compressing/steel_plate_from_compressing_steel_blocks] me.shedaniel.rei.jeicompat.wrap.JEIWrappedDisplay@27db2266 failed validation check for category [ad_astra:compressing] earth.terrarium.adastra.common.compat.rei.categories.CompressingCategory@2bbb683c
[12Aug2024 14:50:57.152] [REI-ReloadPlugins/ERROR] [REI/]: [REI] Display [ad_astra:compressing/ostrum_plate_from_compressing_ostrum_blocks] me.shedaniel.rei.jeicompat.wrap.JEIWrappedDisplay@d418462 failed validation check for category [ad_astra:compressing] earth.terrarium.adastra.common.compat.rei.categories.CompressingCategory@2bbb683c
[12Aug2024 14:50:57.152] [REI-ReloadPlugins/ERROR] [REI/]: [REI] Display [ad_astra:compressing/desh_plate_from_compressing_desh_blocks] me.shedaniel.rei.jeicompat.wrap.JEIWrappedDisplay@72358a75 failed validation check for category [ad_astra:compressing] earth.terrarium.adastra.common.compat.rei.categories.CompressingCategory@2bbb683c
[12Aug2024 14:50:57.152] [REI-ReloadPlugins/ERROR] [REI/]: [REI] Display [ad_astra:compressing/calorite_plate_from_compressing_calorite_ingots] me.shedaniel.rei.jeicompat.wrap.JEIWrappedDisplay@51c41d0 failed validation check for category [ad_astra:compressing] earth.terrarium.adastra.common.compat.rei.categories.CompressingCategory@2bbb683c
[12Aug2024 14:50:57.152] [REI-ReloadPlugins/ERROR] [REI/]: [REI] Display [ad_astra:compressing/desh_plate_from_compressing_desh_ingots] me.shedaniel.rei.jeicompat.wrap.JEIWrappedDisplay@b6ce6bc failed validation check for category [ad_astra:compressing] earth.terrarium.adastra.common.compat.rei.categories.CompressingCategory@2bbb683c
[12Aug2024 14:50:57.153] [REI-ReloadPlugins/ERROR] [REI/]: [REI] Display [ad_astra:compressing/steel_plate_from_compressing_steel_ingots] me.shedaniel.rei.jeicompat.wrap.JEIWrappedDisplay@2852ed9c failed validation check for category [ad_astra:compressing] earth.terrarium.adastra.common.compat.rei.categories.CompressingCategory@2bbb683c
[12Aug2024 14:50:57.153] [REI-ReloadPlugins/ERROR] [REI/]: [REI] Display [ad_astra:compressing/ostrum_plate_from_compressing_ostrum_ingots] me.shedaniel.rei.jeicompat.wrap.JEIWrappedDisplay@e77ccb8 failed validation check for category [ad_astra:compressing] earth.terrarium.adastra.common.compat.rei.categories.CompressingCategory@2bbb683c
[12Aug2024 14:50:57.153] [REI-ReloadPlugins/ERROR] [REI/]: [REI] Display [ad_astra:compressing/iron_plate_from_compressing_iron_block] me.shedaniel.rei.jeicompat.wrap.JEIWrappedDisplay@44022368 failed validation check for category [ad_astra:compressing] earth.terrarium.adastra.common.compat.rei.categories.CompressingCategory@2bbb683c
[12Aug2024 14:50:57.153] [REI-ReloadPlugins/ERROR] [REI/]: [REI] Display [ad_astra:alloying/steel_ingot_from_alloying_iron_ingot_and_coals] me.shedaniel.rei.jeicompat.wrap.JEIWrappedDisplay@35b8cb7e failed validation check for category [ad_astra:alloying] earth.terrarium.adastra.common.compat.rei.categories.AlloyingCategory@6074a7c2
[12Aug2024 14:50:57.154] [REI-ReloadPlugins/ERROR] [REI/]: [REI] Display [ad_astra:oxygen_loading/oxygen_from_oxygen_loading_oxygen] me.shedaniel.rei.jeicompat.wrap.JEIWrappedDisplay@2f12d1fc failed validation check for category [ad_astra:oxygen_loading] earth.terrarium.adastra.common.compat.rei.categories.OxygenLoadingCategory@6a9d396b
[12Aug2024 14:50:57.154] [REI-ReloadPlugins/ERROR] [REI/]: [REI] Display [ad_astra:oxygen_loading/oxygen_from_oxygen_loading_water] me.shedaniel.rei.jeicompat.wrap.JEIWrappedDisplay@5181ad84 failed validation check for category [ad_astra:oxygen_loading] earth.terrarium.adastra.common.compat.rei.categories.OxygenLoadingCategory@6a9d396b
[12Aug2024 14:50:57.154] [REI-ReloadPlugins/ERROR] [REI/]: [REI] Display [ad_astra:cryo_freezing/cryo_fuel_from_cryo_freezing_packed_ice] me.shedaniel.rei.jeicompat.wrap.JEIWrappedDisplay@4e4449ee failed validation check for category [ad_astra:cryo_freezing] earth.terrarium.adastra.common.compat.rei.categories.CryoFreezingCategory@4738e1ee
[12Aug2024 14:50:57.154] [REI-ReloadPlugins/ERROR] [REI/]: [REI] Display [ad_astra:cryo_freezing/cryo_fuel_from_cryo_freezing_blue_ice] me.shedaniel.rei.jeicompat.wrap.JEIWrappedDisplay@7c5deede failed validation check for category [ad_astra:cryo_freezing] earth.terrarium.adastra.common.compat.rei.categories.CryoFreezingCategory@4738e1ee
[12Aug2024 14:50:57.154] [REI-ReloadPlugins/ERROR] [REI/]: [REI] Display [ad_astra:cryo_freezing/cryo_fuel_from_cryo_freezing_ice_shard] me.shedaniel.rei.jeicompat.wrap.JEIWrappedDisplay@3302fade failed validation check for category [ad_astra:cryo_freezing] earth.terrarium.adastra.common.compat.rei.categories.CryoFreezingCategory@4738e1ee
[12Aug2024 14:50:57.154] [REI-ReloadPlugins/ERROR] [REI/]: [REI] Display [ad_astra:cryo_freezing/cryo_fuel_from_cryo_freezing_ice] me.shedaniel.rei.jeicompat.wrap.JEIWrappedDisplay@f4a7cab failed validation check for category [ad_astra:cryo_freezing] earth.terrarium.adastra.common.compat.rei.categories.CryoFreezingCategory@4738e1ee
[12Aug2024 14:50:57.154] [REI-ReloadPlugins/ERROR] [REI/]: [REI] Display [ad_astra:nasa_workbench/tier_1_rocket_from_nasa_workbench] me.shedaniel.rei.jeicompat.wrap.JEIWrappedDisplay@6b0641fc failed validation check for category [ad_astra:nasa_workbench] earth.terrarium.adastra.common.compat.rei.categories.NasaWorkbenchCategory@37f5d713
[12Aug2024 14:50:57.156] [REI-ReloadPlugins/ERROR] [REI/]: [REI] Display [ad_astra:nasa_workbench/tier_3_rocket_from_nasa_workbench] me.shedaniel.rei.jeicompat.wrap.JEIWrappedDisplay@2683cc12 failed validation check for category [ad_astra:nasa_workbench] earth.terrarium.adastra.common.compat.rei.categories.NasaWorkbenchCategory@37f5d713
[12Aug2024 14:50:57.156] [REI-ReloadPlugins/ERROR] [REI/]: [REI] Display [ad_astra:nasa_workbench/tier_4_rocket_from_nasa_workbench] me.shedaniel.rei.jeicompat.wrap.JEIWrappedDisplay@7d95b961 failed validation check for category [ad_astra:nasa_workbench] earth.terrarium.adastra.common.compat.rei.categories.NasaWorkbenchCategory@37f5d713
[12Aug2024 14:50:57.156] [REI-ReloadPlugins/ERROR] [REI/]: [REI] Display [ad_astra:nasa_workbench/tier_2_rocket_from_nasa_workbench] me.shedaniel.rei.jeicompat.wrap.JEIWrappedDisplay@26ecc516 failed validation check for category [ad_astra:nasa_workbench] earth.terrarium.adastra.common.compat.rei.categories.NasaWorkbenchCategory@37f5d713
[12Aug2024 14:50:57.178] [REI-ReloadPlugins/INFO] [REI/]: [REI] Cancelled Views buildMap since plugins have not finished reloading.
[12Aug2024 14:50:57.644] [REI-ReloadPlugins/WARN] [REI/]: [REI] createFocusLink is not supported in REI yet!
[12Aug2024 14:50:57.644] [REI-ReloadPlugins/WARN] [REI/]: [REI] createFocusLink is not supported in REI yet!
[12Aug2024 14:50:57.709] [REI-ReloadPlugins/INFO] [REI/]: [REI] REIClientPlugin finished post-reload for END in 558.2 ms, totaling 3.888 s.
[12Aug2024 14:50:57.710] [REI-ReloadPlugins/INFO] [REI/]: [REI] REIServerPlugin finished post-reload for END in 407.1 ?s, totaling 2.175 ms.
[12Aug2024 14:53:33.350] [Server thread/INFO] [net.minecraft.server.MinecraftServer/]: [NemEzanevem: Reloading!]
[12Aug2024 14:53:33.354] [Render thread/INFO] [net.minecraft.client.gui.components.ChatComponent/]: [System] [CHAT] Reloading!
[12Aug2024 14:53:33.400] [Server thread/INFO] [KubeJS Server/]: Loaded script server_scripts:bloodmagic/meteors.js in 0.002 s
[12Aug2024 14:53:33.402] [Server thread/INFO] [KubeJS Server/]: Loaded script server_scripts:bloodmagic/more_gating.js in 0.0 s
[12Aug2024 14:53:33.404] [Server thread/INFO] [KubeJS Server/]: Loaded script server_scripts:botania/gating_stuff.js in 0.002 s
[12Aug2024 14:53:33.409] [Server thread/INFO] [KubeJS Server/]: Loaded script server_scripts:integration/create/create_integration_gate.js in 0.003 s
[12Aug2024 14:53:33.413] [Server thread/INFO] [KubeJS Server/]: Loaded script server_scripts:integration/create/other_create_integration.js in 0.001 s
[12Aug2024 14:53:33.414] [Server thread/INFO] [KubeJS Server/]: Loaded 5/5 KubeJS server scripts in 0.025 s with 0 errors and 0 warnings
[12Aug2024 14:53:33.415] [Server thread/INFO] [KubeJS Server/]: Scripts loaded
[12Aug2024 14:53:33.415] [Server thread/INFO] [KubeJS Server/]: Initializing recipe event...
[12Aug2024 14:53:33.740] [Worker-ResourceReload-13/INFO] [KubeJS Server/]: [minecraft:item] Found 1199 tags, added 0 objects, removed 2 objects
[12Aug2024 14:53:34.568] [Server thread/INFO] [KubeJS Server/]: Processing recipes...
[12Aug2024 14:53:34.577] [Server thread/WARN] [KubeJS Server/]: Failed to parse recipe 'botania:brew/fire_resistance[botania:brew]'! Falling back to vanilla: Cannot invoke "net.minecraft.core.Registry.m_7745_(net.minecraft.resources.ResourceLocation)" because "com.prunoideae.custom.brew.BotaniaRegistryObjectBuilderTypes.BREW_REGISTRY" is null
[12Aug2024 14:53:34.596] [Server thread/WARN] [KubeJS Server/]: Failed to parse recipe 'botania:brew/invisibility[botania:brew]'! Falling back to vanilla: Cannot invoke "net.minecraft.core.Registry.m_7745_(net.minecraft.resources.ResourceLocation)" because "com.prunoideae.custom.brew.BotaniaRegistryObjectBuilderTypes.BREW_REGISTRY" is null
[12Aug2024 14:53:34.598] [Server thread/WARN] [KubeJS Server/]: Failed to parse recipe 'botania:brew/clear[botania:brew]'! Falling back to vanilla: Cannot invoke "net.minecraft.core.Registry.m_7745_(net.minecraft.resources.ResourceLocation)" because "com.prunoideae.custom.brew.BotaniaRegistryObjectBuilderTypes.BREW_REGISTRY" is null
[12Aug2024 14:53:34.639] [Server thread/WARN] [KubeJS Server/]: Failed to parse recipe 'botania:brew/feather_feet[botania:brew]'! Falling back to vanilla: Cannot invoke "net.minecraft.core.Registry.m_7745_(net.minecraft.resources.ResourceLocation)" because "com.prunoideae.custom.brew.BotaniaRegistryObjectBuilderTypes.BREW_REGISTRY" is null
[12Aug2024 14:53:34.650] [Server thread/WARN] [KubeJS Server/]: Failed to parse recipe 'botania:brew/bloodthirst[botania:brew]'! Falling back to vanilla: Cannot invoke "net.minecraft.core.Registry.m_7745_(net.minecraft.resources.ResourceLocation)" because "com.prunoideae.custom.brew.BotaniaRegistryObjectBuilderTypes.BREW_REGISTRY" is null
[12Aug2024 14:53:34.661] [Server thread/WARN] [KubeJS Server/]: Failed to parse recipe 'botania:brew/emptiness[botania:brew]'! Falling back to vanilla: Cannot invoke "net.minecraft.core.Registry.m_7745_(net.minecraft.resources.ResourceLocation)" because "com.prunoideae.custom.brew.BotaniaRegistryObjectBuilderTypes.BREW_REGISTRY" is null
[12Aug2024 14:53:34.668] [Server thread/WARN] [KubeJS Server/]: Failed to parse recipe 'botania:brew/absorption[botania:brew]'! Falling back to vanilla: Cannot invoke "net.minecraft.core.Registry.m_7745_(net.minecraft.resources.ResourceLocation)" because "com.prunoideae.custom.brew.BotaniaRegistryObjectBuilderTypes.BREW_REGISTRY" is null
[12Aug2024 14:53:34.671] [Server thread/WARN] [KubeJS Server/]: Failed to parse recipe 'botania:brew/jump_boost[botania:brew]'! Falling back to vanilla: Cannot invoke "net.minecraft.core.Registry.m_7745_(net.minecraft.resources.ResourceLocation)" because "com.prunoideae.custom.brew.BotaniaRegistryObjectBuilderTypes.BREW_REGISTRY" is null
[12Aug2024 14:53:34.673] [Server thread/WARN] [KubeJS Server/]: Failed to parse recipe 'botania:brew/weak_regeneration[botania:brew]'! Falling back to vanilla: Cannot invoke "net.minecraft.core.Registry.m_7745_(net.minecraft.resources.ResourceLocation)" because "com.prunoideae.custom.brew.BotaniaRegistryObjectBuilderTypes.BREW_REGISTRY" is null
[12Aug2024 14:53:34.679] [Server thread/WARN] [KubeJS Server/]: Failed to parse recipe 'botania:brew/regeneration[botania:brew]'! Falling back to vanilla: Cannot invoke "net.minecraft.core.Registry.m_7745_(net.minecraft.resources.ResourceLocation)" because "com.prunoideae.custom.brew.BotaniaRegistryObjectBuilderTypes.BREW_REGISTRY" is null
[12Aug2024 14:53:34.683] [Server thread/WARN] [KubeJS Server/]: Failed to parse recipe 'botania:brew/speed[botania:brew]'! Falling back to vanilla: Cannot invoke "net.minecraft.core.Registry.m_7745_(net.minecraft.resources.ResourceLocation)" because "com.prunoideae.custom.brew.BotaniaRegistryObjectBuilderTypes.BREW_REGISTRY" is null
[12Aug2024 14:53:34.687] [Server thread/WARN] [KubeJS Server/]: Failed to parse recipe 'botania:brew/night_vision[botania:brew]'! Falling back to vanilla: Cannot invoke "net.minecraft.core.Registry.m_7745_(net.minecraft.resources.ResourceLocation)" because "com.prunoideae.custom.brew.BotaniaRegistryObjectBuilderTypes.BREW_REGISTRY" is null
[12Aug2024 14:53:34.703] [Server thread/WARN] [KubeJS Server/]: Failed to parse recipe 'botania:brew/overload[botania:brew]'! Falling back to vanilla: Cannot invoke "net.minecraft.core.Registry.m_7745_(net.minecraft.resources.ResourceLocation)" because "com.prunoideae.custom.brew.BotaniaRegistryObjectBuilderTypes.BREW_REGISTRY" is null
[12Aug2024 14:53:34.705] [Server thread/WARN] [KubeJS Server/]: Failed to parse recipe 'botania:brew/allure[botania:brew]'! Falling back to vanilla: Cannot invoke "net.minecraft.core.Registry.m_7745_(net.minecraft.resources.ResourceLocation)" because "com.prunoideae.custom.brew.BotaniaRegistryObjectBuilderTypes.BREW_REGISTRY" is null
[12Aug2024 14:53:34.715] [Server thread/WARN] [KubeJS Server/]: Failed to parse recipe 'botania:brew/healing[botania:brew]'! Falling back to vanilla: Cannot invoke "net.minecraft.core.Registry.m_7745_(net.minecraft.resources.ResourceLocation)" because "com.prunoideae.custom.brew.BotaniaRegistryObjectBuilderTypes.BREW_REGISTRY" is null
[12Aug2024 14:53:34.730] [Server thread/WARN] [KubeJS Server/]: Failed to parse recipe 'botania:brew/strength[botania:brew]'! Falling back to vanilla: Cannot invoke "net.minecraft.core.Registry.m_7745_(net.minecraft.resources.ResourceLocation)" because "com.prunoideae.custom.brew.BotaniaRegistryObjectBuilderTypes.BREW_REGISTRY" is null
[12Aug2024 14:53:34.734] [Server thread/WARN] [KubeJS Server/]: Failed to parse recipe 'botania:brew/haste[botania:brew]'! Falling back to vanilla: Cannot invoke "net.minecraft.core.Registry.m_7745_(net.minecraft.resources.ResourceLocation)" because "com.prunoideae.custom.brew.BotaniaRegistryObjectBuilderTypes.BREW_REGISTRY" is null
[12Aug2024 14:53:34.737] [Server thread/WARN] [KubeJS Server/]: Failed to parse recipe 'botania:brew/soul_cross[botania:brew]'! Falling back to vanilla: Cannot invoke "net.minecraft.core.Registry.m_7745_(net.minecraft.resources.ResourceLocation)" because "com.prunoideae.custom.brew.BotaniaRegistryObjectBuilderTypes.BREW_REGISTRY" is null
[12Aug2024 14:53:34.764] [Server thread/WARN] [KubeJS Server/]: Failed to parse recipe 'botania:brew/water_breathing[botania:brew]'! Falling back to vanilla: Cannot invoke "net.minecraft.core.Registry.m_7745_(net.minecraft.resources.ResourceLocation)" because "com.prunoideae.custom.brew.BotaniaRegistryObjectBuilderTypes.BREW_REGISTRY" is null
[12Aug2024 14:53:34.767] [Server thread/WARN] [KubeJS Server/]: Failed to parse recipe 'botania:brew/resistance[botania:brew]'! Falling back to vanilla: Cannot invoke "net.minecraft.core.Registry.m_7745_(net.minecraft.resources.ResourceLocation)" because "com.prunoideae.custom.brew.BotaniaRegistryObjectBuilderTypes.BREW_REGISTRY" is null
[12Aug2024 14:53:34.785] [Server thread/INFO] [KubeJS Server/]: Found 11357 recipes in 216.5 ms
[12Aug2024 14:53:34.789] [Server thread/ERROR] [KubeJS Server/]: botania/gating_stuff.js#15: Failed to create recipe for type 'botania:mana_infusion': Ingredient 'input' can't be empty!
[12Aug2024 14:53:34.803] [Server thread/INFO] [KubeJS Server/]: Posted recipe events in 17.23 ms
[12Aug2024 14:53:34.804] [KubeJS Recipe Event Worker 0/WARN] [com.simibubi.create.Create/]: Your custom createaddition:rolling/iron_plate recipe (createaddition:rolling/iron_plate) specified a duration. Durations have no impact on this type of recipe.
[12Aug2024 14:53:34.805] [KubeJS Recipe Event Worker 0/INFO] [pneumaticcraft/]: ignoring heat properties for block natura:nether_heat_sand: mod not loaded
[12Aug2024 14:53:34.807] [KubeJS Recipe Event Worker 0/INFO] [pneumaticcraft/]: ignoring heat properties for block betterendforge:dense_emerald_ice: mod not loaded
[12Aug2024 14:53:34.809] [KubeJS Recipe Event Worker 0/WARN] [com.simibubi.create.Create/]: Your custom createaddition:rolling/lead_plate recipe (createaddition:rolling/lead_plate) specified a duration. Durations have no impact on this type of recipe.
[12Aug2024 14:53:34.810] [KubeJS Recipe Event Worker 0/INFO] [pneumaticcraft/]: ignoring heat properties for block byg:cryptic_magma_block: mod not loaded
[12Aug2024 14:53:34.810] [KubeJS Recipe Event Worker 0/WARN] [com.simibubi.create.Create/]: Your custom createaddition:rolling/steel_ingot recipe (createaddition:rolling/steel_ingot) specified a duration. Durations have no impact on this type of recipe.
[12Aug2024 14:53:34.810] [KubeJS Recipe Event Worker 0/WARN] [com.simibubi.create.Create/]: Your custom createaddition:rolling/copper_plate recipe (createaddition:rolling/copper_plate) specified a duration. Durations have no impact on this type of recipe.
[12Aug2024 14:53:34.811] [KubeJS Recipe Event Worker 0/INFO] [pneumaticcraft/]: ignoring heat properties for block betterendforge:emerald_ice: mod not loaded
[12Aug2024 14:53:34.812] [KubeJS Recipe Event Worker 0/INFO] [pneumaticcraft/]: ignoring heat properties for block decorative_blocks:soul_brazier: mod not loaded
[12Aug2024 14:53:34.814] [KubeJS Recipe Event Worker 0/WARN] [com.simibubi.create.Create/]: Your custom createaddition:rolling/gold_plate recipe (createaddition:rolling/gold_plate) specified a duration. Durations have no impact on this type of recipe.
[12Aug2024 14:53:34.815] [KubeJS Recipe Event Worker 0/WARN] [com.simibubi.create.Create/]: Your custom createaddition:rolling/copper_ingot recipe (createaddition:rolling/copper_ingot) specified a duration. Durations have no impact on this type of recipe.
[12Aug2024 14:53:34.816] [KubeJS Recipe Event Worker 0/WARN] [com.simibubi.create.Create/]: Your custom createaddition:rolling/aluminum_ingot recipe (createaddition:rolling/aluminum_ingot) specified a duration. Durations have no impact on this type of recipe.
[12Aug2024 14:53:34.817] [KubeJS Recipe Event Worker 0/INFO] [pneumaticcraft/]: ignoring heat properties for block occultism:spirit_fire: mod not loaded
[12Aug2024 14:53:34.817] [KubeJS Recipe Event Worker 0/INFO] [pneumaticcraft/]: ignoring heat properties for block powah:dry_ice: mod not loaded
[12Aug2024 14:53:34.821] [KubeJS Recipe Event Worker 0/WARN] [com.simibubi.create.Create/]: Your custom createaddition:rolling/electrum_ingot recipe (createaddition:rolling/electrum_ingot) specified a duration. Durations have no impact on this type of recipe.
[12Aug2024 14:53:34.821] [KubeJS Recipe Event Worker 0/INFO] [pneumaticcraft/]: ignoring heat properties for block betterendforge:ancient_emerald_ice: mod not loaded
[12Aug2024 14:53:34.821] [KubeJS Recipe Event Worker 0/INFO] [pneumaticcraft/]: ignoring heat properties for block byg:cryptic_campfire: mod not loaded
[12Aug2024 14:53:34.821] [KubeJS Recipe Event Worker 0/INFO] [pneumaticcraft/]: ignoring heat properties for block quark:permafrost: mod not loaded
[12Aug2024 14:53:34.821] [KubeJS Recipe Event Worker 0/INFO] [pneumaticcraft/]: ignoring heat properties for block quark:blaze_lantern: mod not loaded
[12Aug2024 14:53:34.822] [KubeJS Recipe Event Worker 0/INFO] [pneumaticcraft/]: ignoring heat properties for block byg:boric_campfire: mod not loaded
[12Aug2024 14:53:34.822] [KubeJS Recipe Event Worker 0/INFO] [pneumaticcraft/]: ignoring heat properties for block byg:magmatic_stone: mod not loaded
[12Aug2024 14:53:34.823] [KubeJS Recipe Event Worker 0/WARN] [com.simibubi.create.Create/]: Your custom createaddition:rolling/iron_ingot recipe (createaddition:rolling/iron_ingot) specified a duration. Durations have no impact on this type of recipe.
[12Aug2024 14:53:34.824] [KubeJS Recipe Event Worker 0/INFO] [pneumaticcraft/]: ignoring heat properties for block valhelsia_structures:brazier: mod not loaded
[12Aug2024 14:53:34.825] [KubeJS Recipe Event Worker 0/WARN] [com.simibubi.create.Create/]: Your custom createaddition:rolling/aluminum_plate recipe (createaddition:rolling/aluminum_plate) specified a duration. Durations have no impact on this type of recipe.
[12Aug2024 14:53:34.825] [KubeJS Recipe Event Worker 0/WARN] [com.simibubi.create.Create/]: Your custom createaddition:rolling/electrum_plate recipe (createaddition:rolling/electrum_plate) specified a duration. Durations have no impact on this type of recipe.
[12Aug2024 14:53:34.828] [KubeJS Recipe Event Worker 0/WARN] [com.simibubi.create.Create/]: Your custom createaddition:rolling/straw recipe (createaddition:rolling/straw) specified a duration. Durations have no impact on this type of recipe.
[12Aug2024 14:53:34.830] [KubeJS Recipe Event Worker 0/WARN] [com.simibubi.create.Create/]: Your custom createaddition:rolling/gold_ingot recipe (createaddition:rolling/gold_ingot) specified a duration. Durations have no impact on this type of recipe.
[12Aug2024 14:53:34.830] [KubeJS Recipe Event Worker 0/WARN] [com.simibubi.create.Create/]: Your custom createaddition:rolling/brass_ingot recipe (createaddition:rolling/brass_ingot) specified a duration. Durations have no impact on this type of recipe.
[12Aug2024 14:53:34.830] [KubeJS Recipe Event Worker 0/WARN] [com.simibubi.create.Create/]: Your custom createaddition:rolling/steel_plate recipe (createaddition:rolling/steel_plate) specified a duration. Durations have no impact on this type of recipe.
[12Aug2024 14:53:34.830] [KubeJS Recipe Event Worker 0/WARN] [KubeJS Server/]: Error parsing recipe immersiveengineering:arcfurnace/gunmetal_ingot[immersiveengineering:arc_furnace]: {"type":"immersiveengineering:arc_furnace","additives":[{"tag":"forge:dusts/redstone"}],"energy":141200,"input":{"item":"pointblank:gunmetal_mesh"},"results":[{"base_ingredient":{"item":"kubejs:hot_gunmetal_ingot"},"count":1}],"time":200}: Unknown item 'kubejs:hot_gunmetal_ingot'
[12Aug2024 14:53:34.831] [KubeJS Recipe Event Worker 0/INFO] [pneumaticcraft/]: ignoring heat properties for block decorative_blocks:brazier: mod not loaded
[12Aug2024 14:53:34.840] [KubeJS Recipe Event Worker 0/WARN] [KubeJS Server/]: Error parsing recipe minecraft:kjs/immersiveengineering_wirecutter[kubejs:shaped]: {"type":"minecraft:crafting_shaped","result":{"item":"immersiveengineering:wirecutter","count":1,"nbt":"{Damage:0}"},"pattern":["AB","A"],"key":{"A":{"item":"immersiveengineering:stick_treated"},"B":{"item":"ad_astra:steel_ingot"}}}: Invalid pattern: each row must be the same width
[12Aug2024 14:53:34.840] [KubeJS Recipe Event Worker 0/WARN] [com.simibubi.create.Create/]: Your custom create:mixing recipe (create:kjs/4j2gj9nqhdmwvh04haxbx077k) has more item inputs (25) than supported (9).
[12Aug2024 14:53:34.841] [KubeJS Recipe Event Worker 0/WARN] [com.simibubi.create.Create/]: Your custom create:mixing recipe (create:kjs/bfmqi74tyt1t6ozglg6mefalw) has more item inputs (10) than supported (9).
[12Aug2024 14:53:34.850] [Server thread/INFO] [KubeJS Server/]: Added 31 recipes, removed 25 recipes, modified 5 recipes, with 3 failed recipes in 46.68 ms
[12Aug2024 14:53:34.850] [Server thread/INFO] [ModernFix/]: Clearing KubeJS recipe lists...
[12Aug2024 14:53:35.184] [Server thread/INFO] [net.minecraft.advancements.AdvancementList/]: Loaded 7185 advancements
[12Aug2024 14:53:35.200] [Server thread/INFO] [top.theillusivec4.curios.Curios/]: Loaded 11 curio slots
[12Aug2024 14:53:35.212] [Server thread/INFO] [top.theillusivec4.curios.Curios/]: Loaded 1 curio entities
[12Aug2024 14:53:35.213] [Server thread/INFO] [minecolonies/]: Beginning load of custom recipes for colony workers
[12Aug2024 14:53:35.215] [Server thread/INFO] [minecolonies/]: Loaded 165 recipes for 16 crafters
[12Aug2024 14:53:35.215] [Server thread/INFO] [minecolonies/]: Beginning load of research for University.
[12Aug2024 14:53:35.252] [Server thread/INFO] [minecolonies/]: Loaded 201 recipes for 4 research branches
[12Aug2024 14:53:35.254] [Server thread/INFO] [minecolonies/]: Loading quests from data
[12Aug2024 14:53:35.259] [Server thread/INFO] [minecolonies/]: Finished loading quests from data
[12Aug2024 14:53:35.262] [Server thread/WARN] [minecolonies/]: Read 1499 items with their nbt keys for compatibility.
[12Aug2024 14:53:35.262] [Server thread/INFO] [dan200.computercraft.impl.UpgradeManager/]: Loaded 9 turtle upgrades
[12Aug2024 14:53:35.263] [Server thread/INFO] [dan200.computercraft.impl.UpgradeManager/]: Loaded 3 pocket computer upgrades
[12Aug2024 14:53:35.481] [Server thread/INFO] [minecolonies/]: Finished discovering Ores 56 57
[12Aug2024 14:53:35.481] [Server thread/INFO] [minecolonies/]: Finished discovering saplings 37
[12Aug2024 14:53:35.481] [Server thread/INFO] [minecolonies/]: Finished discovering plantables 19
[12Aug2024 14:53:35.481] [Server thread/INFO] [minecolonies/]: Finished discovering food 100 125
[12Aug2024 14:53:35.481] [Server thread/INFO] [minecolonies/]: Finished discovering fuel 440
[12Aug2024 14:53:35.481] [Server thread/INFO] [minecolonies/]: Finished discovering flowers 113
[12Aug2024 14:53:35.481] [Server thread/INFO] [minecolonies/]: Finished discovering items 8424
[12Aug2024 14:53:35.481] [Server thread/INFO] [minecolonies/]: Finished discovering lucky oreBlocks 6
[12Aug2024 14:53:35.481] [Server thread/INFO] [minecolonies/]: Finished discovering recruitment costs
[12Aug2024 14:53:35.482] [Server thread/INFO] [minecolonies/]: Finished discovering diseases
[12Aug2024 14:53:35.482] [Server thread/INFO] [minecolonies/]: Finished discovering compostables 324
[12Aug2024 14:53:35.556] [Server thread/INFO] [immersiveengineering/]: Couldn't fully analyze 1 compressed_iron_helmet, missing knowledge for {1 leather_helmet=1.0}
[12Aug2024 14:53:35.556] [Server thread/INFO] [immersiveengineering/]: Couldn't fully analyze 1 compressed_iron_leggings, missing knowledge for {1 leather_leggings=1.0}
[12Aug2024 14:53:35.556] [Server thread/INFO] [immersiveengineering/]: Couldn't fully analyze 1 netherite_space_pants, missing knowledge for {1 netherite_leggings=1.0}
[12Aug2024 14:53:35.557] [Server thread/INFO] [immersiveengineering/]: Couldn't fully analyze 1 pneumatic_leggings, missing knowledge for {1 compressed_iron_leggings=1.0}
[12Aug2024 14:53:35.557] [Server thread/INFO] [immersiveengineering/]: Couldn't fully analyze 1 jet_suit_pants, missing knowledge for {1 netherite_space_pants=1.0}
[12Aug2024 14:53:35.557] [Server thread/INFO] [immersiveengineering/]: Couldn't fully analyze 1 jet_suit_boots, missing knowledge for {1 netherite_space_boots=1.0}
[12Aug2024 14:53:35.557] [Server thread/INFO] [immersiveengineering/]: Couldn't fully analyze 1 compressed_iron_chestplate, missing knowledge for {1 leather_chestplate=1.0}
[12Aug2024 14:53:35.557] [Server thread/INFO] [immersiveengineering/]: Couldn't fully analyze 1 compressed_iron_boots, missing knowledge for {1 leather_boots=1.0}
[12Aug2024 14:53:35.557] [Server thread/INFO] [immersiveengineering/]: Couldn't fully analyze 1 radiator, missing knowledge for {1 water_bucket=0.25}
[12Aug2024 14:53:35.557] [Server thread/INFO] [immersiveengineering/]: Couldn't fully analyze 1 jet_suit, missing knowledge for {1 netherite_space_suit=1.0}
[12Aug2024 14:53:35.557] [Server thread/INFO] [immersiveengineering/]: Couldn't fully analyze 1 netherite_space_suit, missing knowledge for {1 netherite_chestplate=1.0}
[12Aug2024 14:53:35.557] [Server thread/INFO] [immersiveengineering/]: Couldn't fully analyze 1 free_runners_armored, missing knowledge for {1 free_runners=1.0}
[12Aug2024 14:53:35.557] [Server thread/INFO] [immersiveengineering/]: Couldn't fully analyze 1 netherite_space_helmet, missing knowledge for {1 netherite_helmet=1.0}
[12Aug2024 14:53:35.557] [Server thread/INFO] [immersiveengineering/]: Couldn't fully analyze 1 jet_suit_helmet, missing knowledge for {1 netherite_space_helmet=1.0}
[12Aug2024 14:53:35.558] [Server thread/INFO] [immersiveengineering/]: Couldn't fully analyze 1 netherite_space_boots, missing knowledge for {1 netherite_boots=1.0}
[12Aug2024 14:53:35.558] [Server thread/INFO] [immersiveengineering/]: Finished recipe profiler for Arc Recycling, took 40 milliseconds
[12Aug2024 14:53:35.582] [REI-ReloadPlugins/INFO] [REI/]: [REI] ########################################
[12Aug2024 14:53:35.582] [REI-ReloadPlugins/INFO] [REI/]: [REI] REIPlugin starting main-reload for START.
[12Aug2024 14:53:35.582] [REI-ReloadPlugins/INFO] [REI/]: [REI] Plugins (38):
[12Aug2024 14:53:35.582] [REI-ReloadPlugins/INFO] [REI/]: [REI]  - (-100.00) DefaultClientPluginImpl of DefaultClientPluginImpl [roughlyenoughitems]
[12Aug2024 14:53:35.583] [REI-ReloadPlugins/INFO] [REI/]: [REI]  - (-100.00) DefaultPluginImpl of DefaultPluginImpl [roughlyenoughitems]
[12Aug2024 14:53:35.583] [REI-ReloadPlugins/INFO] [REI/]: [REI]  - (0.00) HideIngredientsFromTagsPlugin of HideIngredientsFromTagsPlugin [roughlyenoughitems]
[12Aug2024 14:53:35.583] [REI-ReloadPlugins/INFO] [REI/]: [REI]  - (0.00) DefaultClientRuntimePlugin of DefaultClientRuntimePlugin [roughlyenoughitems]
[12Aug2024 14:53:35.583] [REI-ReloadPlugins/INFO] [REI/]: [REI]  - (0.00) DefaultRuntimePlugin of DefaultRuntimePlugin [roughlyenoughitems]
[12Aug2024 14:53:35.583] [REI-ReloadPlugins/INFO] [REI/]: [REI]  - (0.00) JEI Plugin [AdAstraJeiPlugin:ad_astra:jei] of REI Plugin Compatibilities Adapter [rei_plugin_compatibilities, jei]
[12Aug2024 14:53:35.583] [REI-ReloadPlugins/INFO] [REI/]: [REI]  - (0.00) JEI Plugin [CreateAdditionJEI:createaddition:jei_plugin] of REI Plugin Compatibilities Adapter [rei_plugin_compatibilities, jei]
[12Aug2024 14:53:35.583] [REI-ReloadPlugins/INFO] [REI/]: [REI]  - (0.00) JEI Plugin [DEJEIPlugin:draconicevolution:jei_plugin] of REI Plugin Compatibilities Adapter [rei_plugin_compatibilities, jei]
[12Aug2024 14:53:35.583] [REI-ReloadPlugins/INFO] [REI/]: [REI]  - (0.00) JEI Plugin [BCJEIPlugin:brandonscore:jei_plugin] of REI Plugin Compatibilities Adapter [rei_plugin_compatibilities, jei]
[12Aug2024 14:53:35.583] [REI-ReloadPlugins/INFO] [REI/]: [REI]  - (0.00) JEI Plugin [JEIPlugin:codechickenlib:jei_plugin] of REI Plugin Compatibilities Adapter [rei_plugin_compatibilities, jei]
[12Aug2024 14:53:35.583] [REI-ReloadPlugins/INFO] [REI/]: [REI]  - (0.00) JEI Plugin [Plugin:refurbished_furniture:plugin] of REI Plugin Compatibilities Adapter [rei_plugin_compatibilities, jei]
[12Aug2024 14:53:35.583] [REI-ReloadPlugins/INFO] [REI/]: [REI]  - (0.00) JEI Plugin [JEIPlugin:functionalstorage:main] of REI Plugin Compatibilities Adapter [rei_plugin_compatibilities, jei]
[12Aug2024 14:53:35.583] [REI-ReloadPlugins/INFO] [REI/]: [REI]  - (0.00) JEI Plugin [JEIComputerCraft:computercraft:jei] of REI Plugin Compatibilities Adapter [rei_plugin_compatibilities, jei]
[12Aug2024 14:53:35.584] [REI-ReloadPlugins/INFO] [REI/]: [REI]  - (0.00) JEI Plugin [JEIPlugin:kubejs:jei] of REI Plugin Compatibilities Adapter [rei_plugin_compatibilities, jei]
[12Aug2024 14:53:35.584] [REI-ReloadPlugins/INFO] [REI/]: [REI]  - (0.00) JEI Plugin [JEIPlugin:minecraft:minecolonies] of REI Plugin Compatibilities Adapter [rei_plugin_compatibilities, jei]
[12Aug2024 14:53:35.584] [REI-ReloadPlugins/INFO] [REI/]: [REI]  - (0.00) JEI Plugin [ABJEIPlugin:appbot:main] of REI Plugin Compatibilities Adapter [rei_plugin_compatibilities, jei]
[12Aug2024 14:53:35.584] [REI-ReloadPlugins/INFO] [REI/]: [REI]  - (0.00) JEI Plugin [PatchouliJeiPlugin:patchouli:patchouli] of REI Plugin Compatibilities Adapter [rei_plugin_compatibilities, jei]
[12Aug2024 14:53:35.584] [REI-ReloadPlugins/INFO] [REI/]: [REI]  - (0.00) JEI Plugin [CreateJEI:create:jei_plugin] of REI Plugin Compatibilities Adapter [rei_plugin_compatibilities, jei]
[12Aug2024 14:53:35.584] [REI-ReloadPlugins/INFO] [REI/]: [REI]  - (0.00) JEI Plugin [GeneratorsJEI:mekanismgenerators:jei_plugin] of REI Plugin Compatibilities Adapter [rei_plugin_compatibilities, jei]
[12Aug2024 14:53:35.584] [REI-ReloadPlugins/INFO] [REI/]: [REI]  - (0.00) JEI Plugin [MekanismJEI:mekanism:jei_plugin] of REI Plugin Compatibilities Adapter [rei_plugin_compatibilities, jei]
[12Aug2024 14:53:35.584] [REI-ReloadPlugins/INFO] [REI/]: [REI]  - (0.00) JEI Plugin [CuriosJeiPlugin:curios:curios] of REI Plugin Compatibilities Adapter [rei_plugin_compatibilities, jei]
[12Aug2024 14:53:35.584] [REI-ReloadPlugins/INFO] [REI/]: [REI]  - (0.00) JEI Plugin [JEIPlugin:minecraft:domum_ornamentum] of REI Plugin Compatibilities Adapter [rei_plugin_compatibilities, jei]
[12Aug2024 14:53:35.584] [REI-ReloadPlugins/INFO] [REI/]: [REI]  - (0.00) JEI Plugin [JEIBotaniaPlugin:botania:main] of REI Plugin Compatibilities Adapter [rei_plugin_compatibilities, jei]
[12Aug2024 14:53:35.584] [REI-ReloadPlugins/INFO] [REI/]: [REI]  - (0.00) JEI Plugin [JEIPlugin:ae2:core] of REI Plugin Compatibilities Adapter [rei_plugin_compatibilities, jei]
[12Aug2024 14:53:35.584] [REI-ReloadPlugins/INFO] [REI/]: [REI]  - (0.00) JEI Plugin [JEICompat:jade:main] of REI Plugin Compatibilities Adapter [rei_plugin_compatibilities, jei]
[12Aug2024 14:53:35.584] [REI-ReloadPlugins/INFO] [REI/]: [REI]  - (0.00) JEI Plugin [JEIHelper:immersiveengineering:main] of REI Plugin Compatibilities Adapter [rei_plugin_compatibilities, jei]
[12Aug2024 14:53:35.584] [REI-ReloadPlugins/INFO] [REI/]: [REI]  - (0.00) JEI Plugin [TitaniumJEIPlugin:titanium:default] of REI Plugin Compatibilities Adapter [rei_plugin_compatibilities, jei]
[12Aug2024 14:53:35.584] [REI-ReloadPlugins/INFO] [REI/]: [REI]  - (0.00) JEI Plugin [AlexsCavesPlugin:alexscaves:alexscaves] of REI Plugin Compatibilities Adapter [rei_plugin_compatibilities, jei]
[12Aug2024 14:53:35.586] [REI-ReloadPlugins/INFO] [REI/]: [REI]  - (0.00) JEI Plugin [JeiModPlugin:jeimultiblocks:plugin] of REI Plugin Compatibilities Adapter [rei_plugin_compatibilities, jei]
[12Aug2024 14:53:35.586] [REI-ReloadPlugins/INFO] [REI/]: [REI]  - (0.00) JEI Plugin [BloodMagicJEIPlugin:bloodmagic:jei_plugin] of REI Plugin Compatibilities Adapter [rei_plugin_compatibilities, jei]
[12Aug2024 14:53:35.586] [Server thread/WARN] [net.minecraft.server.MinecraftServer/]: Can't keep up! Is the server overloaded? Running 2223ms or 44 ticks behind
[12Aug2024 14:53:35.586] [REI-ReloadPlugins/INFO] [REI/]: [REI]  - (0.00) JEI Plugin [BfrJEI:bfr:jei_plugin] of REI Plugin Compatibilities Adapter [rei_plugin_compatibilities, jei]
[12Aug2024 14:53:35.586] [REI-ReloadPlugins/INFO] [REI/]: [REI]  - (0.00) JEI Plugin [JEIPlugin:pneumaticcraft:default] of REI Plugin Compatibilities Adapter [rei_plugin_compatibilities, jei]
[12Aug2024 14:53:35.586] [REI-ReloadPlugins/INFO] [REI/]: [REI]  - (0.00) JEI Plugin [JEIRuntimeCapturer:modernfix:capturer] of REI Plugin Compatibilities Adapter [rei_plugin_compatibilities, jei]
[12Aug2024 14:53:35.586] [REI-ReloadPlugins/INFO] [REI/]: [REI]  - (0.00) JEI Plugin [CBCJEI:createbigcannons:jei_plugin] of REI Plugin Compatibilities Adapter [rei_plugin_compatibilities, jei]
[12Aug2024 14:53:35.586] [REI-ReloadPlugins/INFO] [REI/]: [REI]  - (0.00) ReiIsDumbClientPlugin of ReiIsDumbClientPlugin [ad_astra]
[12Aug2024 14:53:35.586] [REI-ReloadPlugins/INFO] [REI/]: [REI]  - (0.00) REI Plugin Compatibilities Client Handler of REI Plugin Compatibilities Client Handler [rei_plugin_compatibilities, jei]
[12Aug2024 14:53:35.586] [REI-ReloadPlugins/INFO] [REI/]: [REI]  - (0.00) AE2 of AE2 [ae2]
[12Aug2024 14:53:35.586] [REI-ReloadPlugins/INFO] [REI/]: [REI]  - (10000000.00) REIForgePluginStub of REIForgePluginStub [kubejs]
[12Aug2024 14:53:35.586] [REI-ReloadPlugins/INFO] [REI/]: [REI] ########################################
[12Aug2024 14:53:35.604] [REI-ReloadPlugins/INFO] [REI/]: [REI] ########################################
[12Aug2024 14:53:35.604] [REI-ReloadPlugins/INFO] [REI/]: [REI] REIClientPlugin starting main-reload for START.
[12Aug2024 14:53:35.606] [REI-ReloadPlugins/INFO] [REI/]: [REI] Plugins (36):
[12Aug2024 14:53:35.606] [REI-ReloadPlugins/INFO] [REI/]: [REI]  - (-100.00) DefaultClientPluginImpl of DefaultClientPluginImpl [roughlyenoughitems]
[12Aug2024 14:53:35.606] [REI-ReloadPlugins/INFO] [REI/]: [REI]  - (0.00) JEI Plugin [AdAstraJeiPlugin:ad_astra:jei] of REI Plugin Compatibilities Adapter [rei_plugin_compatibilities, jei]
[12Aug2024 14:53:35.606] [REI-ReloadPlugins/INFO] [REI/]: [REI]  - (0.00) JEI Plugin [CreateAdditionJEI:createaddition:jei_plugin] of REI Plugin Compatibilities Adapter [rei_plugin_compatibilities, jei]
[12Aug2024 14:53:35.606] [REI-ReloadPlugins/INFO] [REI/]: [REI]  - (0.00) JEI Plugin [DEJEIPlugin:draconicevolution:jei_plugin] of REI Plugin Compatibilities Adapter [rei_plugin_compatibilities, jei]
[12Aug2024 14:53:35.606] [REI-ReloadPlugins/INFO] [REI/]: [REI]  - (0.00) JEI Plugin [BCJEIPlugin:brandonscore:jei_plugin] of REI Plugin Compatibilities Adapter [rei_plugin_compatibilities, jei]
[12Aug2024 14:53:35.606] [REI-ReloadPlugins/INFO] [REI/]: [REI]  - (0.00) JEI Plugin [JEIPlugin:codechickenlib:jei_plugin] of REI Plugin Compatibilities Adapter [rei_plugin_compatibilities, jei]
[12Aug2024 14:53:35.606] [REI-ReloadPlugins/INFO] [REI/]: [REI]  - (0.00) JEI Plugin [Plugin:refurbished_furniture:plugin] of REI Plugin Compatibilities Adapter [rei_plugin_compatibilities, jei]
[12Aug2024 14:53:35.606] [REI-ReloadPlugins/INFO] [REI/]: [REI]  - (0.00) JEI Plugin [JEIPlugin:functionalstorage:main] of REI Plugin Compatibilities Adapter [rei_plugin_compatibilities, jei]
[12Aug2024 14:53:35.606] [REI-ReloadPlugins/INFO] [REI/]: [REI]  - (0.00) JEI Plugin [JEIComputerCraft:computercraft:jei] of REI Plugin Compatibilities Adapter [rei_plugin_compatibilities, jei]
[12Aug2024 14:53:35.606] [REI-ReloadPlugins/INFO] [REI/]: [REI]  - (0.00) JEI Plugin [JEIPlugin:kubejs:jei] of REI Plugin Compatibilities Adapter [rei_plugin_compatibilities, jei]
[12Aug2024 14:53:35.606] [REI-ReloadPlugins/INFO] [REI/]: [REI]  - (0.00) JEI Plugin [JEIPlugin:minecraft:minecolonies] of REI Plugin Compatibilities Adapter [rei_plugin_compatibilities, jei]
[12Aug2024 14:53:35.606] [REI-ReloadPlugins/INFO] [REI/]: [REI]  - (0.00) JEI Plugin [ABJEIPlugin:appbot:main] of REI Plugin Compatibilities Adapter [rei_plugin_compatibilities, jei]
[12Aug2024 14:53:35.606] [REI-ReloadPlugins/INFO] [REI/]: [REI]  - (0.00) JEI Plugin [PatchouliJeiPlugin:patchouli:patchouli] of REI Plugin Compatibilities Adapter [rei_plugin_compatibilities, jei]
[12Aug2024 14:53:35.606] [REI-ReloadPlugins/INFO] [REI/]: [REI]  - (0.00) JEI Plugin [CreateJEI:create:jei_plugin] of REI Plugin Compatibilities Adapter [rei_plugin_compatibilities, jei]
[12Aug2024 14:53:35.606] [REI-ReloadPlugins/INFO] [REI/]: [REI]  - (0.00) JEI Plugin [GeneratorsJEI:mekanismgenerators:jei_plugin] of REI Plugin Compatibilities Adapter [rei_plugin_compatibilities, jei]
[12Aug2024 14:53:35.607] [REI-ReloadPlugins/INFO] [REI/]: [REI]  - (0.00) JEI Plugin [MekanismJEI:mekanism:jei_plugin] of REI Plugin Compatibilities Adapter [rei_plugin_compatibilities, jei]
[12Aug2024 14:53:35.607] [REI-ReloadPlugins/INFO] [REI/]: [REI]  - (0.00) JEI Plugin [CuriosJeiPlugin:curios:curios] of REI Plugin Compatibilities Adapter [rei_plugin_compatibilities, jei]
[12Aug2024 14:53:35.607] [REI-ReloadPlugins/INFO] [REI/]: [REI]  - (0.00) JEI Plugin [JEIPlugin:minecraft:domum_ornamentum] of REI Plugin Compatibilities Adapter [rei_plugin_compatibilities, jei]
[12Aug2024 14:53:35.607] [REI-ReloadPlugins/INFO] [REI/]: [REI]  - (0.00) JEI Plugin [JEIBotaniaPlugin:botania:main] of REI Plugin Compatibilities Adapter [rei_plugin_compatibilities, jei]
[12Aug2024 14:53:35.607] [REI-ReloadPlugins/INFO] [REI/]: [REI]  - (0.00) JEI Plugin [JEIPlugin:ae2:core] of REI Plugin Compatibilities Adapter [rei_plugin_compatibilities, jei]
[12Aug2024 14:53:35.607] [REI-ReloadPlugins/INFO] [REI/]: [REI]  - (0.00) JEI Plugin [JEICompat:jade:main] of REI Plugin Compatibilities Adapter [rei_plugin_compatibilities, jei]
[12Aug2024 14:53:35.607] [REI-ReloadPlugins/INFO] [REI/]: [REI]  - (0.00) JEI Plugin [JEIHelper:immersiveengineering:main] of REI Plugin Compatibilities Adapter [rei_plugin_compatibilities, jei]
[12Aug2024 14:53:35.607] [REI-ReloadPlugins/INFO] [REI/]: [REI]  - (0.00) JEI Plugin [TitaniumJEIPlugin:titanium:default] of REI Plugin Compatibilities Adapter [rei_plugin_compatibilities, jei]
[12Aug2024 14:53:35.607] [REI-ReloadPlugins/INFO] [REI/]: [REI]  - (0.00) JEI Plugin [AlexsCavesPlugin:alexscaves:alexscaves] of REI Plugin Compatibilities Adapter [rei_plugin_compatibilities, jei]
[12Aug2024 14:53:35.607] [REI-ReloadPlugins/INFO] [REI/]: [REI]  - (0.00) JEI Plugin [JeiModPlugin:jeimultiblocks:plugin] of REI Plugin Compatibilities Adapter [rei_plugin_compatibilities, jei]
[12Aug2024 14:53:35.607] [REI-ReloadPlugins/INFO] [REI/]: [REI]  - (0.00) JEI Plugin [BloodMagicJEIPlugin:bloodmagic:jei_plugin] of REI Plugin Compatibilities Adapter [rei_plugin_compatibilities, jei]
[12Aug2024 14:53:35.607] [REI-ReloadPlugins/INFO] [REI/]: [REI]  - (0.00) JEI Plugin [BfrJEI:bfr:jei_plugin] of REI Plugin Compatibilities Adapter [rei_plugin_compatibilities, jei]
[12Aug2024 14:53:35.607] [REI-ReloadPlugins/INFO] [REI/]: [REI]  - (0.00) JEI Plugin [JEIPlugin:pneumaticcraft:default] of REI Plugin Compatibilities Adapter [rei_plugin_compatibilities, jei]
[12Aug2024 14:53:35.608] [REI-ReloadPlugins/INFO] [REI/]: [REI]  - (0.00) JEI Plugin [JEIRuntimeCapturer:modernfix:capturer] of REI Plugin Compatibilities Adapter [rei_plugin_compatibilities, jei]
[12Aug2024 14:53:35.608] [REI-ReloadPlugins/INFO] [REI/]: [REI]  - (0.00) JEI Plugin [CBCJEI:createbigcannons:jei_plugin] of REI Plugin Compatibilities Adapter [rei_plugin_compatibilities, jei]
[12Aug2024 14:53:35.608] [REI-ReloadPlugins/INFO] [REI/]: [REI]  - (0.00) ReiIsDumbClientPlugin of ReiIsDumbClientPlugin [ad_astra]
[12Aug2024 14:53:35.608] [REI-ReloadPlugins/INFO] [REI/]: [REI]  - (0.00) REI Plugin Compatibilities Client Handler of REI Plugin Compatibilities Client Handler [rei_plugin_compatibilities, jei]
[12Aug2024 14:53:35.608] [REI-ReloadPlugins/INFO] [REI/]: [REI]  - (0.00) AE2 of AE2 [ae2]
[12Aug2024 14:53:35.608] [REI-ReloadPlugins/INFO] [REI/]: [REI]  - (0.00) HideIngredientsFromTagsPlugin of HideIngredientsFromTagsPlugin [roughlyenoughitems]
[12Aug2024 14:53:35.608] [REI-ReloadPlugins/INFO] [REI/]: [REI]  - (0.00) DefaultClientRuntimePlugin of DefaultClientRuntimePlugin [roughlyenoughitems]
[12Aug2024 14:53:35.608] [REI-ReloadPlugins/INFO] [REI/]: [REI]  - (10000000.00) REIForgePluginStub of REIForgePluginStub [kubejs]
[12Aug2024 14:53:35.608] [REI-ReloadPlugins/INFO] [REI/]: [REI] ########################################
[12Aug2024 14:53:35.609] [Server thread/INFO] [net.minecraft.server.MinecraftServer/]: KubeJS errors found [1]! Run '/kubejs errors server' for more info
[12Aug2024 14:53:35.609] [Server thread/INFO] [KubeJS Server/]: Server resource reload complete!
[12Aug2024 14:53:35.627] [Render thread/WARN] [REI/]: [REI] Suppressing Reload Plugins of stage START
[12Aug2024 14:53:35.642] [Render thread/WARN] [net.minecraft.client.ClientRecipeBook/]: Unknown recipe category: ae2:charger/ae2:charger/charged_certus_quartz_crystal
[12Aug2024 14:53:35.653] [Render thread/WARN] [net.minecraft.client.ClientRecipeBook/]: Unknown recipe category: ae2:charger/ae2:charger/meteorite_compass
[12Aug2024 14:53:35.696] [Render thread/WARN] [net.minecraft.client.ClientRecipeBook/]: Unknown recipe category: ae2:charger/ae2:charger/guide
[12Aug2024 14:53:35.717] [Render thread/INFO] [net.minecraft.advancements.AdvancementList/]: Loaded 27 advancements
[12Aug2024 14:53:35.718] [Render thread/INFO] [net.minecraft.client.gui.components.ChatComponent/]: [System] [CHAT] KubeJS errors found [1]! Run '/kubejs errors server' for more info
[12Aug2024 14:53:36.904] [REI-ReloadPlugins/INFO] [REI/]: [REI] ~~~~~~~~~~~~~~~~~~~~~~~~~~~~~~~~~~~~~~~~
[12Aug2024 14:53:36.904] [REI-ReloadPlugins/INFO] [REI/]: [REI] REIServerPlugin starting main-reload for START.
[12Aug2024 14:53:36.904] [REI-ReloadPlugins/INFO] [REI/]: [REI] Plugins (2):
[12Aug2024 14:53:36.904] [REI-ReloadPlugins/INFO] [REI/]: [REI]  - (-100.00) DefaultPluginImpl of DefaultPluginImpl [roughlyenoughitems]
[12Aug2024 14:53:36.904] [REI-ReloadPlugins/INFO] [REI/]: [REI]  - (0.00) DefaultRuntimePlugin of DefaultRuntimePlugin [roughlyenoughitems]
[12Aug2024 14:53:36.904] [REI-ReloadPlugins/INFO] [REI/]: [REI] ~~~~~~~~~~~~~~~~~~~~~~~~~~~~~~~~~~~~~~~~
[12Aug2024 14:53:36.908] [REI-ReloadPlugins/INFO] [REI/]: [REI] REIPlugin finished post-reload for START in 2.113 ms, totaling 27.21 ms.
[12Aug2024 14:53:36.913] [REI-ReloadPlugins/INFO] [REI/]: [REI] REIClientPlugin finished post-reload for START in 2.164 ms, totaling 1.304 s.
[12Aug2024 14:53:36.913] [REI-ReloadPlugins/INFO] [REI/]: [REI] REIServerPlugin finished post-reload for START in 229.7 ?s, totaling 2.053 ms.
[12Aug2024 14:53:36.924] [REI-ReloadPlugins/INFO] [REI/]: [REI] ########################################
[12Aug2024 14:53:36.924] [REI-ReloadPlugins/INFO] [REI/]: [REI] REIPlugin starting main-reload for END.
[12Aug2024 14:53:36.924] [REI-ReloadPlugins/INFO] [REI/]: [REI] Plugins (38):
[12Aug2024 14:53:36.924] [REI-ReloadPlugins/INFO] [REI/]: [REI]  - (-100.00) DefaultClientPluginImpl of DefaultClientPluginImpl [roughlyenoughitems]
[12Aug2024 14:53:36.924] [REI-ReloadPlugins/INFO] [REI/]: [REI]  - (-100.00) DefaultPluginImpl of DefaultPluginImpl [roughlyenoughitems]
[12Aug2024 14:53:36.924] [REI-ReloadPlugins/INFO] [REI/]: [REI]  - (0.00) HideIngredientsFromTagsPlugin of HideIngredientsFromTagsPlugin [roughlyenoughitems]
[12Aug2024 14:53:36.924] [REI-ReloadPlugins/INFO] [REI/]: [REI]  - (0.00) DefaultClientRuntimePlugin of DefaultClientRuntimePlugin [roughlyenoughitems]
[12Aug2024 14:53:36.925] [REI-ReloadPlugins/INFO] [REI/]: [REI]  - (0.00) DefaultRuntimePlugin of DefaultRuntimePlugin [roughlyenoughitems]
[12Aug2024 14:53:36.925] [REI-ReloadPlugins/INFO] [REI/]: [REI]  - (0.00) JEI Plugin [AdAstraJeiPlugin:ad_astra:jei] of REI Plugin Compatibilities Adapter [rei_plugin_compatibilities, jei]
[12Aug2024 14:53:36.925] [REI-ReloadPlugins/INFO] [REI/]: [REI]  - (0.00) JEI Plugin [CreateAdditionJEI:createaddition:jei_plugin] of REI Plugin Compatibilities Adapter [rei_plugin_compatibilities, jei]
[12Aug2024 14:53:36.925] [REI-ReloadPlugins/INFO] [REI/]: [REI]  - (0.00) JEI Plugin [DEJEIPlugin:draconicevolution:jei_plugin] of REI Plugin Compatibilities Adapter [rei_plugin_compatibilities, jei]
[12Aug2024 14:53:36.925] [REI-ReloadPlugins/INFO] [REI/]: [REI]  - (0.00) JEI Plugin [BCJEIPlugin:brandonscore:jei_plugin] of REI Plugin Compatibilities Adapter [rei_plugin_compatibilities, jei]
[12Aug2024 14:53:36.925] [REI-ReloadPlugins/INFO] [REI/]: [REI]  - (0.00) JEI Plugin [JEIPlugin:codechickenlib:jei_plugin] of REI Plugin Compatibilities Adapter [rei_plugin_compatibilities, jei]
[12Aug2024 14:53:36.925] [REI-ReloadPlugins/INFO] [REI/]: [REI]  - (0.00) JEI Plugin [Plugin:refurbished_furniture:plugin] of REI Plugin Compatibilities Adapter [rei_plugin_compatibilities, jei]
[12Aug2024 14:53:36.925] [REI-ReloadPlugins/INFO] [REI/]: [REI]  - (0.00) JEI Plugin [JEIPlugin:functionalstorage:main] of REI Plugin Compatibilities Adapter [rei_plugin_compatibilities, jei]
[12Aug2024 14:53:36.925] [REI-ReloadPlugins/INFO] [REI/]: [REI]  - (0.00) JEI Plugin [JEIComputerCraft:computercraft:jei] of REI Plugin Compatibilities Adapter [rei_plugin_compatibilities, jei]
[12Aug2024 14:53:36.925] [REI-ReloadPlugins/INFO] [REI/]: [REI]  - (0.00) JEI Plugin [JEIPlugin:kubejs:jei] of REI Plugin Compatibilities Adapter [rei_plugin_compatibilities, jei]
[12Aug2024 14:53:36.925] [REI-ReloadPlugins/INFO] [REI/]: [REI]  - (0.00) JEI Plugin [JEIPlugin:minecraft:minecolonies] of REI Plugin Compatibilities Adapter [rei_plugin_compatibilities, jei]
[12Aug2024 14:53:36.925] [REI-ReloadPlugins/INFO] [REI/]: [REI]  - (0.00) JEI Plugin [ABJEIPlugin:appbot:main] of REI Plugin Compatibilities Adapter [rei_plugin_compatibilities, jei]
[12Aug2024 14:53:36.925] [REI-ReloadPlugins/INFO] [REI/]: [REI]  - (0.00) JEI Plugin [PatchouliJeiPlugin:patchouli:patchouli] of REI Plugin Compatibilities Adapter [rei_plugin_compatibilities, jei]
[12Aug2024 14:53:36.926] [REI-ReloadPlugins/INFO] [REI/]: [REI]  - (0.00) JEI Plugin [CreateJEI:create:jei_plugin] of REI Plugin Compatibilities Adapter [rei_plugin_compatibilities, jei]
[12Aug2024 14:53:36.926] [REI-ReloadPlugins/INFO] [REI/]: [REI]  - (0.00) JEI Plugin [GeneratorsJEI:mekanismgenerators:jei_plugin] of REI Plugin Compatibilities Adapter [rei_plugin_compatibilities, jei]
[12Aug2024 14:53:36.926] [REI-ReloadPlugins/INFO] [REI/]: [REI]  - (0.00) JEI Plugin [MekanismJEI:mekanism:jei_plugin] of REI Plugin Compatibilities Adapter [rei_plugin_compatibilities, jei]
[12Aug2024 14:53:36.926] [REI-ReloadPlugins/INFO] [REI/]: [REI]  - (0.00) JEI Plugin [CuriosJeiPlugin:curios:curios] of REI Plugin Compatibilities Adapter [rei_plugin_compatibilities, jei]
[12Aug2024 14:53:36.926] [REI-ReloadPlugins/INFO] [REI/]: [REI]  - (0.00) JEI Plugin [JEIPlugin:minecraft:domum_ornamentum] of REI Plugin Compatibilities Adapter [rei_plugin_compatibilities, jei]
[12Aug2024 14:53:36.926] [REI-ReloadPlugins/INFO] [REI/]: [REI]  - (0.00) JEI Plugin [JEIBotaniaPlugin:botania:main] of REI Plugin Compatibilities Adapter [rei_plugin_compatibilities, jei]
[12Aug2024 14:53:36.926] [REI-ReloadPlugins/INFO] [REI/]: [REI]  - (0.00) JEI Plugin [JEIPlugin:ae2:core] of REI Plugin Compatibilities Adapter [rei_plugin_compatibilities, jei]
[12Aug2024 14:53:36.926] [REI-ReloadPlugins/INFO] [REI/]: [REI]  - (0.00) JEI Plugin [JEICompat:jade:main] of REI Plugin Compatibilities Adapter [rei_plugin_compatibilities, jei]
[12Aug2024 14:53:36.926] [REI-ReloadPlugins/INFO] [REI/]: [REI]  - (0.00) JEI Plugin [JEIHelper:immersiveengineering:main] of REI Plugin Compatibilities Adapter [rei_plugin_compatibilities, jei]
[12Aug2024 14:53:36.926] [REI-ReloadPlugins/INFO] [REI/]: [REI]  - (0.00) JEI Plugin [TitaniumJEIPlugin:titanium:default] of REI Plugin Compatibilities Adapter [rei_plugin_compatibilities, jei]
[12Aug2024 14:53:36.926] [REI-ReloadPlugins/INFO] [REI/]: [REI]  - (0.00) JEI Plugin [AlexsCavesPlugin:alexscaves:alexscaves] of REI Plugin Compatibilities Adapter [rei_plugin_compatibilities, jei]
[12Aug2024 14:53:36.926] [REI-ReloadPlugins/INFO] [REI/]: [REI]  - (0.00) JEI Plugin [JeiModPlugin:jeimultiblocks:plugin] of REI Plugin Compatibilities Adapter [rei_plugin_compatibilities, jei]
[12Aug2024 14:53:36.926] [REI-ReloadPlugins/INFO] [REI/]: [REI]  - (0.00) JEI Plugin [BloodMagicJEIPlugin:bloodmagic:jei_plugin] of REI Plugin Compatibilities Adapter [rei_plugin_compatibilities, jei]
[12Aug2024 14:53:36.926] [REI-ReloadPlugins/INFO] [REI/]: [REI]  - (0.00) JEI Plugin [BfrJEI:bfr:jei_plugin] of REI Plugin Compatibilities Adapter [rei_plugin_compatibilities, jei]
[12Aug2024 14:53:36.927] [REI-ReloadPlugins/INFO] [REI/]: [REI]  - (0.00) JEI Plugin [JEIPlugin:pneumaticcraft:default] of REI Plugin Compatibilities Adapter [rei_plugin_compatibilities, jei]
[12Aug2024 14:53:36.927] [REI-ReloadPlugins/INFO] [REI/]: [REI]  - (0.00) JEI Plugin [JEIRuntimeCapturer:modernfix:capturer] of REI Plugin Compatibilities Adapter [rei_plugin_compatibilities, jei]
[12Aug2024 14:53:36.927] [REI-ReloadPlugins/INFO] [REI/]: [REI]  - (0.00) JEI Plugin [CBCJEI:createbigcannons:jei_plugin] of REI Plugin Compatibilities Adapter [rei_plugin_compatibilities, jei]
[12Aug2024 14:53:36.927] [REI-ReloadPlugins/INFO] [REI/]: [REI]  - (0.00) ReiIsDumbClientPlugin of ReiIsDumbClientPlugin [ad_astra]
[12Aug2024 14:53:36.927] [REI-ReloadPlugins/INFO] [REI/]: [REI]  - (0.00) REI Plugin Compatibilities Client Handler of REI Plugin Compatibilities Client Handler [rei_plugin_compatibilities, jei]
[12Aug2024 14:53:36.927] [REI-ReloadPlugins/INFO] [REI/]: [REI]  - (0.00) AE2 of AE2 [ae2]
[12Aug2024 14:53:36.927] [REI-ReloadPlugins/INFO] [REI/]: [REI]  - (10000000.00) REIForgePluginStub of REIForgePluginStub [kubejs]
[12Aug2024 14:53:36.927] [REI-ReloadPlugins/INFO] [REI/]: [REI] ########################################
[12Aug2024 14:53:36.942] [REI-ReloadPlugins/INFO] [REI/]: [REI] ----------------------------------------
[12Aug2024 14:53:36.942] [REI-ReloadPlugins/INFO] [REI/]: [REI] REIClientPlugin starting main-reload for END.
[12Aug2024 14:53:36.943] [REI-ReloadPlugins/INFO] [REI/]: [REI] Plugins (36):
[12Aug2024 14:53:36.943] [REI-ReloadPlugins/INFO] [REI/]: [REI]  - (-100.00) DefaultClientPluginImpl of DefaultClientPluginImpl [roughlyenoughitems]
[12Aug2024 14:53:36.943] [REI-ReloadPlugins/INFO] [REI/]: [REI]  - (0.00) JEI Plugin [AdAstraJeiPlugin:ad_astra:jei] of REI Plugin Compatibilities Adapter [rei_plugin_compatibilities, jei]
[12Aug2024 14:53:36.943] [REI-ReloadPlugins/INFO] [REI/]: [REI]  - (0.00) JEI Plugin [CreateAdditionJEI:createaddition:jei_plugin] of REI Plugin Compatibilities Adapter [rei_plugin_compatibilities, jei]
[12Aug2024 14:53:36.943] [REI-ReloadPlugins/INFO] [REI/]: [REI]  - (0.00) JEI Plugin [DEJEIPlugin:draconicevolution:jei_plugin] of REI Plugin Compatibilities Adapter [rei_plugin_compatibilities, jei]
[12Aug2024 14:53:36.943] [REI-ReloadPlugins/INFO] [REI/]: [REI]  - (0.00) JEI Plugin [BCJEIPlugin:brandonscore:jei_plugin] of REI Plugin Compatibilities Adapter [rei_plugin_compatibilities, jei]
[12Aug2024 14:53:36.943] [REI-ReloadPlugins/INFO] [REI/]: [REI]  - (0.00) JEI Plugin [JEIPlugin:codechickenlib:jei_plugin] of REI Plugin Compatibilities Adapter [rei_plugin_compatibilities, jei]
[12Aug2024 14:53:36.943] [REI-ReloadPlugins/INFO] [REI/]: [REI]  - (0.00) JEI Plugin [Plugin:refurbished_furniture:plugin] of REI Plugin Compatibilities Adapter [rei_plugin_compatibilities, jei]
[12Aug2024 14:53:36.943] [REI-ReloadPlugins/INFO] [REI/]: [REI]  - (0.00) JEI Plugin [JEIPlugin:functionalstorage:main] of REI Plugin Compatibilities Adapter [rei_plugin_compatibilities, jei]
[12Aug2024 14:53:36.943] [REI-ReloadPlugins/INFO] [REI/]: [REI]  - (0.00) JEI Plugin [JEIComputerCraft:computercraft:jei] of REI Plugin Compatibilities Adapter [rei_plugin_compatibilities, jei]
[12Aug2024 14:53:36.943] [REI-ReloadPlugins/INFO] [REI/]: [REI]  - (0.00) JEI Plugin [JEIPlugin:kubejs:jei] of REI Plugin Compatibilities Adapter [rei_plugin_compatibilities, jei]
[12Aug2024 14:53:36.943] [REI-ReloadPlugins/INFO] [REI/]: [REI]  - (0.00) JEI Plugin [JEIPlugin:minecraft:minecolonies] of REI Plugin Compatibilities Adapter [rei_plugin_compatibilities, jei]
[12Aug2024 14:53:36.944] [REI-ReloadPlugins/INFO] [REI/]: [REI]  - (0.00) JEI Plugin [ABJEIPlugin:appbot:main] of REI Plugin Compatibilities Adapter [rei_plugin_compatibilities, jei]
[12Aug2024 14:53:36.944] [REI-ReloadPlugins/INFO] [REI/]: [REI]  - (0.00) JEI Plugin [PatchouliJeiPlugin:patchouli:patchouli] of REI Plugin Compatibilities Adapter [rei_plugin_compatibilities, jei]
[12Aug2024 14:53:36.944] [REI-ReloadPlugins/INFO] [REI/]: [REI]  - (0.00) JEI Plugin [CreateJEI:create:jei_plugin] of REI Plugin Compatibilities Adapter [rei_plugin_compatibilities, jei]
[12Aug2024 14:53:36.944] [REI-ReloadPlugins/INFO] [REI/]: [REI]  - (0.00) JEI Plugin [GeneratorsJEI:mekanismgenerators:jei_plugin] of REI Plugin Compatibilities Adapter [rei_plugin_compatibilities, jei]
[12Aug2024 14:53:36.944] [REI-ReloadPlugins/INFO] [REI/]: [REI]  - (0.00) JEI Plugin [MekanismJEI:mekanism:jei_plugin] of REI Plugin Compatibilities Adapter [rei_plugin_compatibilities, jei]
[12Aug2024 14:53:36.944] [REI-ReloadPlugins/INFO] [REI/]: [REI]  - (0.00) JEI Plugin [CuriosJeiPlugin:curios:curios] of REI Plugin Compatibilities Adapter [rei_plugin_compatibilities, jei]
[12Aug2024 14:53:36.944] [REI-ReloadPlugins/INFO] [REI/]: [REI]  - (0.00) JEI Plugin [JEIPlugin:minecraft:domum_ornamentum] of REI Plugin Compatibilities Adapter [rei_plugin_compatibilities, jei]
[12Aug2024 14:53:36.944] [REI-ReloadPlugins/INFO] [REI/]: [REI]  - (0.00) JEI Plugin [JEIBotaniaPlugin:botania:main] of REI Plugin Compatibilities Adapter [rei_plugin_compatibilities, jei]
[12Aug2024 14:53:36.944] [REI-ReloadPlugins/INFO] [REI/]: [REI]  - (0.00) JEI Plugin [JEIPlugin:ae2:core] of REI Plugin Compatibilities Adapter [rei_plugin_compatibilities, jei]
[12Aug2024 14:53:36.944] [REI-ReloadPlugins/INFO] [REI/]: [REI]  - (0.00) JEI Plugin [JEICompat:jade:main] of REI Plugin Compatibilities Adapter [rei_plugin_compatibilities, jei]
[12Aug2024 14:53:36.944] [REI-ReloadPlugins/INFO] [REI/]: [REI]  - (0.00) JEI Plugin [JEIHelper:immersiveengineering:main] of REI Plugin Compatibilities Adapter [rei_plugin_compatibilities, jei]
[12Aug2024 14:53:36.944] [REI-ReloadPlugins/INFO] [REI/]: [REI]  - (0.00) JEI Plugin [TitaniumJEIPlugin:titanium:default] of REI Plugin Compatibilities Adapter [rei_plugin_compatibilities, jei]
[12Aug2024 14:53:36.945] [REI-ReloadPlugins/INFO] [REI/]: [REI]  - (0.00) JEI Plugin [AlexsCavesPlugin:alexscaves:alexscaves] of REI Plugin Compatibilities Adapter [rei_plugin_compatibilities, jei]
[12Aug2024 14:53:36.945] [REI-ReloadPlugins/INFO] [REI/]: [REI]  - (0.00) JEI Plugin [JeiModPlugin:jeimultiblocks:plugin] of REI Plugin Compatibilities Adapter [rei_plugin_compatibilities, jei]
[12Aug2024 14:53:36.945] [REI-ReloadPlugins/INFO] [REI/]: [REI]  - (0.00) JEI Plugin [BloodMagicJEIPlugin:bloodmagic:jei_plugin] of REI Plugin Compatibilities Adapter [rei_plugin_compatibilities, jei]
[12Aug2024 14:53:36.946] [REI-ReloadPlugins/INFO] [REI/]: [REI]  - (0.00) JEI Plugin [BfrJEI:bfr:jei_plugin] of REI Plugin Compatibilities Adapter [rei_plugin_compatibilities, jei]
[12Aug2024 14:53:36.946] [REI-ReloadPlugins/INFO] [REI/]: [REI]  - (0.00) JEI Plugin [JEIPlugin:pneumaticcraft:default] of REI Plugin Compatibilities Adapter [rei_plugin_compatibilities, jei]
[12Aug2024 14:53:36.946] [REI-ReloadPlugins/INFO] [REI/]: [REI]  - (0.00) JEI Plugin [JEIRuntimeCapturer:modernfix:capturer] of REI Plugin Compatibilities Adapter [rei_plugin_compatibilities, jei]
[12Aug2024 14:53:36.946] [REI-ReloadPlugins/INFO] [REI/]: [REI]  - (0.00) JEI Plugin [CBCJEI:createbigcannons:jei_plugin] of REI Plugin Compatibilities Adapter [rei_plugin_compatibilities, jei]
[12Aug2024 14:53:36.946] [REI-ReloadPlugins/INFO] [REI/]: [REI]  - (0.00) ReiIsDumbClientPlugin of ReiIsDumbClientPlugin [ad_astra]
[12Aug2024 14:53:36.946] [REI-ReloadPlugins/INFO] [REI/]: [REI]  - (0.00) REI Plugin Compatibilities Client Handler of REI Plugin Compatibilities Client Handler [rei_plugin_compatibilities, jei]
[12Aug2024 14:53:36.946] [REI-ReloadPlugins/INFO] [REI/]: [REI]  - (0.00) AE2 of AE2 [ae2]
[12Aug2024 14:53:36.946] [REI-ReloadPlugins/INFO] [REI/]: [REI]  - (0.00) HideIngredientsFromTagsPlugin of HideIngredientsFromTagsPlugin [roughlyenoughitems]
[12Aug2024 14:53:36.946] [REI-ReloadPlugins/INFO] [REI/]: [REI]  - (0.00) DefaultClientRuntimePlugin of DefaultClientRuntimePlugin [roughlyenoughitems]
[12Aug2024 14:53:36.946] [REI-ReloadPlugins/INFO] [REI/]: [REI]  - (10000000.00) REIForgePluginStub of REIForgePluginStub [kubejs]
[12Aug2024 14:53:36.946] [REI-ReloadPlugins/INFO] [REI/]: [REI] ----------------------------------------
[12Aug2024 14:53:38.724] [REI-ReloadPlugins/INFO] [immersiveengineering/]: Adding recipes to JEI!!
[12Aug2024 14:53:38.784] [REI-ReloadPlugins/INFO] [immersiveengineering/]: Recipes for potions: minecraft:turtle_master, minecraft:poison, alexscaves:glowing, minecraft:long_weakness, minecraft:long_fire_resistance, alexscaves:strong_haste, minecraft:slow_falling, minecraft:long_poison, alexscaves:long_magnetizing, biomemakeover:nocturnal_pot, minecraft:strong_regeneration, minecraft:leaping, minecraft:long_water_breathing, minecraft:long_night_vision, minecraft:strong_slowness, minecraft:long_slowness, minecraft:healing, minecraft:strength, minecraft:slowness, minecraft:long_slow_falling, minecraft:night_vision, biomemakeover:long_nocturnal_pot, minecraft:strong_harming, minecraft:water_breathing, alexscaves:magnetizing, minecraft:strong_healing, minecraft:strong_turtle_master, minecraft:weakness, alexscaves:long_haste, minecraft:fire_resistance, minecraft:regeneration, minecraft:water, minecraft:long_strength, minecraft:harming, alexscaves:long_glowing, minecraft:strong_poison, minecraft:strong_strength, minecraft:strong_swiftness, alexscaves:long_deepsight, minecraft:strong_leaping, minecraft:awkward, minecraft:long_invisibility, minecraft:long_turtle_master, alexscaves:deepsight, minecraft:long_swiftness, minecraft:long_leaping, biomemakeover:actidote_pot, minecraft:swiftness, minecraft:invisibility, alexscaves:haste, minecraft:long_regeneration
[12Aug2024 14:53:39.866] [REI-ReloadPlugins/INFO] [REI/]: [REI] @@@@@@@@@@@@@@@@@@@@@@@@@@@@@@@@@@@@@@@@
[12Aug2024 14:53:39.866] [REI-ReloadPlugins/INFO] [REI/]: [REI] REIServerPlugin starting main-reload for END.
[12Aug2024 14:53:39.866] [REI-ReloadPlugins/INFO] [REI/]: [REI] Plugins (2):
[12Aug2024 14:53:39.867] [REI-ReloadPlugins/INFO] [REI/]: [REI]  - (-100.00) DefaultPluginImpl of DefaultPluginImpl [roughlyenoughitems]
[12Aug2024 14:53:39.867] [REI-ReloadPlugins/INFO] [REI/]: [REI]  - (0.00) DefaultRuntimePlugin of DefaultRuntimePlugin [roughlyenoughitems]
[12Aug2024 14:53:39.867] [REI-ReloadPlugins/INFO] [REI/]: [REI] @@@@@@@@@@@@@@@@@@@@@@@@@@@@@@@@@@@@@@@@
[12Aug2024 14:53:39.872] [REI-ReloadPlugins/INFO] [REI/]: [REI] REIPlugin finished post-reload for END in 2.359 ms, totaling 24.07 ms.
[12Aug2024 14:53:39.874] [REI-ReloadPlugins/ERROR] [REI/]: [REI] Display [ad_astra:compressing/calorite_plate_from_compressing_calorite_blocks] me.shedaniel.rei.jeicompat.wrap.JEIWrappedDisplay@2eae6f09 failed validation check for category [ad_astra:compressing] earth.terrarium.adastra.common.compat.rei.categories.CompressingCategory@34b4f0d8
[12Aug2024 14:53:39.874] [REI-ReloadPlugins/ERROR] [REI/]: [REI] Display [ad_astra:compressing/iron_plate_from_compressing_iron_ingot] me.shedaniel.rei.jeicompat.wrap.JEIWrappedDisplay@78010aba failed validation check for category [ad_astra:compressing] earth.terrarium.adastra.common.compat.rei.categories.CompressingCategory@34b4f0d8
[12Aug2024 14:53:39.874] [REI-ReloadPlugins/ERROR] [REI/]: [REI] Display [ad_astra:compressing/ostrum_plate_from_compressing_ostrum_blocks] me.shedaniel.rei.jeicompat.wrap.JEIWrappedDisplay@6f8c2d72 failed validation check for category [ad_astra:compressing] earth.terrarium.adastra.common.compat.rei.categories.CompressingCategory@34b4f0d8
[12Aug2024 14:53:39.874] [REI-ReloadPlugins/ERROR] [REI/]: [REI] Display [ad_astra:compressing/steel_plate_from_compressing_steel_blocks] me.shedaniel.rei.jeicompat.wrap.JEIWrappedDisplay@170f06b failed validation check for category [ad_astra:compressing] earth.terrarium.adastra.common.compat.rei.categories.CompressingCategory@34b4f0d8
[12Aug2024 14:53:39.874] [REI-ReloadPlugins/ERROR] [REI/]: [REI] Display [ad_astra:compressing/desh_plate_from_compressing_desh_blocks] me.shedaniel.rei.jeicompat.wrap.JEIWrappedDisplay@6cfaaf74 failed validation check for category [ad_astra:compressing] earth.terrarium.adastra.common.compat.rei.categories.CompressingCategory@34b4f0d8
[12Aug2024 14:53:39.874] [REI-ReloadPlugins/ERROR] [REI/]: [REI] Display [ad_astra:compressing/calorite_plate_from_compressing_calorite_ingots] me.shedaniel.rei.jeicompat.wrap.JEIWrappedDisplay@1b3ee987 failed validation check for category [ad_astra:compressing] earth.terrarium.adastra.common.compat.rei.categories.CompressingCategory@34b4f0d8
[12Aug2024 14:53:39.874] [REI-ReloadPlugins/ERROR] [REI/]: [REI] Display [ad_astra:compressing/desh_plate_from_compressing_desh_ingots] me.shedaniel.rei.jeicompat.wrap.JEIWrappedDisplay@19e31a22 failed validation check for category [ad_astra:compressing] earth.terrarium.adastra.common.compat.rei.categories.CompressingCategory@34b4f0d8
[12Aug2024 14:53:39.875] [REI-ReloadPlugins/ERROR] [REI/]: [REI] Display [ad_astra:compressing/steel_plate_from_compressing_steel_ingots] me.shedaniel.rei.jeicompat.wrap.JEIWrappedDisplay@7b7ec64c failed validation check for category [ad_astra:compressing] earth.terrarium.adastra.common.compat.rei.categories.CompressingCategory@34b4f0d8
[12Aug2024 14:53:39.875] [REI-ReloadPlugins/ERROR] [REI/]: [REI] Display [ad_astra:compressing/ostrum_plate_from_compressing_ostrum_ingots] me.shedaniel.rei.jeicompat.wrap.JEIWrappedDisplay@77f78555 failed validation check for category [ad_astra:compressing] earth.terrarium.adastra.common.compat.rei.categories.CompressingCategory@34b4f0d8
[12Aug2024 14:53:39.875] [REI-ReloadPlugins/ERROR] [REI/]: [REI] Display [ad_astra:compressing/iron_plate_from_compressing_iron_block] me.shedaniel.rei.jeicompat.wrap.JEIWrappedDisplay@58f48182 failed validation check for category [ad_astra:compressing] earth.terrarium.adastra.common.compat.rei.categories.CompressingCategory@34b4f0d8
[12Aug2024 14:53:39.875] [REI-ReloadPlugins/ERROR] [REI/]: [REI] Display [ad_astra:alloying/steel_ingot_from_alloying_iron_ingot_and_coals] me.shedaniel.rei.jeicompat.wrap.JEIWrappedDisplay@53b6f7d failed validation check for category [ad_astra:alloying] earth.terrarium.adastra.common.compat.rei.categories.AlloyingCategory@793f06c9
[12Aug2024 14:53:39.875] [REI-ReloadPlugins/ERROR] [REI/]: [REI] Display [ad_astra:oxygen_loading/oxygen_from_oxygen_loading_oxygen] me.shedaniel.rei.jeicompat.wrap.JEIWrappedDisplay@440d7ac4 failed validation check for category [ad_astra:oxygen_loading] earth.terrarium.adastra.common.compat.rei.categories.OxygenLoadingCategory@450525c2
[12Aug2024 14:53:39.876] [REI-ReloadPlugins/ERROR] [REI/]: [REI] Display [ad_astra:oxygen_loading/oxygen_from_oxygen_loading_water] me.shedaniel.rei.jeicompat.wrap.JEIWrappedDisplay@4784dc14 failed validation check for category [ad_astra:oxygen_loading] earth.terrarium.adastra.common.compat.rei.categories.OxygenLoadingCategory@450525c2
[12Aug2024 14:53:39.876] [REI-ReloadPlugins/ERROR] [REI/]: [REI] Display [ad_astra:cryo_freezing/cryo_fuel_from_cryo_freezing_packed_ice] me.shedaniel.rei.jeicompat.wrap.JEIWrappedDisplay@4527db72 failed validation check for category [ad_astra:cryo_freezing] earth.terrarium.adastra.common.compat.rei.categories.CryoFreezingCategory@6a39875f
[12Aug2024 14:53:39.876] [REI-ReloadPlugins/ERROR] [REI/]: [REI] Display [ad_astra:cryo_freezing/cryo_fuel_from_cryo_freezing_blue_ice] me.shedaniel.rei.jeicompat.wrap.JEIWrappedDisplay@58a0bf38 failed validation check for category [ad_astra:cryo_freezing] earth.terrarium.adastra.common.compat.rei.categories.CryoFreezingCategory@6a39875f
[12Aug2024 14:53:39.877] [REI-ReloadPlugins/ERROR] [REI/]: [REI] Display [ad_astra:cryo_freezing/cryo_fuel_from_cryo_freezing_ice_shard] me.shedaniel.rei.jeicompat.wrap.JEIWrappedDisplay@475a0d3b failed validation check for category [ad_astra:cryo_freezing] earth.terrarium.adastra.common.compat.rei.categories.CryoFreezingCategory@6a39875f
[12Aug2024 14:53:39.877] [REI-ReloadPlugins/ERROR] [REI/]: [REI] Display [ad_astra:cryo_freezing/cryo_fuel_from_cryo_freezing_ice] me.shedaniel.rei.jeicompat.wrap.JEIWrappedDisplay@3d8e407d failed validation check for category [ad_astra:cryo_freezing] earth.terrarium.adastra.common.compat.rei.categories.CryoFreezingCategory@6a39875f
[12Aug2024 14:53:39.877] [REI-ReloadPlugins/ERROR] [REI/]: [REI] Display [ad_astra:nasa_workbench/tier_1_rocket_from_nasa_workbench] me.shedaniel.rei.jeicompat.wrap.JEIWrappedDisplay@5133c8be failed validation check for category [ad_astra:nasa_workbench] earth.terrarium.adastra.common.compat.rei.categories.NasaWorkbenchCategory@1ef1f74d
[12Aug2024 14:53:39.877] [REI-ReloadPlugins/ERROR] [REI/]: [REI] Display [ad_astra:nasa_workbench/tier_3_rocket_from_nasa_workbench] me.shedaniel.rei.jeicompat.wrap.JEIWrappedDisplay@70226e9e failed validation check for category [ad_astra:nasa_workbench] earth.terrarium.adastra.common.compat.rei.categories.NasaWorkbenchCategory@1ef1f74d
[12Aug2024 14:53:39.878] [REI-ReloadPlugins/ERROR] [REI/]: [REI] Display [ad_astra:nasa_workbench/tier_4_rocket_from_nasa_workbench] me.shedaniel.rei.jeicompat.wrap.JEIWrappedDisplay@9a99568 failed validation check for category [ad_astra:nasa_workbench] earth.terrarium.adastra.common.compat.rei.categories.NasaWorkbenchCategory@1ef1f74d
[12Aug2024 14:53:39.878] [REI-ReloadPlugins/ERROR] [REI/]: [REI] Display [ad_astra:nasa_workbench/tier_2_rocket_from_nasa_workbench] me.shedaniel.rei.jeicompat.wrap.JEIWrappedDisplay@7fa44ab4 failed validation check for category [ad_astra:nasa_workbench] earth.terrarium.adastra.common.compat.rei.categories.NasaWorkbenchCategory@1ef1f74d
[12Aug2024 14:53:39.893] [REI-ReloadPlugins/INFO] [REI/]: [REI] Cancelled Views buildMap since plugins have not finished reloading.
[12Aug2024 14:53:40.284] [REI-ReloadPlugins/WARN] [REI/]: [REI] createFocusLink is not supported in REI yet!
[12Aug2024 14:53:40.284] [REI-ReloadPlugins/WARN] [REI/]: [REI] createFocusLink is not supported in REI yet!
[12Aug2024 14:53:40.326] [REI-ReloadPlugins/INFO] [REI/]: [REI] REIClientPlugin finished post-reload for END in 452.7 ms, totaling 3.379 s.
[12Aug2024 14:53:40.327] [REI-ReloadPlugins/INFO] [REI/]: [REI] REIServerPlugin finished post-reload for END in 278.7 ?s, totaling 1.954 ms.
[12Aug2024 14:53:53.148] [Server thread/INFO] [net.minecraft.server.MinecraftServer/]: [NemEzanevem: Reloading!]
[12Aug2024 14:53:53.152] [Render thread/INFO] [net.minecraft.client.gui.components.ChatComponent/]: [System] [CHAT] Reloading!
[12Aug2024 14:53:53.191] [Server thread/INFO] [KubeJS Server/]: Loaded script server_scripts:bloodmagic/meteors.js in 0.001 s
[12Aug2024 14:53:53.193] [Server thread/INFO] [KubeJS Server/]: Loaded script server_scripts:bloodmagic/more_gating.js in 0.001 s
[12Aug2024 14:53:53.194] [Server thread/INFO] [KubeJS Server/]: Loaded script server_scripts:botania/gating_stuff.js in 0.001 s
[12Aug2024 14:53:53.198] [Server thread/INFO] [KubeJS Server/]: Loaded script server_scripts:integration/create/create_integration_gate.js in 0.004 s
[12Aug2024 14:53:53.198] [Server thread/INFO] [KubeJS Server/]: Loaded script server_scripts:integration/create/other_create_integration.js in 0.0 s
[12Aug2024 14:53:53.199] [Server thread/INFO] [KubeJS Server/]: Loaded 5/5 KubeJS server scripts in 0.02 s with 0 errors and 0 warnings
[12Aug2024 14:53:53.200] [Server thread/INFO] [KubeJS Server/]: Scripts loaded
[12Aug2024 14:53:53.201] [Server thread/INFO] [KubeJS Server/]: Initializing recipe event...
[12Aug2024 14:53:53.599] [Worker-ResourceReload-9/INFO] [KubeJS Server/]: [minecraft:item] Found 1199 tags, added 0 objects, removed 2 objects
[12Aug2024 14:53:54.248] [Server thread/INFO] [KubeJS Server/]: Processing recipes...
[12Aug2024 14:53:54.256] [Server thread/WARN] [KubeJS Server/]: Failed to parse recipe 'botania:brew/fire_resistance[botania:brew]'! Falling back to vanilla: Cannot invoke "net.minecraft.core.Registry.m_7745_(net.minecraft.resources.ResourceLocation)" because "com.prunoideae.custom.brew.BotaniaRegistryObjectBuilderTypes.BREW_REGISTRY" is null
[12Aug2024 14:53:54.269] [Server thread/WARN] [KubeJS Server/]: Failed to parse recipe 'botania:brew/invisibility[botania:brew]'! Falling back to vanilla: Cannot invoke "net.minecraft.core.Registry.m_7745_(net.minecraft.resources.ResourceLocation)" because "com.prunoideae.custom.brew.BotaniaRegistryObjectBuilderTypes.BREW_REGISTRY" is null
[12Aug2024 14:53:54.271] [Server thread/WARN] [KubeJS Server/]: Failed to parse recipe 'botania:brew/clear[botania:brew]'! Falling back to vanilla: Cannot invoke "net.minecraft.core.Registry.m_7745_(net.minecraft.resources.ResourceLocation)" because "com.prunoideae.custom.brew.BotaniaRegistryObjectBuilderTypes.BREW_REGISTRY" is null
[12Aug2024 14:53:54.292] [Server thread/WARN] [KubeJS Server/]: Failed to parse recipe 'botania:brew/feather_feet[botania:brew]'! Falling back to vanilla: Cannot invoke "net.minecraft.core.Registry.m_7745_(net.minecraft.resources.ResourceLocation)" because "com.prunoideae.custom.brew.BotaniaRegistryObjectBuilderTypes.BREW_REGISTRY" is null
[12Aug2024 14:53:54.301] [Server thread/WARN] [KubeJS Server/]: Failed to parse recipe 'botania:brew/bloodthirst[botania:brew]'! Falling back to vanilla: Cannot invoke "net.minecraft.core.Registry.m_7745_(net.minecraft.resources.ResourceLocation)" because "com.prunoideae.custom.brew.BotaniaRegistryObjectBuilderTypes.BREW_REGISTRY" is null
[12Aug2024 14:53:54.311] [Server thread/WARN] [KubeJS Server/]: Failed to parse recipe 'botania:brew/emptiness[botania:brew]'! Falling back to vanilla: Cannot invoke "net.minecraft.core.Registry.m_7745_(net.minecraft.resources.ResourceLocation)" because "com.prunoideae.custom.brew.BotaniaRegistryObjectBuilderTypes.BREW_REGISTRY" is null
[12Aug2024 14:53:54.320] [Server thread/WARN] [KubeJS Server/]: Failed to parse recipe 'botania:brew/absorption[botania:brew]'! Falling back to vanilla: Cannot invoke "net.minecraft.core.Registry.m_7745_(net.minecraft.resources.ResourceLocation)" because "com.prunoideae.custom.brew.BotaniaRegistryObjectBuilderTypes.BREW_REGISTRY" is null
[12Aug2024 14:53:54.323] [Server thread/WARN] [KubeJS Server/]: Failed to parse recipe 'botania:brew/jump_boost[botania:brew]'! Falling back to vanilla: Cannot invoke "net.minecraft.core.Registry.m_7745_(net.minecraft.resources.ResourceLocation)" because "com.prunoideae.custom.brew.BotaniaRegistryObjectBuilderTypes.BREW_REGISTRY" is null
[12Aug2024 14:53:54.325] [Server thread/WARN] [KubeJS Server/]: Failed to parse recipe 'botania:brew/weak_regeneration[botania:brew]'! Falling back to vanilla: Cannot invoke "net.minecraft.core.Registry.m_7745_(net.minecraft.resources.ResourceLocation)" because "com.prunoideae.custom.brew.BotaniaRegistryObjectBuilderTypes.BREW_REGISTRY" is null
[12Aug2024 14:53:54.327] [Server thread/WARN] [KubeJS Server/]: Failed to parse recipe 'botania:brew/regeneration[botania:brew]'! Falling back to vanilla: Cannot invoke "net.minecraft.core.Registry.m_7745_(net.minecraft.resources.ResourceLocation)" because "com.prunoideae.custom.brew.BotaniaRegistryObjectBuilderTypes.BREW_REGISTRY" is null
[12Aug2024 14:53:54.330] [Server thread/WARN] [KubeJS Server/]: Failed to parse recipe 'botania:brew/speed[botania:brew]'! Falling back to vanilla: Cannot invoke "net.minecraft.core.Registry.m_7745_(net.minecraft.resources.ResourceLocation)" because "com.prunoideae.custom.brew.BotaniaRegistryObjectBuilderTypes.BREW_REGISTRY" is null
[12Aug2024 14:53:54.333] [Server thread/WARN] [KubeJS Server/]: Failed to parse recipe 'botania:brew/night_vision[botania:brew]'! Falling back to vanilla: Cannot invoke "net.minecraft.core.Registry.m_7745_(net.minecraft.resources.ResourceLocation)" because "com.prunoideae.custom.brew.BotaniaRegistryObjectBuilderTypes.BREW_REGISTRY" is null
[12Aug2024 14:53:54.346] [Server thread/WARN] [KubeJS Server/]: Failed to parse recipe 'botania:brew/overload[botania:brew]'! Falling back to vanilla: Cannot invoke "net.minecraft.core.Registry.m_7745_(net.minecraft.resources.ResourceLocation)" because "com.prunoideae.custom.brew.BotaniaRegistryObjectBuilderTypes.BREW_REGISTRY" is null
[12Aug2024 14:53:54.349] [Server thread/WARN] [KubeJS Server/]: Failed to parse recipe 'botania:brew/allure[botania:brew]'! Falling back to vanilla: Cannot invoke "net.minecraft.core.Registry.m_7745_(net.minecraft.resources.ResourceLocation)" because "com.prunoideae.custom.brew.BotaniaRegistryObjectBuilderTypes.BREW_REGISTRY" is null
[12Aug2024 14:53:54.360] [Server thread/WARN] [KubeJS Server/]: Failed to parse recipe 'botania:brew/healing[botania:brew]'! Falling back to vanilla: Cannot invoke "net.minecraft.core.Registry.m_7745_(net.minecraft.resources.ResourceLocation)" because "com.prunoideae.custom.brew.BotaniaRegistryObjectBuilderTypes.BREW_REGISTRY" is null
[12Aug2024 14:53:54.375] [Server thread/WARN] [KubeJS Server/]: Failed to parse recipe 'botania:brew/strength[botania:brew]'! Falling back to vanilla: Cannot invoke "net.minecraft.core.Registry.m_7745_(net.minecraft.resources.ResourceLocation)" because "com.prunoideae.custom.brew.BotaniaRegistryObjectBuilderTypes.BREW_REGISTRY" is null
[12Aug2024 14:53:54.378] [Server thread/WARN] [KubeJS Server/]: Failed to parse recipe 'botania:brew/haste[botania:brew]'! Falling back to vanilla: Cannot invoke "net.minecraft.core.Registry.m_7745_(net.minecraft.resources.ResourceLocation)" because "com.prunoideae.custom.brew.BotaniaRegistryObjectBuilderTypes.BREW_REGISTRY" is null
[12Aug2024 14:53:54.380] [Server thread/WARN] [KubeJS Server/]: Failed to parse recipe 'botania:brew/soul_cross[botania:brew]'! Falling back to vanilla: Cannot invoke "net.minecraft.core.Registry.m_7745_(net.minecraft.resources.ResourceLocation)" because "com.prunoideae.custom.brew.BotaniaRegistryObjectBuilderTypes.BREW_REGISTRY" is null
[12Aug2024 14:53:54.410] [Server thread/WARN] [KubeJS Server/]: Failed to parse recipe 'botania:brew/water_breathing[botania:brew]'! Falling back to vanilla: Cannot invoke "net.minecraft.core.Registry.m_7745_(net.minecraft.resources.ResourceLocation)" because "com.prunoideae.custom.brew.BotaniaRegistryObjectBuilderTypes.BREW_REGISTRY" is null
[12Aug2024 14:53:54.413] [Server thread/WARN] [KubeJS Server/]: Failed to parse recipe 'botania:brew/resistance[botania:brew]'! Falling back to vanilla: Cannot invoke "net.minecraft.core.Registry.m_7745_(net.minecraft.resources.ResourceLocation)" because "com.prunoideae.custom.brew.BotaniaRegistryObjectBuilderTypes.BREW_REGISTRY" is null
[12Aug2024 14:53:54.430] [Server thread/INFO] [KubeJS Server/]: Found 11357 recipes in 180.8 ms
[12Aug2024 14:53:54.432] [Server thread/ERROR] [KubeJS Server/]: botania/gating_stuff.js#15: Failed to create recipe for type 'botania:mana_infusion': Ingredient 'input' can't be empty!
[12Aug2024 14:53:54.443] [Server thread/INFO] [KubeJS Server/]: Posted recipe events in 11.95 ms
[12Aug2024 14:53:54.444] [KubeJS Recipe Event Worker 0/INFO] [pneumaticcraft/]: ignoring heat properties for block decorative_blocks:soul_brazier: mod not loaded
[12Aug2024 14:53:54.446] [KubeJS Recipe Event Worker 0/INFO] [pneumaticcraft/]: ignoring heat properties for block natura:nether_heat_sand: mod not loaded
[12Aug2024 14:53:54.448] [KubeJS Recipe Event Worker 0/INFO] [pneumaticcraft/]: ignoring heat properties for block betterendforge:dense_emerald_ice: mod not loaded
[12Aug2024 14:53:54.450] [KubeJS Recipe Event Worker 0/INFO] [pneumaticcraft/]: ignoring heat properties for block byg:magmatic_stone: mod not loaded
[12Aug2024 14:53:54.450] [KubeJS Recipe Event Worker 0/WARN] [com.simibubi.create.Create/]: Your custom createaddition:rolling/iron_plate recipe (createaddition:rolling/iron_plate) specified a duration. Durations have no impact on this type of recipe.
[12Aug2024 14:53:54.451] [KubeJS Recipe Event Worker 0/WARN] [com.simibubi.create.Create/]: Your custom createaddition:rolling/steel_ingot recipe (createaddition:rolling/steel_ingot) specified a duration. Durations have no impact on this type of recipe.
[12Aug2024 14:53:54.451] [KubeJS Recipe Event Worker 0/WARN] [com.simibubi.create.Create/]: Your custom createaddition:rolling/copper_ingot recipe (createaddition:rolling/copper_ingot) specified a duration. Durations have no impact on this type of recipe.
[12Aug2024 14:53:54.451] [KubeJS Recipe Event Worker 0/WARN] [com.simibubi.create.Create/]: Your custom createaddition:rolling/aluminum_ingot recipe (createaddition:rolling/aluminum_ingot) specified a duration. Durations have no impact on this type of recipe.
[12Aug2024 14:53:54.453] [KubeJS Recipe Event Worker 0/WARN] [com.simibubi.create.Create/]: Your custom createaddition:rolling/electrum_plate recipe (createaddition:rolling/electrum_plate) specified a duration. Durations have no impact on this type of recipe.
[12Aug2024 14:53:54.454] [KubeJS Recipe Event Worker 0/WARN] [com.simibubi.create.Create/]: Your custom createaddition:rolling/straw recipe (createaddition:rolling/straw) specified a duration. Durations have no impact on this type of recipe.
[12Aug2024 14:53:54.454] [KubeJS Recipe Event Worker 0/INFO] [pneumaticcraft/]: ignoring heat properties for block valhelsia_structures:brazier: mod not loaded
[12Aug2024 14:53:54.457] [KubeJS Recipe Event Worker 0/INFO] [pneumaticcraft/]: ignoring heat properties for block decorative_blocks:brazier: mod not loaded
[12Aug2024 14:53:54.458] [KubeJS Recipe Event Worker 0/WARN] [com.simibubi.create.Create/]: Your custom createaddition:rolling/electrum_ingot recipe (createaddition:rolling/electrum_ingot) specified a duration. Durations have no impact on this type of recipe.
[12Aug2024 14:53:54.459] [KubeJS Recipe Event Worker 0/WARN] [com.simibubi.create.Create/]: Your custom createaddition:rolling/brass_ingot recipe (createaddition:rolling/brass_ingot) specified a duration. Durations have no impact on this type of recipe.
[12Aug2024 14:53:54.460] [KubeJS Recipe Event Worker 0/WARN] [com.simibubi.create.Create/]: Your custom createaddition:rolling/aluminum_plate recipe (createaddition:rolling/aluminum_plate) specified a duration. Durations have no impact on this type of recipe.
[12Aug2024 14:53:54.460] [KubeJS Recipe Event Worker 0/WARN] [com.simibubi.create.Create/]: Your custom createaddition:rolling/gold_ingot recipe (createaddition:rolling/gold_ingot) specified a duration. Durations have no impact on this type of recipe.
[12Aug2024 14:53:54.460] [KubeJS Recipe Event Worker 0/WARN] [com.simibubi.create.Create/]: Your custom createaddition:rolling/steel_plate recipe (createaddition:rolling/steel_plate) specified a duration. Durations have no impact on this type of recipe.
[12Aug2024 14:53:54.462] [KubeJS Recipe Event Worker 0/INFO] [pneumaticcraft/]: ignoring heat properties for block betterendforge:ancient_emerald_ice: mod not loaded
[12Aug2024 14:53:54.462] [KubeJS Recipe Event Worker 0/INFO] [pneumaticcraft/]: ignoring heat properties for block byg:boric_campfire: mod not loaded
[12Aug2024 14:53:54.462] [KubeJS Recipe Event Worker 0/INFO] [pneumaticcraft/]: ignoring heat properties for block occultism:spirit_fire: mod not loaded
[12Aug2024 14:53:54.462] [KubeJS Recipe Event Worker 0/INFO] [pneumaticcraft/]: ignoring heat properties for block powah:dry_ice: mod not loaded
[12Aug2024 14:53:54.466] [KubeJS Recipe Event Worker 0/WARN] [com.simibubi.create.Create/]: Your custom createaddition:rolling/copper_plate recipe (createaddition:rolling/copper_plate) specified a duration. Durations have no impact on this type of recipe.
[12Aug2024 14:53:54.466] [KubeJS Recipe Event Worker 0/WARN] [com.simibubi.create.Create/]: Your custom createaddition:rolling/iron_ingot recipe (createaddition:rolling/iron_ingot) specified a duration. Durations have no impact on this type of recipe.
[12Aug2024 14:53:54.466] [KubeJS Recipe Event Worker 0/WARN] [com.simibubi.create.Create/]: Your custom createaddition:rolling/lead_plate recipe (createaddition:rolling/lead_plate) specified a duration. Durations have no impact on this type of recipe.
[12Aug2024 14:53:54.467] [KubeJS Recipe Event Worker 0/INFO] [pneumaticcraft/]: ignoring heat properties for block byg:cryptic_magma_block: mod not loaded
[12Aug2024 14:53:54.467] [KubeJS Recipe Event Worker 0/INFO] [pneumaticcraft/]: ignoring heat properties for block byg:cryptic_campfire: mod not loaded
[12Aug2024 14:53:54.468] [KubeJS Recipe Event Worker 0/WARN] [com.simibubi.create.Create/]: Your custom createaddition:rolling/gold_plate recipe (createaddition:rolling/gold_plate) specified a duration. Durations have no impact on this type of recipe.
[12Aug2024 14:53:54.469] [KubeJS Recipe Event Worker 0/WARN] [KubeJS Server/]: Error parsing recipe immersiveengineering:arcfurnace/gunmetal_ingot[immersiveengineering:arc_furnace]: {"type":"immersiveengineering:arc_furnace","additives":[{"tag":"forge:dusts/redstone"}],"energy":141200,"input":{"item":"pointblank:gunmetal_mesh"},"results":[{"base_ingredient":{"item":"kubejs:hot_gunmetal_ingot"},"count":1}],"time":200}: Unknown item 'kubejs:hot_gunmetal_ingot'
[12Aug2024 14:53:54.469] [KubeJS Recipe Event Worker 0/INFO] [pneumaticcraft/]: ignoring heat properties for block betterendforge:emerald_ice: mod not loaded
[12Aug2024 14:53:54.474] [KubeJS Recipe Event Worker 0/INFO] [pneumaticcraft/]: ignoring heat properties for block quark:permafrost: mod not loaded
[12Aug2024 14:53:54.474] [KubeJS Recipe Event Worker 0/INFO] [pneumaticcraft/]: ignoring heat properties for block quark:blaze_lantern: mod not loaded
[12Aug2024 14:53:54.480] [KubeJS Recipe Event Worker 0/WARN] [com.simibubi.create.Create/]: Your custom create:mixing recipe (create:kjs/4j2gj9nqhdmwvh04haxbx077k) has more item inputs (25) than supported (9).
[12Aug2024 14:53:54.480] [KubeJS Recipe Event Worker 0/WARN] [KubeJS Server/]: Error parsing recipe minecraft:kjs/immersiveengineering_wirecutter[kubejs:shaped]: {"type":"minecraft:crafting_shaped","result":{"item":"immersiveengineering:wirecutter","count":1,"nbt":"{Damage:0}"},"pattern":["AB","A"],"key":{"A":{"item":"immersiveengineering:stick_treated"},"B":{"item":"ad_astra:steel_ingot"}}}: Invalid pattern: each row must be the same width
[12Aug2024 14:53:54.480] [KubeJS Recipe Event Worker 0/WARN] [com.simibubi.create.Create/]: Your custom create:mixing recipe (create:kjs/bfmqi74tyt1t6ozglg6mefalw) has more item inputs (10) than supported (9).
[12Aug2024 14:53:54.494] [Server thread/INFO] [KubeJS Server/]: Added 31 recipes, removed 25 recipes, modified 5 recipes, with 3 failed recipes in 50.13 ms
[12Aug2024 14:53:54.494] [Server thread/INFO] [ModernFix/]: Clearing KubeJS recipe lists...
[12Aug2024 14:53:54.611] [Server thread/INFO] [net.minecraft.advancements.AdvancementList/]: Loaded 7185 advancements
[12Aug2024 14:53:54.628] [Server thread/INFO] [top.theillusivec4.curios.Curios/]: Loaded 11 curio slots
[12Aug2024 14:53:54.642] [Server thread/INFO] [top.theillusivec4.curios.Curios/]: Loaded 1 curio entities
[12Aug2024 14:53:54.644] [Server thread/INFO] [minecolonies/]: Beginning load of custom recipes for colony workers
[12Aug2024 14:53:54.646] [Server thread/INFO] [minecolonies/]: Loaded 165 recipes for 16 crafters
[12Aug2024 14:53:54.646] [Server thread/INFO] [minecolonies/]: Beginning load of research for University.
[12Aug2024 14:53:54.680] [Server thread/INFO] [minecolonies/]: Loaded 201 recipes for 4 research branches
[12Aug2024 14:53:54.681] [Server thread/INFO] [minecolonies/]: Loading quests from data
[12Aug2024 14:53:54.684] [Server thread/INFO] [minecolonies/]: Finished loading quests from data
[12Aug2024 14:53:54.686] [Server thread/WARN] [minecolonies/]: Read 1499 items with their nbt keys for compatibility.
[12Aug2024 14:53:54.687] [Server thread/INFO] [dan200.computercraft.impl.UpgradeManager/]: Loaded 9 turtle upgrades
[12Aug2024 14:53:54.688] [Server thread/INFO] [dan200.computercraft.impl.UpgradeManager/]: Loaded 3 pocket computer upgrades
[12Aug2024 14:53:54.909] [Server thread/INFO] [minecolonies/]: Finished discovering Ores 56 57
[12Aug2024 14:53:54.910] [Server thread/INFO] [minecolonies/]: Finished discovering saplings 37
[12Aug2024 14:53:54.910] [Server thread/INFO] [minecolonies/]: Finished discovering plantables 19
[12Aug2024 14:53:54.910] [Server thread/INFO] [minecolonies/]: Finished discovering food 100 125
[12Aug2024 14:53:54.910] [Server thread/INFO] [minecolonies/]: Finished discovering fuel 440
[12Aug2024 14:53:54.910] [Server thread/INFO] [minecolonies/]: Finished discovering flowers 113
[12Aug2024 14:53:54.910] [Server thread/INFO] [minecolonies/]: Finished discovering items 8424
[12Aug2024 14:53:54.910] [Server thread/INFO] [minecolonies/]: Finished discovering lucky oreBlocks 6
[12Aug2024 14:53:54.910] [Server thread/INFO] [minecolonies/]: Finished discovering recruitment costs
[12Aug2024 14:53:54.910] [Server thread/INFO] [minecolonies/]: Finished discovering diseases
[12Aug2024 14:53:54.911] [Server thread/INFO] [minecolonies/]: Finished discovering compostables 324
[12Aug2024 14:53:54.964] [Server thread/INFO] [immersiveengineering/]: Couldn't fully analyze 1 netherite_space_helmet, missing knowledge for {1 netherite_helmet=1.0}
[12Aug2024 14:53:54.965] [Server thread/INFO] [immersiveengineering/]: Couldn't fully analyze 1 compressed_iron_boots, missing knowledge for {1 leather_boots=1.0}
[12Aug2024 14:53:54.965] [Server thread/INFO] [immersiveengineering/]: Couldn't fully analyze 1 radiator, missing knowledge for {1 water_bucket=0.25}
[12Aug2024 14:53:54.965] [Server thread/INFO] [immersiveengineering/]: Couldn't fully analyze 1 compressed_iron_helmet, missing knowledge for {1 leather_helmet=1.0}
[12Aug2024 14:53:54.965] [Server thread/INFO] [immersiveengineering/]: Couldn't fully analyze 1 compressed_iron_leggings, missing knowledge for {1 leather_leggings=1.0}
[12Aug2024 14:53:54.965] [Server thread/INFO] [immersiveengineering/]: Couldn't fully analyze 1 jet_suit_helmet, missing knowledge for {1 netherite_space_helmet=1.0}
[12Aug2024 14:53:54.965] [Server thread/INFO] [immersiveengineering/]: Couldn't fully analyze 1 netherite_space_boots, missing knowledge for {1 netherite_boots=1.0}
[12Aug2024 14:53:54.965] [Server thread/INFO] [immersiveengineering/]: Couldn't fully analyze 1 netherite_space_pants, missing knowledge for {1 netherite_leggings=1.0}
[12Aug2024 14:53:54.965] [Server thread/INFO] [immersiveengineering/]: Couldn't fully analyze 1 netherite_space_suit, missing knowledge for {1 netherite_chestplate=1.0}
[12Aug2024 14:53:54.966] [Server thread/INFO] [immersiveengineering/]: Couldn't fully analyze 1 jet_suit, missing knowledge for {1 netherite_space_suit=1.0}
[12Aug2024 14:53:54.966] [Server thread/INFO] [immersiveengineering/]: Couldn't fully analyze 1 compressed_iron_chestplate, missing knowledge for {1 leather_chestplate=1.0}
[12Aug2024 14:53:54.966] [Server thread/INFO] [immersiveengineering/]: Couldn't fully analyze 1 jet_suit_pants, missing knowledge for {1 netherite_space_pants=1.0}
[12Aug2024 14:53:54.966] [Server thread/INFO] [immersiveengineering/]: Couldn't fully analyze 1 pneumatic_leggings, missing knowledge for {1 compressed_iron_leggings=1.0}
[12Aug2024 14:53:54.966] [Server thread/INFO] [immersiveengineering/]: Couldn't fully analyze 1 free_runners_armored, missing knowledge for {1 free_runners=1.0}
[12Aug2024 14:53:54.966] [Server thread/INFO] [immersiveengineering/]: Couldn't fully analyze 1 jet_suit_boots, missing knowledge for {1 netherite_space_boots=1.0}
[12Aug2024 14:53:54.966] [Server thread/INFO] [immersiveengineering/]: Finished recipe profiler for Arc Recycling, took 26 milliseconds
[12Aug2024 14:53:54.989] [REI-ReloadPlugins/INFO] [REI/]: [REI] @@@@@@@@@@@@@@@@@@@@@@@@@@@@@@@@@@@@@@@@
[12Aug2024 14:53:54.989] [REI-ReloadPlugins/INFO] [REI/]: [REI] REIPlugin starting main-reload for START.
[12Aug2024 14:53:54.989] [REI-ReloadPlugins/INFO] [REI/]: [REI] Plugins (38):
[12Aug2024 14:53:54.989] [REI-ReloadPlugins/INFO] [REI/]: [REI]  - (-100.00) DefaultClientPluginImpl of DefaultClientPluginImpl [roughlyenoughitems]
[12Aug2024 14:53:54.989] [REI-ReloadPlugins/INFO] [REI/]: [REI]  - (-100.00) DefaultPluginImpl of DefaultPluginImpl [roughlyenoughitems]
[12Aug2024 14:53:54.989] [REI-ReloadPlugins/INFO] [REI/]: [REI]  - (0.00) HideIngredientsFromTagsPlugin of HideIngredientsFromTagsPlugin [roughlyenoughitems]
[12Aug2024 14:53:54.989] [REI-ReloadPlugins/INFO] [REI/]: [REI]  - (0.00) DefaultClientRuntimePlugin of DefaultClientRuntimePlugin [roughlyenoughitems]
[12Aug2024 14:53:54.989] [REI-ReloadPlugins/INFO] [REI/]: [REI]  - (0.00) DefaultRuntimePlugin of DefaultRuntimePlugin [roughlyenoughitems]
[12Aug2024 14:53:54.989] [REI-ReloadPlugins/INFO] [REI/]: [REI]  - (0.00) JEI Plugin [AdAstraJeiPlugin:ad_astra:jei] of REI Plugin Compatibilities Adapter [rei_plugin_compatibilities, jei]
[12Aug2024 14:53:54.990] [REI-ReloadPlugins/INFO] [REI/]: [REI]  - (0.00) JEI Plugin [CreateAdditionJEI:createaddition:jei_plugin] of REI Plugin Compatibilities Adapter [rei_plugin_compatibilities, jei]
[12Aug2024 14:53:54.990] [REI-ReloadPlugins/INFO] [REI/]: [REI]  - (0.00) JEI Plugin [DEJEIPlugin:draconicevolution:jei_plugin] of REI Plugin Compatibilities Adapter [rei_plugin_compatibilities, jei]
[12Aug2024 14:53:54.990] [REI-ReloadPlugins/INFO] [REI/]: [REI]  - (0.00) JEI Plugin [BCJEIPlugin:brandonscore:jei_plugin] of REI Plugin Compatibilities Adapter [rei_plugin_compatibilities, jei]
[12Aug2024 14:53:54.990] [REI-ReloadPlugins/INFO] [REI/]: [REI]  - (0.00) JEI Plugin [JEIPlugin:codechickenlib:jei_plugin] of REI Plugin Compatibilities Adapter [rei_plugin_compatibilities, jei]
[12Aug2024 14:53:54.990] [REI-ReloadPlugins/INFO] [REI/]: [REI]  - (0.00) JEI Plugin [Plugin:refurbished_furniture:plugin] of REI Plugin Compatibilities Adapter [rei_plugin_compatibilities, jei]
[12Aug2024 14:53:54.990] [REI-ReloadPlugins/INFO] [REI/]: [REI]  - (0.00) JEI Plugin [JEIPlugin:functionalstorage:main] of REI Plugin Compatibilities Adapter [rei_plugin_compatibilities, jei]
[12Aug2024 14:53:54.990] [REI-ReloadPlugins/INFO] [REI/]: [REI]  - (0.00) JEI Plugin [JEIComputerCraft:computercraft:jei] of REI Plugin Compatibilities Adapter [rei_plugin_compatibilities, jei]
[12Aug2024 14:53:54.990] [REI-ReloadPlugins/INFO] [REI/]: [REI]  - (0.00) JEI Plugin [JEIPlugin:kubejs:jei] of REI Plugin Compatibilities Adapter [rei_plugin_compatibilities, jei]
[12Aug2024 14:53:54.990] [REI-ReloadPlugins/INFO] [REI/]: [REI]  - (0.00) JEI Plugin [JEIPlugin:minecraft:minecolonies] of REI Plugin Compatibilities Adapter [rei_plugin_compatibilities, jei]
[12Aug2024 14:53:54.990] [REI-ReloadPlugins/INFO] [REI/]: [REI]  - (0.00) JEI Plugin [ABJEIPlugin:appbot:main] of REI Plugin Compatibilities Adapter [rei_plugin_compatibilities, jei]
[12Aug2024 14:53:54.990] [REI-ReloadPlugins/INFO] [REI/]: [REI]  - (0.00) JEI Plugin [PatchouliJeiPlugin:patchouli:patchouli] of REI Plugin Compatibilities Adapter [rei_plugin_compatibilities, jei]
[12Aug2024 14:53:54.990] [REI-ReloadPlugins/INFO] [REI/]: [REI]  - (0.00) JEI Plugin [CreateJEI:create:jei_plugin] of REI Plugin Compatibilities Adapter [rei_plugin_compatibilities, jei]
[12Aug2024 14:53:54.991] [REI-ReloadPlugins/INFO] [REI/]: [REI]  - (0.00) JEI Plugin [GeneratorsJEI:mekanismgenerators:jei_plugin] of REI Plugin Compatibilities Adapter [rei_plugin_compatibilities, jei]
[12Aug2024 14:53:54.991] [REI-ReloadPlugins/INFO] [REI/]: [REI]  - (0.00) JEI Plugin [MekanismJEI:mekanism:jei_plugin] of REI Plugin Compatibilities Adapter [rei_plugin_compatibilities, jei]
[12Aug2024 14:53:54.991] [REI-ReloadPlugins/INFO] [REI/]: [REI]  - (0.00) JEI Plugin [CuriosJeiPlugin:curios:curios] of REI Plugin Compatibilities Adapter [rei_plugin_compatibilities, jei]
[12Aug2024 14:53:54.991] [REI-ReloadPlugins/INFO] [REI/]: [REI]  - (0.00) JEI Plugin [JEIPlugin:minecraft:domum_ornamentum] of REI Plugin Compatibilities Adapter [rei_plugin_compatibilities, jei]
[12Aug2024 14:53:54.991] [REI-ReloadPlugins/INFO] [REI/]: [REI]  - (0.00) JEI Plugin [JEIBotaniaPlugin:botania:main] of REI Plugin Compatibilities Adapter [rei_plugin_compatibilities, jei]
[12Aug2024 14:53:54.991] [REI-ReloadPlugins/INFO] [REI/]: [REI]  - (0.00) JEI Plugin [JEIPlugin:ae2:core] of REI Plugin Compatibilities Adapter [rei_plugin_compatibilities, jei]
[12Aug2024 14:53:54.991] [REI-ReloadPlugins/INFO] [REI/]: [REI]  - (0.00) JEI Plugin [JEICompat:jade:main] of REI Plugin Compatibilities Adapter [rei_plugin_compatibilities, jei]
[12Aug2024 14:53:54.991] [REI-ReloadPlugins/INFO] [REI/]: [REI]  - (0.00) JEI Plugin [JEIHelper:immersiveengineering:main] of REI Plugin Compatibilities Adapter [rei_plugin_compatibilities, jei]
[12Aug2024 14:53:54.991] [REI-ReloadPlugins/INFO] [REI/]: [REI]  - (0.00) JEI Plugin [TitaniumJEIPlugin:titanium:default] of REI Plugin Compatibilities Adapter [rei_plugin_compatibilities, jei]
[12Aug2024 14:53:54.991] [REI-ReloadPlugins/INFO] [REI/]: [REI]  - (0.00) JEI Plugin [AlexsCavesPlugin:alexscaves:alexscaves] of REI Plugin Compatibilities Adapter [rei_plugin_compatibilities, jei]
[12Aug2024 14:53:54.992] [REI-ReloadPlugins/INFO] [REI/]: [REI]  - (0.00) JEI Plugin [JeiModPlugin:jeimultiblocks:plugin] of REI Plugin Compatibilities Adapter [rei_plugin_compatibilities, jei]
[12Aug2024 14:53:54.992] [REI-ReloadPlugins/INFO] [REI/]: [REI]  - (0.00) JEI Plugin [BloodMagicJEIPlugin:bloodmagic:jei_plugin] of REI Plugin Compatibilities Adapter [rei_plugin_compatibilities, jei]
[12Aug2024 14:53:54.992] [REI-ReloadPlugins/INFO] [REI/]: [REI]  - (0.00) JEI Plugin [BfrJEI:bfr:jei_plugin] of REI Plugin Compatibilities Adapter [rei_plugin_compatibilities, jei]
[12Aug2024 14:53:54.992] [REI-ReloadPlugins/INFO] [REI/]: [REI]  - (0.00) JEI Plugin [JEIPlugin:pneumaticcraft:default] of REI Plugin Compatibilities Adapter [rei_plugin_compatibilities, jei]
[12Aug2024 14:53:54.992] [REI-ReloadPlugins/INFO] [REI/]: [REI]  - (0.00) JEI Plugin [JEIRuntimeCapturer:modernfix:capturer] of REI Plugin Compatibilities Adapter [rei_plugin_compatibilities, jei]
[12Aug2024 14:53:54.992] [REI-ReloadPlugins/INFO] [REI/]: [REI]  - (0.00) JEI Plugin [CBCJEI:createbigcannons:jei_plugin] of REI Plugin Compatibilities Adapter [rei_plugin_compatibilities, jei]
[12Aug2024 14:53:54.992] [REI-ReloadPlugins/INFO] [REI/]: [REI]  - (0.00) ReiIsDumbClientPlugin of ReiIsDumbClientPlugin [ad_astra]
[12Aug2024 14:53:54.992] [REI-ReloadPlugins/INFO] [REI/]: [REI]  - (0.00) REI Plugin Compatibilities Client Handler of REI Plugin Compatibilities Client Handler [rei_plugin_compatibilities, jei]
[12Aug2024 14:53:54.993] [REI-ReloadPlugins/INFO] [REI/]: [REI]  - (0.00) AE2 of AE2 [ae2]
[12Aug2024 14:53:54.993] [REI-ReloadPlugins/INFO] [REI/]: [REI]  - (10000000.00) REIForgePluginStub of REIForgePluginStub [kubejs]
[12Aug2024 14:53:54.993] [REI-ReloadPlugins/INFO] [REI/]: [REI] @@@@@@@@@@@@@@@@@@@@@@@@@@@@@@@@@@@@@@@@
[12Aug2024 14:53:55.016] [REI-ReloadPlugins/INFO] [REI/]: [REI] @@@@@@@@@@@@@@@@@@@@@@@@@@@@@@@@@@@@@@@@
[12Aug2024 14:53:55.016] [REI-ReloadPlugins/INFO] [REI/]: [REI] REIClientPlugin starting main-reload for START.
[12Aug2024 14:53:55.016] [REI-ReloadPlugins/INFO] [REI/]: [REI] Plugins (36):
[12Aug2024 14:53:55.016] [REI-ReloadPlugins/INFO] [REI/]: [REI]  - (-100.00) DefaultClientPluginImpl of DefaultClientPluginImpl [roughlyenoughitems]
[12Aug2024 14:53:55.016] [REI-ReloadPlugins/INFO] [REI/]: [REI]  - (0.00) JEI Plugin [AdAstraJeiPlugin:ad_astra:jei] of REI Plugin Compatibilities Adapter [rei_plugin_compatibilities, jei]
[12Aug2024 14:53:55.016] [REI-ReloadPlugins/INFO] [REI/]: [REI]  - (0.00) JEI Plugin [CreateAdditionJEI:createaddition:jei_plugin] of REI Plugin Compatibilities Adapter [rei_plugin_compatibilities, jei]
[12Aug2024 14:53:55.016] [REI-ReloadPlugins/INFO] [REI/]: [REI]  - (0.00) JEI Plugin [DEJEIPlugin:draconicevolution:jei_plugin] of REI Plugin Compatibilities Adapter [rei_plugin_compatibilities, jei]
[12Aug2024 14:53:55.016] [REI-ReloadPlugins/INFO] [REI/]: [REI]  - (0.00) JEI Plugin [BCJEIPlugin:brandonscore:jei_plugin] of REI Plugin Compatibilities Adapter [rei_plugin_compatibilities, jei]
[12Aug2024 14:53:55.016] [REI-ReloadPlugins/INFO] [REI/]: [REI]  - (0.00) JEI Plugin [JEIPlugin:codechickenlib:jei_plugin] of REI Plugin Compatibilities Adapter [rei_plugin_compatibilities, jei]
[12Aug2024 14:53:55.016] [REI-ReloadPlugins/INFO] [REI/]: [REI]  - (0.00) JEI Plugin [Plugin:refurbished_furniture:plugin] of REI Plugin Compatibilities Adapter [rei_plugin_compatibilities, jei]
[12Aug2024 14:53:55.016] [REI-ReloadPlugins/INFO] [REI/]: [REI]  - (0.00) JEI Plugin [JEIPlugin:functionalstorage:main] of REI Plugin Compatibilities Adapter [rei_plugin_compatibilities, jei]
[12Aug2024 14:53:55.017] [REI-ReloadPlugins/INFO] [REI/]: [REI]  - (0.00) JEI Plugin [JEIComputerCraft:computercraft:jei] of REI Plugin Compatibilities Adapter [rei_plugin_compatibilities, jei]
[12Aug2024 14:53:55.017] [REI-ReloadPlugins/INFO] [REI/]: [REI]  - (0.00) JEI Plugin [JEIPlugin:kubejs:jei] of REI Plugin Compatibilities Adapter [rei_plugin_compatibilities, jei]
[12Aug2024 14:53:55.017] [REI-ReloadPlugins/INFO] [REI/]: [REI]  - (0.00) JEI Plugin [JEIPlugin:minecraft:minecolonies] of REI Plugin Compatibilities Adapter [rei_plugin_compatibilities, jei]
[12Aug2024 14:53:55.017] [REI-ReloadPlugins/INFO] [REI/]: [REI]  - (0.00) JEI Plugin [ABJEIPlugin:appbot:main] of REI Plugin Compatibilities Adapter [rei_plugin_compatibilities, jei]
[12Aug2024 14:53:55.017] [REI-ReloadPlugins/INFO] [REI/]: [REI]  - (0.00) JEI Plugin [PatchouliJeiPlugin:patchouli:patchouli] of REI Plugin Compatibilities Adapter [rei_plugin_compatibilities, jei]
[12Aug2024 14:53:55.017] [REI-ReloadPlugins/INFO] [REI/]: [REI]  - (0.00) JEI Plugin [CreateJEI:create:jei_plugin] of REI Plugin Compatibilities Adapter [rei_plugin_compatibilities, jei]
[12Aug2024 14:53:55.017] [REI-ReloadPlugins/INFO] [REI/]: [REI]  - (0.00) JEI Plugin [GeneratorsJEI:mekanismgenerators:jei_plugin] of REI Plugin Compatibilities Adapter [rei_plugin_compatibilities, jei]
[12Aug2024 14:53:55.017] [REI-ReloadPlugins/INFO] [REI/]: [REI]  - (0.00) JEI Plugin [MekanismJEI:mekanism:jei_plugin] of REI Plugin Compatibilities Adapter [rei_plugin_compatibilities, jei]
[12Aug2024 14:53:55.017] [REI-ReloadPlugins/INFO] [REI/]: [REI]  - (0.00) JEI Plugin [CuriosJeiPlugin:curios:curios] of REI Plugin Compatibilities Adapter [rei_plugin_compatibilities, jei]
[12Aug2024 14:53:55.017] [REI-ReloadPlugins/INFO] [REI/]: [REI]  - (0.00) JEI Plugin [JEIPlugin:minecraft:domum_ornamentum] of REI Plugin Compatibilities Adapter [rei_plugin_compatibilities, jei]
[12Aug2024 14:53:55.018] [REI-ReloadPlugins/INFO] [REI/]: [REI]  - (0.00) JEI Plugin [JEIBotaniaPlugin:botania:main] of REI Plugin Compatibilities Adapter [rei_plugin_compatibilities, jei]
[12Aug2024 14:53:55.018] [REI-ReloadPlugins/INFO] [REI/]: [REI]  - (0.00) JEI Plugin [JEIPlugin:ae2:core] of REI Plugin Compatibilities Adapter [rei_plugin_compatibilities, jei]
[12Aug2024 14:53:55.018] [REI-ReloadPlugins/INFO] [REI/]: [REI]  - (0.00) JEI Plugin [JEICompat:jade:main] of REI Plugin Compatibilities Adapter [rei_plugin_compatibilities, jei]
[12Aug2024 14:53:55.018] [REI-ReloadPlugins/INFO] [REI/]: [REI]  - (0.00) JEI Plugin [JEIHelper:immersiveengineering:main] of REI Plugin Compatibilities Adapter [rei_plugin_compatibilities, jei]
[12Aug2024 14:53:55.018] [REI-ReloadPlugins/INFO] [REI/]: [REI]  - (0.00) JEI Plugin [TitaniumJEIPlugin:titanium:default] of REI Plugin Compatibilities Adapter [rei_plugin_compatibilities, jei]
[12Aug2024 14:53:55.018] [REI-ReloadPlugins/INFO] [REI/]: [REI]  - (0.00) JEI Plugin [AlexsCavesPlugin:alexscaves:alexscaves] of REI Plugin Compatibilities Adapter [rei_plugin_compatibilities, jei]
[12Aug2024 14:53:55.018] [REI-ReloadPlugins/INFO] [REI/]: [REI]  - (0.00) JEI Plugin [JeiModPlugin:jeimultiblocks:plugin] of REI Plugin Compatibilities Adapter [rei_plugin_compatibilities, jei]
[12Aug2024 14:53:55.018] [REI-ReloadPlugins/INFO] [REI/]: [REI]  - (0.00) JEI Plugin [BloodMagicJEIPlugin:bloodmagic:jei_plugin] of REI Plugin Compatibilities Adapter [rei_plugin_compatibilities, jei]
[12Aug2024 14:53:55.018] [REI-ReloadPlugins/INFO] [REI/]: [REI]  - (0.00) JEI Plugin [BfrJEI:bfr:jei_plugin] of REI Plugin Compatibilities Adapter [rei_plugin_compatibilities, jei]
[12Aug2024 14:53:55.018] [REI-ReloadPlugins/INFO] [REI/]: [REI]  - (0.00) JEI Plugin [JEIPlugin:pneumaticcraft:default] of REI Plugin Compatibilities Adapter [rei_plugin_compatibilities, jei]
[12Aug2024 14:53:55.018] [Server thread/INFO] [net.minecraft.server.MinecraftServer/]: KubeJS errors found [1]! Run '/kubejs errors server' for more info
[12Aug2024 14:53:55.018] [REI-ReloadPlugins/INFO] [REI/]: [REI]  - (0.00) JEI Plugin [JEIRuntimeCapturer:modernfix:capturer] of REI Plugin Compatibilities Adapter [rei_plugin_compatibilities, jei]
[12Aug2024 14:53:55.019] [REI-ReloadPlugins/INFO] [REI/]: [REI]  - (0.00) JEI Plugin [CBCJEI:createbigcannons:jei_plugin] of REI Plugin Compatibilities Adapter [rei_plugin_compatibilities, jei]
[12Aug2024 14:53:55.019] [REI-ReloadPlugins/INFO] [REI/]: [REI]  - (0.00) ReiIsDumbClientPlugin of ReiIsDumbClientPlugin [ad_astra]
[12Aug2024 14:53:55.019] [Server thread/INFO] [KubeJS Server/]: Server resource reload complete!
[12Aug2024 14:53:55.019] [REI-ReloadPlugins/INFO] [REI/]: [REI]  - (0.00) REI Plugin Compatibilities Client Handler of REI Plugin Compatibilities Client Handler [rei_plugin_compatibilities, jei]
[12Aug2024 14:53:55.019] [REI-ReloadPlugins/INFO] [REI/]: [REI]  - (0.00) AE2 of AE2 [ae2]
[12Aug2024 14:53:55.019] [REI-ReloadPlugins/INFO] [REI/]: [REI]  - (0.00) HideIngredientsFromTagsPlugin of HideIngredientsFromTagsPlugin [roughlyenoughitems]
[12Aug2024 14:53:55.019] [REI-ReloadPlugins/INFO] [REI/]: [REI]  - (0.00) DefaultClientRuntimePlugin of DefaultClientRuntimePlugin [roughlyenoughitems]
[12Aug2024 14:53:55.019] [REI-ReloadPlugins/INFO] [REI/]: [REI]  - (10000000.00) REIForgePluginStub of REIForgePluginStub [kubejs]
[12Aug2024 14:53:55.019] [REI-ReloadPlugins/INFO] [REI/]: [REI] @@@@@@@@@@@@@@@@@@@@@@@@@@@@@@@@@@@@@@@@
[12Aug2024 14:53:55.040] [Render thread/WARN] [REI/]: [REI] Suppressing Reload Plugins of stage START
[12Aug2024 14:53:55.055] [Render thread/WARN] [net.minecraft.client.ClientRecipeBook/]: Unknown recipe category: ae2:charger/ae2:charger/charged_certus_quartz_crystal
[12Aug2024 14:53:55.063] [Render thread/WARN] [net.minecraft.client.ClientRecipeBook/]: Unknown recipe category: ae2:charger/ae2:charger/guide
[12Aug2024 14:53:55.091] [Render thread/WARN] [net.minecraft.client.ClientRecipeBook/]: Unknown recipe category: ae2:charger/ae2:charger/meteorite_compass
[12Aug2024 14:53:55.117] [Render thread/INFO] [net.minecraft.advancements.AdvancementList/]: Loaded 27 advancements
[12Aug2024 14:53:55.117] [Render thread/INFO] [net.minecraft.client.gui.components.ChatComponent/]: [System] [CHAT] KubeJS errors found [1]! Run '/kubejs errors server' for more info
[12Aug2024 14:53:56.315] [REI-ReloadPlugins/INFO] [REI/]: [REI] ----------------------------------------
[12Aug2024 14:53:56.315] [REI-ReloadPlugins/INFO] [REI/]: [REI] REIServerPlugin starting main-reload for START.
[12Aug2024 14:53:56.316] [REI-ReloadPlugins/INFO] [REI/]: [REI] Plugins (2):
[12Aug2024 14:53:56.316] [REI-ReloadPlugins/INFO] [REI/]: [REI]  - (-100.00) DefaultPluginImpl of DefaultPluginImpl [roughlyenoughitems]
[12Aug2024 14:53:56.316] [REI-ReloadPlugins/INFO] [REI/]: [REI]  - (0.00) DefaultRuntimePlugin of DefaultRuntimePlugin [roughlyenoughitems]
[12Aug2024 14:53:56.316] [REI-ReloadPlugins/INFO] [REI/]: [REI] ----------------------------------------
[12Aug2024 14:53:56.323] [REI-ReloadPlugins/INFO] [REI/]: [REI] REIPlugin finished post-reload for START in 2.668 ms, totaling 31.15 ms.
[12Aug2024 14:53:56.328] [REI-ReloadPlugins/INFO] [REI/]: [REI] REIClientPlugin finished post-reload for START in 2.709 ms, totaling 1.305 s.
[12Aug2024 14:53:56.328] [REI-ReloadPlugins/INFO] [REI/]: [REI] REIServerPlugin finished post-reload for START in 211.9 ?s, totaling 2.942 ms.
[12Aug2024 14:53:56.339] [REI-ReloadPlugins/INFO] [REI/]: [REI] ++++++++++++++++++++++++++++++++++++++++
[12Aug2024 14:53:56.339] [REI-ReloadPlugins/INFO] [REI/]: [REI] REIPlugin starting main-reload for END.
[12Aug2024 14:53:56.339] [REI-ReloadPlugins/INFO] [REI/]: [REI] Plugins (38):
[12Aug2024 14:53:56.340] [REI-ReloadPlugins/INFO] [REI/]: [REI]  - (-100.00) DefaultClientPluginImpl of DefaultClientPluginImpl [roughlyenoughitems]
[12Aug2024 14:53:56.340] [REI-ReloadPlugins/INFO] [REI/]: [REI]  - (-100.00) DefaultPluginImpl of DefaultPluginImpl [roughlyenoughitems]
[12Aug2024 14:53:56.340] [REI-ReloadPlugins/INFO] [REI/]: [REI]  - (0.00) HideIngredientsFromTagsPlugin of HideIngredientsFromTagsPlugin [roughlyenoughitems]
[12Aug2024 14:53:56.340] [REI-ReloadPlugins/INFO] [REI/]: [REI]  - (0.00) DefaultClientRuntimePlugin of DefaultClientRuntimePlugin [roughlyenoughitems]
[12Aug2024 14:53:56.340] [REI-ReloadPlugins/INFO] [REI/]: [REI]  - (0.00) DefaultRuntimePlugin of DefaultRuntimePlugin [roughlyenoughitems]
[12Aug2024 14:53:56.340] [REI-ReloadPlugins/INFO] [REI/]: [REI]  - (0.00) JEI Plugin [AdAstraJeiPlugin:ad_astra:jei] of REI Plugin Compatibilities Adapter [rei_plugin_compatibilities, jei]
[12Aug2024 14:53:56.340] [REI-ReloadPlugins/INFO] [REI/]: [REI]  - (0.00) JEI Plugin [CreateAdditionJEI:createaddition:jei_plugin] of REI Plugin Compatibilities Adapter [rei_plugin_compatibilities, jei]
[12Aug2024 14:53:56.340] [REI-ReloadPlugins/INFO] [REI/]: [REI]  - (0.00) JEI Plugin [DEJEIPlugin:draconicevolution:jei_plugin] of REI Plugin Compatibilities Adapter [rei_plugin_compatibilities, jei]
[12Aug2024 14:53:56.340] [REI-ReloadPlugins/INFO] [REI/]: [REI]  - (0.00) JEI Plugin [BCJEIPlugin:brandonscore:jei_plugin] of REI Plugin Compatibilities Adapter [rei_plugin_compatibilities, jei]
[12Aug2024 14:53:56.340] [REI-ReloadPlugins/INFO] [REI/]: [REI]  - (0.00) JEI Plugin [JEIPlugin:codechickenlib:jei_plugin] of REI Plugin Compatibilities Adapter [rei_plugin_compatibilities, jei]
[12Aug2024 14:53:56.340] [REI-ReloadPlugins/INFO] [REI/]: [REI]  - (0.00) JEI Plugin [Plugin:refurbished_furniture:plugin] of REI Plugin Compatibilities Adapter [rei_plugin_compatibilities, jei]
[12Aug2024 14:53:56.340] [REI-ReloadPlugins/INFO] [REI/]: [REI]  - (0.00) JEI Plugin [JEIPlugin:functionalstorage:main] of REI Plugin Compatibilities Adapter [rei_plugin_compatibilities, jei]
[12Aug2024 14:53:56.341] [REI-ReloadPlugins/INFO] [REI/]: [REI]  - (0.00) JEI Plugin [JEIComputerCraft:computercraft:jei] of REI Plugin Compatibilities Adapter [rei_plugin_compatibilities, jei]
[12Aug2024 14:53:56.341] [REI-ReloadPlugins/INFO] [REI/]: [REI]  - (0.00) JEI Plugin [JEIPlugin:kubejs:jei] of REI Plugin Compatibilities Adapter [rei_plugin_compatibilities, jei]
[12Aug2024 14:53:56.341] [REI-ReloadPlugins/INFO] [REI/]: [REI]  - (0.00) JEI Plugin [JEIPlugin:minecraft:minecolonies] of REI Plugin Compatibilities Adapter [rei_plugin_compatibilities, jei]
[12Aug2024 14:53:56.341] [REI-ReloadPlugins/INFO] [REI/]: [REI]  - (0.00) JEI Plugin [ABJEIPlugin:appbot:main] of REI Plugin Compatibilities Adapter [rei_plugin_compatibilities, jei]
[12Aug2024 14:53:56.341] [REI-ReloadPlugins/INFO] [REI/]: [REI]  - (0.00) JEI Plugin [PatchouliJeiPlugin:patchouli:patchouli] of REI Plugin Compatibilities Adapter [rei_plugin_compatibilities, jei]
[12Aug2024 14:53:56.341] [REI-ReloadPlugins/INFO] [REI/]: [REI]  - (0.00) JEI Plugin [CreateJEI:create:jei_plugin] of REI Plugin Compatibilities Adapter [rei_plugin_compatibilities, jei]
[12Aug2024 14:53:56.341] [REI-ReloadPlugins/INFO] [REI/]: [REI]  - (0.00) JEI Plugin [GeneratorsJEI:mekanismgenerators:jei_plugin] of REI Plugin Compatibilities Adapter [rei_plugin_compatibilities, jei]
[12Aug2024 14:53:56.341] [REI-ReloadPlugins/INFO] [REI/]: [REI]  - (0.00) JEI Plugin [MekanismJEI:mekanism:jei_plugin] of REI Plugin Compatibilities Adapter [rei_plugin_compatibilities, jei]
[12Aug2024 14:53:56.341] [REI-ReloadPlugins/INFO] [REI/]: [REI]  - (0.00) JEI Plugin [CuriosJeiPlugin:curios:curios] of REI Plugin Compatibilities Adapter [rei_plugin_compatibilities, jei]
[12Aug2024 14:53:56.342] [REI-ReloadPlugins/INFO] [REI/]: [REI]  - (0.00) JEI Plugin [JEIPlugin:minecraft:domum_ornamentum] of REI Plugin Compatibilities Adapter [rei_plugin_compatibilities, jei]
[12Aug2024 14:53:56.342] [REI-ReloadPlugins/INFO] [REI/]: [REI]  - (0.00) JEI Plugin [JEIBotaniaPlugin:botania:main] of REI Plugin Compatibilities Adapter [rei_plugin_compatibilities, jei]
[12Aug2024 14:53:56.342] [REI-ReloadPlugins/INFO] [REI/]: [REI]  - (0.00) JEI Plugin [JEIPlugin:ae2:core] of REI Plugin Compatibilities Adapter [rei_plugin_compatibilities, jei]
[12Aug2024 14:53:56.342] [REI-ReloadPlugins/INFO] [REI/]: [REI]  - (0.00) JEI Plugin [JEICompat:jade:main] of REI Plugin Compatibilities Adapter [rei_plugin_compatibilities, jei]
[12Aug2024 14:53:56.342] [REI-ReloadPlugins/INFO] [REI/]: [REI]  - (0.00) JEI Plugin [JEIHelper:immersiveengineering:main] of REI Plugin Compatibilities Adapter [rei_plugin_compatibilities, jei]
[12Aug2024 14:53:56.342] [REI-ReloadPlugins/INFO] [REI/]: [REI]  - (0.00) JEI Plugin [TitaniumJEIPlugin:titanium:default] of REI Plugin Compatibilities Adapter [rei_plugin_compatibilities, jei]
[12Aug2024 14:53:56.342] [REI-ReloadPlugins/INFO] [REI/]: [REI]  - (0.00) JEI Plugin [AlexsCavesPlugin:alexscaves:alexscaves] of REI Plugin Compatibilities Adapter [rei_plugin_compatibilities, jei]
[12Aug2024 14:53:56.342] [REI-ReloadPlugins/INFO] [REI/]: [REI]  - (0.00) JEI Plugin [JeiModPlugin:jeimultiblocks:plugin] of REI Plugin Compatibilities Adapter [rei_plugin_compatibilities, jei]
[12Aug2024 14:53:56.342] [REI-ReloadPlugins/INFO] [REI/]: [REI]  - (0.00) JEI Plugin [BloodMagicJEIPlugin:bloodmagic:jei_plugin] of REI Plugin Compatibilities Adapter [rei_plugin_compatibilities, jei]
[12Aug2024 14:53:56.342] [REI-ReloadPlugins/INFO] [REI/]: [REI]  - (0.00) JEI Plugin [BfrJEI:bfr:jei_plugin] of REI Plugin Compatibilities Adapter [rei_plugin_compatibilities, jei]
[12Aug2024 14:53:56.342] [REI-ReloadPlugins/INFO] [REI/]: [REI]  - (0.00) JEI Plugin [JEIPlugin:pneumaticcraft:default] of REI Plugin Compatibilities Adapter [rei_plugin_compatibilities, jei]
[12Aug2024 14:53:56.342] [REI-ReloadPlugins/INFO] [REI/]: [REI]  - (0.00) JEI Plugin [JEIRuntimeCapturer:modernfix:capturer] of REI Plugin Compatibilities Adapter [rei_plugin_compatibilities, jei]
[12Aug2024 14:53:56.342] [REI-ReloadPlugins/INFO] [REI/]: [REI]  - (0.00) JEI Plugin [CBCJEI:createbigcannons:jei_plugin] of REI Plugin Compatibilities Adapter [rei_plugin_compatibilities, jei]
[12Aug2024 14:53:56.342] [REI-ReloadPlugins/INFO] [REI/]: [REI]  - (0.00) ReiIsDumbClientPlugin of ReiIsDumbClientPlugin [ad_astra]
[12Aug2024 14:53:56.343] [REI-ReloadPlugins/INFO] [REI/]: [REI]  - (0.00) REI Plugin Compatibilities Client Handler of REI Plugin Compatibilities Client Handler [rei_plugin_compatibilities, jei]
[12Aug2024 14:53:56.343] [REI-ReloadPlugins/INFO] [REI/]: [REI]  - (0.00) AE2 of AE2 [ae2]
[12Aug2024 14:53:56.343] [REI-ReloadPlugins/INFO] [REI/]: [REI]  - (10000000.00) REIForgePluginStub of REIForgePluginStub [kubejs]
[12Aug2024 14:53:56.343] [REI-ReloadPlugins/INFO] [REI/]: [REI] ++++++++++++++++++++++++++++++++++++++++
[12Aug2024 14:53:56.357] [REI-ReloadPlugins/INFO] [REI/]: [REI] @@@@@@@@@@@@@@@@@@@@@@@@@@@@@@@@@@@@@@@@
[12Aug2024 14:53:56.357] [REI-ReloadPlugins/INFO] [REI/]: [REI] REIClientPlugin starting main-reload for END.
[12Aug2024 14:53:56.357] [REI-ReloadPlugins/INFO] [REI/]: [REI] Plugins (36):
[12Aug2024 14:53:56.358] [REI-ReloadPlugins/INFO] [REI/]: [REI]  - (-100.00) DefaultClientPluginImpl of DefaultClientPluginImpl [roughlyenoughitems]
[12Aug2024 14:53:56.358] [REI-ReloadPlugins/INFO] [REI/]: [REI]  - (0.00) JEI Plugin [AdAstraJeiPlugin:ad_astra:jei] of REI Plugin Compatibilities Adapter [rei_plugin_compatibilities, jei]
[12Aug2024 14:53:56.358] [REI-ReloadPlugins/INFO] [REI/]: [REI]  - (0.00) JEI Plugin [CreateAdditionJEI:createaddition:jei_plugin] of REI Plugin Compatibilities Adapter [rei_plugin_compatibilities, jei]
[12Aug2024 14:53:56.358] [REI-ReloadPlugins/INFO] [REI/]: [REI]  - (0.00) JEI Plugin [DEJEIPlugin:draconicevolution:jei_plugin] of REI Plugin Compatibilities Adapter [rei_plugin_compatibilities, jei]
[12Aug2024 14:53:56.358] [REI-ReloadPlugins/INFO] [REI/]: [REI]  - (0.00) JEI Plugin [BCJEIPlugin:brandonscore:jei_plugin] of REI Plugin Compatibilities Adapter [rei_plugin_compatibilities, jei]
[12Aug2024 14:53:56.358] [REI-ReloadPlugins/INFO] [REI/]: [REI]  - (0.00) JEI Plugin [JEIPlugin:codechickenlib:jei_plugin] of REI Plugin Compatibilities Adapter [rei_plugin_compatibilities, jei]
[12Aug2024 14:53:56.358] [REI-ReloadPlugins/INFO] [REI/]: [REI]  - (0.00) JEI Plugin [Plugin:refurbished_furniture:plugin] of REI Plugin Compatibilities Adapter [rei_plugin_compatibilities, jei]
[12Aug2024 14:53:56.358] [REI-ReloadPlugins/INFO] [REI/]: [REI]  - (0.00) JEI Plugin [JEIPlugin:functionalstorage:main] of REI Plugin Compatibilities Adapter [rei_plugin_compatibilities, jei]
[12Aug2024 14:53:56.358] [REI-ReloadPlugins/INFO] [REI/]: [REI]  - (0.00) JEI Plugin [JEIComputerCraft:computercraft:jei] of REI Plugin Compatibilities Adapter [rei_plugin_compatibilities, jei]
[12Aug2024 14:53:56.358] [REI-ReloadPlugins/INFO] [REI/]: [REI]  - (0.00) JEI Plugin [JEIPlugin:kubejs:jei] of REI Plugin Compatibilities Adapter [rei_plugin_compatibilities, jei]
[12Aug2024 14:53:56.358] [REI-ReloadPlugins/INFO] [REI/]: [REI]  - (0.00) JEI Plugin [JEIPlugin:minecraft:minecolonies] of REI Plugin Compatibilities Adapter [rei_plugin_compatibilities, jei]
[12Aug2024 14:53:56.358] [REI-ReloadPlugins/INFO] [REI/]: [REI]  - (0.00) JEI Plugin [ABJEIPlugin:appbot:main] of REI Plugin Compatibilities Adapter [rei_plugin_compatibilities, jei]
[12Aug2024 14:53:56.358] [REI-ReloadPlugins/INFO] [REI/]: [REI]  - (0.00) JEI Plugin [PatchouliJeiPlugin:patchouli:patchouli] of REI Plugin Compatibilities Adapter [rei_plugin_compatibilities, jei]
[12Aug2024 14:53:56.358] [REI-ReloadPlugins/INFO] [REI/]: [REI]  - (0.00) JEI Plugin [CreateJEI:create:jei_plugin] of REI Plugin Compatibilities Adapter [rei_plugin_compatibilities, jei]
[12Aug2024 14:53:56.358] [REI-ReloadPlugins/INFO] [REI/]: [REI]  - (0.00) JEI Plugin [GeneratorsJEI:mekanismgenerators:jei_plugin] of REI Plugin Compatibilities Adapter [rei_plugin_compatibilities, jei]
[12Aug2024 14:53:56.358] [REI-ReloadPlugins/INFO] [REI/]: [REI]  - (0.00) JEI Plugin [MekanismJEI:mekanism:jei_plugin] of REI Plugin Compatibilities Adapter [rei_plugin_compatibilities, jei]
[12Aug2024 14:53:56.359] [REI-ReloadPlugins/INFO] [REI/]: [REI]  - (0.00) JEI Plugin [CuriosJeiPlugin:curios:curios] of REI Plugin Compatibilities Adapter [rei_plugin_compatibilities, jei]
[12Aug2024 14:53:56.359] [REI-ReloadPlugins/INFO] [REI/]: [REI]  - (0.00) JEI Plugin [JEIPlugin:minecraft:domum_ornamentum] of REI Plugin Compatibilities Adapter [rei_plugin_compatibilities, jei]
[12Aug2024 14:53:56.359] [REI-ReloadPlugins/INFO] [REI/]: [REI]  - (0.00) JEI Plugin [JEIBotaniaPlugin:botania:main] of REI Plugin Compatibilities Adapter [rei_plugin_compatibilities, jei]
[12Aug2024 14:53:56.359] [REI-ReloadPlugins/INFO] [REI/]: [REI]  - (0.00) JEI Plugin [JEIPlugin:ae2:core] of REI Plugin Compatibilities Adapter [rei_plugin_compatibilities, jei]
[12Aug2024 14:53:56.359] [REI-ReloadPlugins/INFO] [REI/]: [REI]  - (0.00) JEI Plugin [JEICompat:jade:main] of REI Plugin Compatibilities Adapter [rei_plugin_compatibilities, jei]
[12Aug2024 14:53:56.359] [REI-ReloadPlugins/INFO] [REI/]: [REI]  - (0.00) JEI Plugin [JEIHelper:immersiveengineering:main] of REI Plugin Compatibilities Adapter [rei_plugin_compatibilities, jei]
[12Aug2024 14:53:56.359] [REI-ReloadPlugins/INFO] [REI/]: [REI]  - (0.00) JEI Plugin [TitaniumJEIPlugin:titanium:default] of REI Plugin Compatibilities Adapter [rei_plugin_compatibilities, jei]
[12Aug2024 14:53:56.359] [REI-ReloadPlugins/INFO] [REI/]: [REI]  - (0.00) JEI Plugin [AlexsCavesPlugin:alexscaves:alexscaves] of REI Plugin Compatibilities Adapter [rei_plugin_compatibilities, jei]
[12Aug2024 14:53:56.359] [REI-ReloadPlugins/INFO] [REI/]: [REI]  - (0.00) JEI Plugin [JeiModPlugin:jeimultiblocks:plugin] of REI Plugin Compatibilities Adapter [rei_plugin_compatibilities, jei]
[12Aug2024 14:53:56.359] [REI-ReloadPlugins/INFO] [REI/]: [REI]  - (0.00) JEI Plugin [BloodMagicJEIPlugin:bloodmagic:jei_plugin] of REI Plugin Compatibilities Adapter [rei_plugin_compatibilities, jei]
[12Aug2024 14:53:56.359] [REI-ReloadPlugins/INFO] [REI/]: [REI]  - (0.00) JEI Plugin [BfrJEI:bfr:jei_plugin] of REI Plugin Compatibilities Adapter [rei_plugin_compatibilities, jei]
[12Aug2024 14:53:56.359] [REI-ReloadPlugins/INFO] [REI/]: [REI]  - (0.00) JEI Plugin [JEIPlugin:pneumaticcraft:default] of REI Plugin Compatibilities Adapter [rei_plugin_compatibilities, jei]
[12Aug2024 14:53:56.359] [REI-ReloadPlugins/INFO] [REI/]: [REI]  - (0.00) JEI Plugin [JEIRuntimeCapturer:modernfix:capturer] of REI Plugin Compatibilities Adapter [rei_plugin_compatibilities, jei]
[12Aug2024 14:53:56.359] [REI-ReloadPlugins/INFO] [REI/]: [REI]  - (0.00) JEI Plugin [CBCJEI:createbigcannons:jei_plugin] of REI Plugin Compatibilities Adapter [rei_plugin_compatibilities, jei]
[12Aug2024 14:53:56.359] [REI-ReloadPlugins/INFO] [REI/]: [REI]  - (0.00) ReiIsDumbClientPlugin of ReiIsDumbClientPlugin [ad_astra]
[12Aug2024 14:53:56.360] [REI-ReloadPlugins/INFO] [REI/]: [REI]  - (0.00) REI Plugin Compatibilities Client Handler of REI Plugin Compatibilities Client Handler [rei_plugin_compatibilities, jei]
[12Aug2024 14:53:56.360] [REI-ReloadPlugins/INFO] [REI/]: [REI]  - (0.00) AE2 of AE2 [ae2]
[12Aug2024 14:53:56.360] [REI-ReloadPlugins/INFO] [REI/]: [REI]  - (0.00) HideIngredientsFromTagsPlugin of HideIngredientsFromTagsPlugin [roughlyenoughitems]
[12Aug2024 14:53:56.360] [REI-ReloadPlugins/INFO] [REI/]: [REI]  - (0.00) DefaultClientRuntimePlugin of DefaultClientRuntimePlugin [roughlyenoughitems]
[12Aug2024 14:53:56.360] [REI-ReloadPlugins/INFO] [REI/]: [REI]  - (10000000.00) REIForgePluginStub of REIForgePluginStub [kubejs]
[12Aug2024 14:53:56.360] [REI-ReloadPlugins/INFO] [REI/]: [REI] @@@@@@@@@@@@@@@@@@@@@@@@@@@@@@@@@@@@@@@@
[12Aug2024 14:53:57.028] [Render thread/INFO] [de.keksuccino.fancymenu.customization.layer.ScreenCustomizationLayerHandler/]: [FANCYMENU] ScreenCustomizationLayer registered: dev.latvian.mods.kubejs.client.KubeJSErrorScreen
[12Aug2024 14:53:57.063] [Server thread/INFO] [net.minecraft.client.server.IntegratedServer/]: Saving and pausing game...
[12Aug2024 14:53:57.074] [Server thread/INFO] [net.minecraft.server.MinecraftServer/]: Saving chunks for level 'ServerLevel[New World]'/minecraft:overworld
[12Aug2024 14:53:57.087] [Server thread/INFO] [net.minecraft.server.MinecraftServer/]: Saving chunks for level 'ServerLevel[New World]'/ad_astra:glacio_orbit
[12Aug2024 14:53:57.090] [Server thread/INFO] [net.minecraft.server.MinecraftServer/]: Saving chunks for level 'ServerLevel[New World]'/bloodmagic:dungeon
[12Aug2024 14:53:57.093] [Server thread/INFO] [net.minecraft.server.MinecraftServer/]: Saving chunks for level 'ServerLevel[New World]'/ad_astra:venus_orbit
[12Aug2024 14:53:57.095] [Server thread/INFO] [net.minecraft.server.MinecraftServer/]: Saving chunks for level 'ServerLevel[New World]'/minecraft:the_nether
[12Aug2024 14:53:57.097] [Server thread/INFO] [net.minecraft.server.MinecraftServer/]: Saving chunks for level 'ServerLevel[New World]'/ad_astra:earth_orbit
[12Aug2024 14:53:57.101] [Server thread/INFO] [net.minecraft.server.MinecraftServer/]: Saving chunks for level 'ServerLevel[New World]'/ad_astra:venus
[12Aug2024 14:53:57.104] [Server thread/INFO] [net.minecraft.server.MinecraftServer/]: Saving chunks for level 'ServerLevel[New World]'/ad_astra:mercury_orbit
[12Aug2024 14:53:57.108] [Server thread/INFO] [net.minecraft.server.MinecraftServer/]: Saving chunks for level 'ServerLevel[New World]'/ad_astra:moon
[12Aug2024 14:53:57.112] [Server thread/INFO] [net.minecraft.server.MinecraftServer/]: Saving chunks for level 'ServerLevel[New World]'/ad_astra:mercury
[12Aug2024 14:53:57.116] [Server thread/INFO] [net.minecraft.server.MinecraftServer/]: Saving chunks for level 'ServerLevel[New World]'/minecraft:the_end
[12Aug2024 14:53:57.118] [Server thread/INFO] [net.minecraft.server.MinecraftServer/]: Saving chunks for level 'ServerLevel[New World]'/ad_astra:mars_orbit
[12Aug2024 14:53:57.122] [Server thread/INFO] [net.minecraft.server.MinecraftServer/]: Saving chunks for level 'ServerLevel[New World]'/ad_astra:moon_orbit
[12Aug2024 14:53:57.125] [Server thread/INFO] [net.minecraft.server.MinecraftServer/]: Saving chunks for level 'ServerLevel[New World]'/ad_astra:glacio
[12Aug2024 14:53:57.129] [Server thread/INFO] [net.minecraft.server.MinecraftServer/]: Saving chunks for level 'ServerLevel[New World]'/ad_astra:mars
[12Aug2024 14:53:57.132] [Server thread/INFO] [net.minecraft.server.MinecraftServer/]: Saving chunks for level 'ServerLevel[New World]'/ae2:spatial_storage
[12Aug2024 14:53:58.139] [REI-ReloadPlugins/INFO] [immersiveengineering/]: Adding recipes to JEI!!
[12Aug2024 14:53:58.183] [REI-ReloadPlugins/INFO] [immersiveengineering/]: Recipes for potions: minecraft:turtle_master, minecraft:poison, alexscaves:glowing, minecraft:long_weakness, minecraft:long_fire_resistance, alexscaves:strong_haste, minecraft:slow_falling, minecraft:long_poison, alexscaves:long_magnetizing, biomemakeover:nocturnal_pot, minecraft:strong_regeneration, minecraft:leaping, minecraft:long_water_breathing, minecraft:long_night_vision, minecraft:strong_slowness, minecraft:long_slowness, minecraft:healing, minecraft:strength, minecraft:slowness, minecraft:long_slow_falling, minecraft:night_vision, biomemakeover:long_nocturnal_pot, minecraft:strong_harming, minecraft:water_breathing, alexscaves:magnetizing, minecraft:strong_healing, minecraft:strong_turtle_master, minecraft:weakness, alexscaves:long_haste, minecraft:fire_resistance, minecraft:regeneration, minecraft:water, minecraft:long_strength, minecraft:harming, alexscaves:long_glowing, minecraft:strong_poison, minecraft:strong_strength, minecraft:strong_swiftness, alexscaves:long_deepsight, minecraft:strong_leaping, minecraft:awkward, minecraft:long_invisibility, minecraft:long_turtle_master, alexscaves:deepsight, minecraft:long_swiftness, minecraft:long_leaping, biomemakeover:actidote_pot, minecraft:swiftness, minecraft:invisibility, alexscaves:haste, minecraft:long_regeneration
[12Aug2024 14:53:59.092] [REI-ReloadPlugins/INFO] [REI/]: [REI] @@@@@@@@@@@@@@@@@@@@@@@@@@@@@@@@@@@@@@@@
[12Aug2024 14:53:59.092] [REI-ReloadPlugins/INFO] [REI/]: [REI] REIServerPlugin starting main-reload for END.
[12Aug2024 14:53:59.092] [REI-ReloadPlugins/INFO] [REI/]: [REI] Plugins (2):
[12Aug2024 14:53:59.092] [REI-ReloadPlugins/INFO] [REI/]: [REI]  - (-100.00) DefaultPluginImpl of DefaultPluginImpl [roughlyenoughitems]
[12Aug2024 14:53:59.092] [REI-ReloadPlugins/INFO] [REI/]: [REI]  - (0.00) DefaultRuntimePlugin of DefaultRuntimePlugin [roughlyenoughitems]
[12Aug2024 14:53:59.092] [REI-ReloadPlugins/INFO] [REI/]: [REI] @@@@@@@@@@@@@@@@@@@@@@@@@@@@@@@@@@@@@@@@
[12Aug2024 14:53:59.095] [REI-ReloadPlugins/INFO] [REI/]: [REI] REIPlugin finished post-reload for END in 1.255 ms, totaling 21.96 ms.
[12Aug2024 14:53:59.098] [REI-ReloadPlugins/ERROR] [REI/]: [REI] Display [ad_astra:compressing/iron_plate_from_compressing_iron_ingot] me.shedaniel.rei.jeicompat.wrap.JEIWrappedDisplay@629717b7 failed validation check for category [ad_astra:compressing] earth.terrarium.adastra.common.compat.rei.categories.CompressingCategory@10a44e15
[12Aug2024 14:53:59.098] [REI-ReloadPlugins/ERROR] [REI/]: [REI] Display [ad_astra:compressing/calorite_plate_from_compressing_calorite_blocks] me.shedaniel.rei.jeicompat.wrap.JEIWrappedDisplay@57536d40 failed validation check for category [ad_astra:compressing] earth.terrarium.adastra.common.compat.rei.categories.CompressingCategory@10a44e15
[12Aug2024 14:53:59.098] [REI-ReloadPlugins/ERROR] [REI/]: [REI] Display [ad_astra:compressing/steel_plate_from_compressing_steel_blocks] me.shedaniel.rei.jeicompat.wrap.JEIWrappedDisplay@5972eba5 failed validation check for category [ad_astra:compressing] earth.terrarium.adastra.common.compat.rei.categories.CompressingCategory@10a44e15
[12Aug2024 14:53:59.098] [REI-ReloadPlugins/ERROR] [REI/]: [REI] Display [ad_astra:compressing/ostrum_plate_from_compressing_ostrum_blocks] me.shedaniel.rei.jeicompat.wrap.JEIWrappedDisplay@714995a6 failed validation check for category [ad_astra:compressing] earth.terrarium.adastra.common.compat.rei.categories.CompressingCategory@10a44e15
[12Aug2024 14:53:59.099] [REI-ReloadPlugins/ERROR] [REI/]: [REI] Display [ad_astra:compressing/desh_plate_from_compressing_desh_blocks] me.shedaniel.rei.jeicompat.wrap.JEIWrappedDisplay@7034813c failed validation check for category [ad_astra:compressing] earth.terrarium.adastra.common.compat.rei.categories.CompressingCategory@10a44e15
[12Aug2024 14:53:59.099] [REI-ReloadPlugins/ERROR] [REI/]: [REI] Display [ad_astra:compressing/calorite_plate_from_compressing_calorite_ingots] me.shedaniel.rei.jeicompat.wrap.JEIWrappedDisplay@3490ccea failed validation check for category [ad_astra:compressing] earth.terrarium.adastra.common.compat.rei.categories.CompressingCategory@10a44e15
[12Aug2024 14:53:59.099] [REI-ReloadPlugins/ERROR] [REI/]: [REI] Display [ad_astra:compressing/desh_plate_from_compressing_desh_ingots] me.shedaniel.rei.jeicompat.wrap.JEIWrappedDisplay@41b81bd0 failed validation check for category [ad_astra:compressing] earth.terrarium.adastra.common.compat.rei.categories.CompressingCategory@10a44e15
[12Aug2024 14:53:59.099] [REI-ReloadPlugins/ERROR] [REI/]: [REI] Display [ad_astra:compressing/steel_plate_from_compressing_steel_ingots] me.shedaniel.rei.jeicompat.wrap.JEIWrappedDisplay@2cace53b failed validation check for category [ad_astra:compressing] earth.terrarium.adastra.common.compat.rei.categories.CompressingCategory@10a44e15
[12Aug2024 14:53:59.099] [REI-ReloadPlugins/ERROR] [REI/]: [REI] Display [ad_astra:compressing/ostrum_plate_from_compressing_ostrum_ingots] me.shedaniel.rei.jeicompat.wrap.JEIWrappedDisplay@266375cd failed validation check for category [ad_astra:compressing] earth.terrarium.adastra.common.compat.rei.categories.CompressingCategory@10a44e15
[12Aug2024 14:53:59.100] [REI-ReloadPlugins/ERROR] [REI/]: [REI] Display [ad_astra:compressing/iron_plate_from_compressing_iron_block] me.shedaniel.rei.jeicompat.wrap.JEIWrappedDisplay@7b7c8cf9 failed validation check for category [ad_astra:compressing] earth.terrarium.adastra.common.compat.rei.categories.CompressingCategory@10a44e15
[12Aug2024 14:53:59.100] [REI-ReloadPlugins/ERROR] [REI/]: [REI] Display [ad_astra:alloying/steel_ingot_from_alloying_iron_ingot_and_coals] me.shedaniel.rei.jeicompat.wrap.JEIWrappedDisplay@3f4755eb failed validation check for category [ad_astra:alloying] earth.terrarium.adastra.common.compat.rei.categories.AlloyingCategory@20c30dbe
[12Aug2024 14:53:59.100] [REI-ReloadPlugins/ERROR] [REI/]: [REI] Display [ad_astra:oxygen_loading/oxygen_from_oxygen_loading_oxygen] me.shedaniel.rei.jeicompat.wrap.JEIWrappedDisplay@161adda3 failed validation check for category [ad_astra:oxygen_loading] earth.terrarium.adastra.common.compat.rei.categories.OxygenLoadingCategory@2e0c9c23
[12Aug2024 14:53:59.100] [REI-ReloadPlugins/ERROR] [REI/]: [REI] Display [ad_astra:oxygen_loading/oxygen_from_oxygen_loading_water] me.shedaniel.rei.jeicompat.wrap.JEIWrappedDisplay@4bad1beb failed validation check for category [ad_astra:oxygen_loading] earth.terrarium.adastra.common.compat.rei.categories.OxygenLoadingCategory@2e0c9c23
[12Aug2024 14:53:59.100] [REI-ReloadPlugins/ERROR] [REI/]: [REI] Display [ad_astra:cryo_freezing/cryo_fuel_from_cryo_freezing_packed_ice] me.shedaniel.rei.jeicompat.wrap.JEIWrappedDisplay@3899bf5a failed validation check for category [ad_astra:cryo_freezing] earth.terrarium.adastra.common.compat.rei.categories.CryoFreezingCategory@5c5d8d81
[12Aug2024 14:53:59.101] [REI-ReloadPlugins/ERROR] [REI/]: [REI] Display [ad_astra:cryo_freezing/cryo_fuel_from_cryo_freezing_blue_ice] me.shedaniel.rei.jeicompat.wrap.JEIWrappedDisplay@3f42a0a failed validation check for category [ad_astra:cryo_freezing] earth.terrarium.adastra.common.compat.rei.categories.CryoFreezingCategory@5c5d8d81
[12Aug2024 14:53:59.101] [REI-ReloadPlugins/ERROR] [REI/]: [REI] Display [ad_astra:cryo_freezing/cryo_fuel_from_cryo_freezing_ice_shard] me.shedaniel.rei.jeicompat.wrap.JEIWrappedDisplay@19930e10 failed validation check for category [ad_astra:cryo_freezing] earth.terrarium.adastra.common.compat.rei.categories.CryoFreezingCategory@5c5d8d81
[12Aug2024 14:53:59.101] [REI-ReloadPlugins/ERROR] [REI/]: [REI] Display [ad_astra:cryo_freezing/cryo_fuel_from_cryo_freezing_ice] me.shedaniel.rei.jeicompat.wrap.JEIWrappedDisplay@560bf18a failed validation check for category [ad_astra:cryo_freezing] earth.terrarium.adastra.common.compat.rei.categories.CryoFreezingCategory@5c5d8d81
[12Aug2024 14:53:59.101] [REI-ReloadPlugins/ERROR] [REI/]: [REI] Display [ad_astra:nasa_workbench/tier_1_rocket_from_nasa_workbench] me.shedaniel.rei.jeicompat.wrap.JEIWrappedDisplay@45b1a05 failed validation check for category [ad_astra:nasa_workbench] earth.terrarium.adastra.common.compat.rei.categories.NasaWorkbenchCategory@d552ca5
[12Aug2024 14:53:59.101] [REI-ReloadPlugins/ERROR] [REI/]: [REI] Display [ad_astra:nasa_workbench/tier_3_rocket_from_nasa_workbench] me.shedaniel.rei.jeicompat.wrap.JEIWrappedDisplay@12ec94e7 failed validation check for category [ad_astra:nasa_workbench] earth.terrarium.adastra.common.compat.rei.categories.NasaWorkbenchCategory@d552ca5
[12Aug2024 14:53:59.101] [REI-ReloadPlugins/ERROR] [REI/]: [REI] Display [ad_astra:nasa_workbench/tier_2_rocket_from_nasa_workbench] me.shedaniel.rei.jeicompat.wrap.JEIWrappedDisplay@3d9e3c15 failed validation check for category [ad_astra:nasa_workbench] earth.terrarium.adastra.common.compat.rei.categories.NasaWorkbenchCategory@d552ca5
[12Aug2024 14:53:59.101] [REI-ReloadPlugins/ERROR] [REI/]: [REI] Display [ad_astra:nasa_workbench/tier_4_rocket_from_nasa_workbench] me.shedaniel.rei.jeicompat.wrap.JEIWrappedDisplay@7e36a6d failed validation check for category [ad_astra:nasa_workbench] earth.terrarium.adastra.common.compat.rei.categories.NasaWorkbenchCategory@d552ca5
[12Aug2024 14:53:59.114] [REI-ReloadPlugins/INFO] [REI/]: [REI] Cancelled Views buildMap since plugins have not finished reloading.
[12Aug2024 14:53:59.504] [REI-ReloadPlugins/WARN] [REI/]: [REI] createFocusLink is not supported in REI yet!
[12Aug2024 14:53:59.504] [REI-ReloadPlugins/WARN] [REI/]: [REI] createFocusLink is not supported in REI yet!
[12Aug2024 14:53:59.544] [REI-ReloadPlugins/INFO] [REI/]: [REI] REIClientPlugin finished post-reload for END in 448.0 ms, totaling 3.185 s.
[12Aug2024 14:53:59.545] [REI-ReloadPlugins/INFO] [REI/]: [REI] REIServerPlugin finished post-reload for END in 188.7 ?s, totaling 1.721 ms.
[12Aug2024 14:54:31.286] [Server thread/INFO] [net.minecraft.server.MinecraftServer/]: [NemEzanevem: Reloading!]
[12Aug2024 14:54:31.289] [Render thread/INFO] [net.minecraft.client.gui.components.ChatComponent/]: [System] [CHAT] Reloading!
[12Aug2024 14:54:31.330] [Server thread/INFO] [KubeJS Server/]: Loaded script server_scripts:bloodmagic/meteors.js in 0.001 s
[12Aug2024 14:54:31.330] [Server thread/INFO] [KubeJS Server/]: Loaded script server_scripts:bloodmagic/more_gating.js in 0.0 s
[12Aug2024 14:54:31.332] [Server thread/INFO] [KubeJS Server/]: Loaded script server_scripts:botania/gating_stuff.js in 0.001 s
[12Aug2024 14:54:31.336] [Server thread/INFO] [KubeJS Server/]: Loaded script server_scripts:integration/create/create_integration_gate.js in 0.004 s
[12Aug2024 14:54:31.337] [Server thread/INFO] [KubeJS Server/]: Loaded script server_scripts:integration/create/other_create_integration.js in 0.001 s
[12Aug2024 14:54:31.337] [Server thread/INFO] [KubeJS Server/]: Loaded 5/5 KubeJS server scripts in 0.015 s with 0 errors and 0 warnings
[12Aug2024 14:54:31.338] [Server thread/INFO] [KubeJS Server/]: Scripts loaded
[12Aug2024 14:54:31.339] [Server thread/INFO] [KubeJS Server/]: Initializing recipe event...
[12Aug2024 14:54:31.679] [Worker-ResourceReload-4/INFO] [KubeJS Server/]: [minecraft:item] Found 1199 tags, added 0 objects, removed 2 objects
[12Aug2024 14:54:32.386] [Server thread/INFO] [KubeJS Server/]: Processing recipes...
[12Aug2024 14:54:32.393] [Server thread/WARN] [KubeJS Server/]: Failed to parse recipe 'botania:brew/fire_resistance[botania:brew]'! Falling back to vanilla: Cannot invoke "net.minecraft.core.Registry.m_7745_(net.minecraft.resources.ResourceLocation)" because "com.prunoideae.custom.brew.BotaniaRegistryObjectBuilderTypes.BREW_REGISTRY" is null
[12Aug2024 14:54:32.402] [Server thread/WARN] [KubeJS Server/]: Failed to parse recipe 'botania:brew/invisibility[botania:brew]'! Falling back to vanilla: Cannot invoke "net.minecraft.core.Registry.m_7745_(net.minecraft.resources.ResourceLocation)" because "com.prunoideae.custom.brew.BotaniaRegistryObjectBuilderTypes.BREW_REGISTRY" is null
[12Aug2024 14:54:32.403] [Server thread/WARN] [KubeJS Server/]: Failed to parse recipe 'botania:brew/clear[botania:brew]'! Falling back to vanilla: Cannot invoke "net.minecraft.core.Registry.m_7745_(net.minecraft.resources.ResourceLocation)" because "com.prunoideae.custom.brew.BotaniaRegistryObjectBuilderTypes.BREW_REGISTRY" is null
[12Aug2024 14:54:32.417] [Server thread/WARN] [KubeJS Server/]: Failed to parse recipe 'botania:brew/feather_feet[botania:brew]'! Falling back to vanilla: Cannot invoke "net.minecraft.core.Registry.m_7745_(net.minecraft.resources.ResourceLocation)" because "com.prunoideae.custom.brew.BotaniaRegistryObjectBuilderTypes.BREW_REGISTRY" is null
[12Aug2024 14:54:32.427] [Server thread/WARN] [KubeJS Server/]: Failed to parse recipe 'botania:brew/bloodthirst[botania:brew]'! Falling back to vanilla: Cannot invoke "net.minecraft.core.Registry.m_7745_(net.minecraft.resources.ResourceLocation)" because "com.prunoideae.custom.brew.BotaniaRegistryObjectBuilderTypes.BREW_REGISTRY" is null
[12Aug2024 14:54:32.435] [Server thread/WARN] [KubeJS Server/]: Failed to parse recipe 'botania:brew/emptiness[botania:brew]'! Falling back to vanilla: Cannot invoke "net.minecraft.core.Registry.m_7745_(net.minecraft.resources.ResourceLocation)" because "com.prunoideae.custom.brew.BotaniaRegistryObjectBuilderTypes.BREW_REGISTRY" is null
[12Aug2024 14:54:32.439] [Server thread/WARN] [KubeJS Server/]: Failed to parse recipe 'botania:brew/absorption[botania:brew]'! Falling back to vanilla: Cannot invoke "net.minecraft.core.Registry.m_7745_(net.minecraft.resources.ResourceLocation)" because "com.prunoideae.custom.brew.BotaniaRegistryObjectBuilderTypes.BREW_REGISTRY" is null
[12Aug2024 14:54:32.441] [Server thread/WARN] [KubeJS Server/]: Failed to parse recipe 'botania:brew/jump_boost[botania:brew]'! Falling back to vanilla: Cannot invoke "net.minecraft.core.Registry.m_7745_(net.minecraft.resources.ResourceLocation)" because "com.prunoideae.custom.brew.BotaniaRegistryObjectBuilderTypes.BREW_REGISTRY" is null
[12Aug2024 14:54:32.442] [Server thread/WARN] [KubeJS Server/]: Failed to parse recipe 'botania:brew/weak_regeneration[botania:brew]'! Falling back to vanilla: Cannot invoke "net.minecraft.core.Registry.m_7745_(net.minecraft.resources.ResourceLocation)" because "com.prunoideae.custom.brew.BotaniaRegistryObjectBuilderTypes.BREW_REGISTRY" is null
[12Aug2024 14:54:32.444] [Server thread/WARN] [KubeJS Server/]: Failed to parse recipe 'botania:brew/regeneration[botania:brew]'! Falling back to vanilla: Cannot invoke "net.minecraft.core.Registry.m_7745_(net.minecraft.resources.ResourceLocation)" because "com.prunoideae.custom.brew.BotaniaRegistryObjectBuilderTypes.BREW_REGISTRY" is null
[12Aug2024 14:54:32.447] [Server thread/WARN] [KubeJS Server/]: Failed to parse recipe 'botania:brew/speed[botania:brew]'! Falling back to vanilla: Cannot invoke "net.minecraft.core.Registry.m_7745_(net.minecraft.resources.ResourceLocation)" because "com.prunoideae.custom.brew.BotaniaRegistryObjectBuilderTypes.BREW_REGISTRY" is null
[12Aug2024 14:54:32.450] [Server thread/WARN] [KubeJS Server/]: Failed to parse recipe 'botania:brew/night_vision[botania:brew]'! Falling back to vanilla: Cannot invoke "net.minecraft.core.Registry.m_7745_(net.minecraft.resources.ResourceLocation)" because "com.prunoideae.custom.brew.BotaniaRegistryObjectBuilderTypes.BREW_REGISTRY" is null
[12Aug2024 14:54:32.459] [Server thread/WARN] [KubeJS Server/]: Failed to parse recipe 'botania:brew/overload[botania:brew]'! Falling back to vanilla: Cannot invoke "net.minecraft.core.Registry.m_7745_(net.minecraft.resources.ResourceLocation)" because "com.prunoideae.custom.brew.BotaniaRegistryObjectBuilderTypes.BREW_REGISTRY" is null
[12Aug2024 14:54:32.462] [Server thread/WARN] [KubeJS Server/]: Failed to parse recipe 'botania:brew/allure[botania:brew]'! Falling back to vanilla: Cannot invoke "net.minecraft.core.Registry.m_7745_(net.minecraft.resources.ResourceLocation)" because "com.prunoideae.custom.brew.BotaniaRegistryObjectBuilderTypes.BREW_REGISTRY" is null
[12Aug2024 14:54:32.470] [Server thread/WARN] [KubeJS Server/]: Failed to parse recipe 'botania:brew/healing[botania:brew]'! Falling back to vanilla: Cannot invoke "net.minecraft.core.Registry.m_7745_(net.minecraft.resources.ResourceLocation)" because "com.prunoideae.custom.brew.BotaniaRegistryObjectBuilderTypes.BREW_REGISTRY" is null
[12Aug2024 14:54:32.493] [Server thread/WARN] [KubeJS Server/]: Failed to parse recipe 'botania:brew/strength[botania:brew]'! Falling back to vanilla: Cannot invoke "net.minecraft.core.Registry.m_7745_(net.minecraft.resources.ResourceLocation)" because "com.prunoideae.custom.brew.BotaniaRegistryObjectBuilderTypes.BREW_REGISTRY" is null
[12Aug2024 14:54:32.497] [Server thread/WARN] [KubeJS Server/]: Failed to parse recipe 'botania:brew/haste[botania:brew]'! Falling back to vanilla: Cannot invoke "net.minecraft.core.Registry.m_7745_(net.minecraft.resources.ResourceLocation)" because "com.prunoideae.custom.brew.BotaniaRegistryObjectBuilderTypes.BREW_REGISTRY" is null
[12Aug2024 14:54:32.500] [Server thread/WARN] [KubeJS Server/]: Failed to parse recipe 'botania:brew/soul_cross[botania:brew]'! Falling back to vanilla: Cannot invoke "net.minecraft.core.Registry.m_7745_(net.minecraft.resources.ResourceLocation)" because "com.prunoideae.custom.brew.BotaniaRegistryObjectBuilderTypes.BREW_REGISTRY" is null
[12Aug2024 14:54:32.654] [Server thread/WARN] [KubeJS Server/]: Failed to parse recipe 'botania:brew/water_breathing[botania:brew]'! Falling back to vanilla: Cannot invoke "net.minecraft.core.Registry.m_7745_(net.minecraft.resources.ResourceLocation)" because "com.prunoideae.custom.brew.BotaniaRegistryObjectBuilderTypes.BREW_REGISTRY" is null
[12Aug2024 14:54:32.661] [Server thread/WARN] [KubeJS Server/]: Failed to parse recipe 'botania:brew/resistance[botania:brew]'! Falling back to vanilla: Cannot invoke "net.minecraft.core.Registry.m_7745_(net.minecraft.resources.ResourceLocation)" because "com.prunoideae.custom.brew.BotaniaRegistryObjectBuilderTypes.BREW_REGISTRY" is null
[12Aug2024 14:54:32.688] [Server thread/INFO] [KubeJS Server/]: Found 11357 recipes in 300.3 ms
[12Aug2024 14:54:32.697] [Server thread/INFO] [KubeJS Server/]: Posted recipe events in 9.554 ms
[12Aug2024 14:54:32.698] [KubeJS Recipe Event Worker 0/WARN] [com.simibubi.create.Create/]: Your custom createaddition:rolling/iron_plate recipe (createaddition:rolling/iron_plate) specified a duration. Durations have no impact on this type of recipe.
[12Aug2024 14:54:32.699] [KubeJS Recipe Event Worker 0/INFO] [pneumaticcraft/]: ignoring heat properties for block decorative_blocks:soul_brazier: mod not loaded
[12Aug2024 14:54:32.702] [KubeJS Recipe Event Worker 0/INFO] [pneumaticcraft/]: ignoring heat properties for block byg:magmatic_stone: mod not loaded
[12Aug2024 14:54:32.702] [KubeJS Recipe Event Worker 0/WARN] [com.simibubi.create.Create/]: Your custom createaddition:rolling/lead_plate recipe (createaddition:rolling/lead_plate) specified a duration. Durations have no impact on this type of recipe.
[12Aug2024 14:54:32.703] [KubeJS Recipe Event Worker 0/INFO] [pneumaticcraft/]: ignoring heat properties for block byg:cryptic_magma_block: mod not loaded
[12Aug2024 14:54:32.704] [KubeJS Recipe Event Worker 0/WARN] [com.simibubi.create.Create/]: Your custom createaddition:rolling/copper_plate recipe (createaddition:rolling/copper_plate) specified a duration. Durations have no impact on this type of recipe.
[12Aug2024 14:54:32.706] [KubeJS Recipe Event Worker 0/WARN] [com.simibubi.create.Create/]: Your custom createaddition:rolling/straw recipe (createaddition:rolling/straw) specified a duration. Durations have no impact on this type of recipe.
[12Aug2024 14:54:32.706] [KubeJS Recipe Event Worker 0/INFO] [pneumaticcraft/]: ignoring heat properties for block betterendforge:emerald_ice: mod not loaded
[12Aug2024 14:54:32.706] [KubeJS Recipe Event Worker 0/WARN] [com.simibubi.create.Create/]: Your custom createaddition:rolling/gold_plate recipe (createaddition:rolling/gold_plate) specified a duration. Durations have no impact on this type of recipe.
[12Aug2024 14:54:32.707] [KubeJS Recipe Event Worker 0/WARN] [com.simibubi.create.Create/]: Your custom createaddition:rolling/gold_ingot recipe (createaddition:rolling/gold_ingot) specified a duration. Durations have no impact on this type of recipe.
[12Aug2024 14:54:32.707] [KubeJS Recipe Event Worker 0/WARN] [com.simibubi.create.Create/]: Your custom createaddition:rolling/steel_plate recipe (createaddition:rolling/steel_plate) specified a duration. Durations have no impact on this type of recipe.
[12Aug2024 14:54:32.707] [KubeJS Recipe Event Worker 0/INFO] [pneumaticcraft/]: ignoring heat properties for block decorative_blocks:brazier: mod not loaded
[12Aug2024 14:54:32.708] [KubeJS Recipe Event Worker 0/INFO] [pneumaticcraft/]: ignoring heat properties for block betterendforge:dense_emerald_ice: mod not loaded
[12Aug2024 14:54:32.709] [KubeJS Recipe Event Worker 0/WARN] [com.simibubi.create.Create/]: Your custom createaddition:rolling/copper_ingot recipe (createaddition:rolling/copper_ingot) specified a duration. Durations have no impact on this type of recipe.
[12Aug2024 14:54:32.711] [KubeJS Recipe Event Worker 0/WARN] [com.simibubi.create.Create/]: Your custom createaddition:rolling/electrum_ingot recipe (createaddition:rolling/electrum_ingot) specified a duration. Durations have no impact on this type of recipe.
[12Aug2024 14:54:32.711] [KubeJS Recipe Event Worker 0/WARN] [com.simibubi.create.Create/]: Your custom createaddition:rolling/aluminum_ingot recipe (createaddition:rolling/aluminum_ingot) specified a duration. Durations have no impact on this type of recipe.
[12Aug2024 14:54:32.711] [KubeJS Recipe Event Worker 0/WARN] [com.simibubi.create.Create/]: Your custom createaddition:rolling/brass_ingot recipe (createaddition:rolling/brass_ingot) specified a duration. Durations have no impact on this type of recipe.
[12Aug2024 14:54:32.711] [KubeJS Recipe Event Worker 0/INFO] [pneumaticcraft/]: ignoring heat properties for block natura:nether_heat_sand: mod not loaded
[12Aug2024 14:54:32.713] [KubeJS Recipe Event Worker 0/INFO] [pneumaticcraft/]: ignoring heat properties for block occultism:spirit_fire: mod not loaded
[12Aug2024 14:54:32.713] [KubeJS Recipe Event Worker 0/INFO] [pneumaticcraft/]: ignoring heat properties for block powah:dry_ice: mod not loaded
[12Aug2024 14:54:32.714] [KubeJS Recipe Event Worker 0/WARN] [com.simibubi.create.Create/]: Your custom createaddition:rolling/electrum_plate recipe (createaddition:rolling/electrum_plate) specified a duration. Durations have no impact on this type of recipe.
[12Aug2024 14:54:32.714] [KubeJS Recipe Event Worker 0/WARN] [com.simibubi.create.Create/]: Your custom createaddition:rolling/aluminum_plate recipe (createaddition:rolling/aluminum_plate) specified a duration. Durations have no impact on this type of recipe.
[12Aug2024 14:54:32.714] [KubeJS Recipe Event Worker 0/INFO] [pneumaticcraft/]: ignoring heat properties for block betterendforge:ancient_emerald_ice: mod not loaded
[12Aug2024 14:54:32.714] [KubeJS Recipe Event Worker 0/WARN] [com.simibubi.create.Create/]: Your custom createaddition:rolling/steel_ingot recipe (createaddition:rolling/steel_ingot) specified a duration. Durations have no impact on this type of recipe.
[12Aug2024 14:54:32.714] [KubeJS Recipe Event Worker 0/INFO] [pneumaticcraft/]: ignoring heat properties for block valhelsia_structures:brazier: mod not loaded
[12Aug2024 14:54:32.714] [KubeJS Recipe Event Worker 0/INFO] [pneumaticcraft/]: ignoring heat properties for block byg:boric_campfire: mod not loaded
[12Aug2024 14:54:32.716] [KubeJS Recipe Event Worker 0/INFO] [pneumaticcraft/]: ignoring heat properties for block byg:cryptic_campfire: mod not loaded
[12Aug2024 14:54:32.716] [KubeJS Recipe Event Worker 0/INFO] [pneumaticcraft/]: ignoring heat properties for block quark:permafrost: mod not loaded
[12Aug2024 14:54:32.716] [KubeJS Recipe Event Worker 0/INFO] [pneumaticcraft/]: ignoring heat properties for block quark:blaze_lantern: mod not loaded
[12Aug2024 14:54:32.716] [KubeJS Recipe Event Worker 0/WARN] [com.simibubi.create.Create/]: Your custom createaddition:rolling/iron_ingot recipe (createaddition:rolling/iron_ingot) specified a duration. Durations have no impact on this type of recipe.
[12Aug2024 14:54:32.717] [KubeJS Recipe Event Worker 0/WARN] [KubeJS Server/]: Error parsing recipe immersiveengineering:arcfurnace/gunmetal_ingot[immersiveengineering:arc_furnace]: {"type":"immersiveengineering:arc_furnace","additives":[{"tag":"forge:dusts/redstone"}],"energy":141200,"input":{"item":"pointblank:gunmetal_mesh"},"results":[{"base_ingredient":{"item":"kubejs:hot_gunmetal_ingot"},"count":1}],"time":200}: Unknown item 'kubejs:hot_gunmetal_ingot'
[12Aug2024 14:54:32.727] [KubeJS Recipe Event Worker 0/WARN] [KubeJS Server/]: Error parsing recipe minecraft:kjs/immersiveengineering_wirecutter[kubejs:shaped]: {"type":"minecraft:crafting_shaped","result":{"item":"immersiveengineering:wirecutter","count":1,"nbt":"{Damage:0}"},"pattern":["AB","A"],"key":{"A":{"item":"immersiveengineering:stick_treated"},"B":{"item":"ad_astra:steel_ingot"}}}: Invalid pattern: each row must be the same width
[12Aug2024 14:54:32.727] [KubeJS Recipe Event Worker 0/WARN] [com.simibubi.create.Create/]: Your custom create:mixing recipe (create:kjs/4j2gj9nqhdmwvh04haxbx077k) has more item inputs (25) than supported (9).
[12Aug2024 14:54:32.728] [KubeJS Recipe Event Worker 0/WARN] [com.simibubi.create.Create/]: Your custom create:mixing recipe (create:kjs/bfmqi74tyt1t6ozglg6mefalw) has more item inputs (10) than supported (9).
[12Aug2024 14:54:32.739] [Server thread/INFO] [KubeJS Server/]: Added 32 recipes, removed 25 recipes, modified 5 recipes, with 2 failed recipes in 40.92 ms
[12Aug2024 14:54:32.739] [Server thread/INFO] [ModernFix/]: Clearing KubeJS recipe lists...
[12Aug2024 14:54:32.873] [Server thread/INFO] [net.minecraft.advancements.AdvancementList/]: Loaded 7185 advancements
[12Aug2024 14:54:32.890] [Server thread/INFO] [top.theillusivec4.curios.Curios/]: Loaded 11 curio slots
[12Aug2024 14:54:32.905] [Server thread/INFO] [top.theillusivec4.curios.Curios/]: Loaded 1 curio entities
[12Aug2024 14:54:32.908] [Server thread/INFO] [minecolonies/]: Beginning load of custom recipes for colony workers
[12Aug2024 14:54:32.909] [Server thread/INFO] [minecolonies/]: Loaded 165 recipes for 16 crafters
[12Aug2024 14:54:32.909] [Server thread/INFO] [minecolonies/]: Beginning load of research for University.
[12Aug2024 14:54:32.955] [Server thread/INFO] [minecolonies/]: Loaded 201 recipes for 4 research branches
[12Aug2024 14:54:32.958] [Server thread/INFO] [minecolonies/]: Loading quests from data
[12Aug2024 14:54:32.962] [Server thread/INFO] [minecolonies/]: Finished loading quests from data
[12Aug2024 14:54:32.964] [Server thread/WARN] [minecolonies/]: Read 1499 items with their nbt keys for compatibility.
[12Aug2024 14:54:32.965] [Server thread/INFO] [dan200.computercraft.impl.UpgradeManager/]: Loaded 9 turtle upgrades
[12Aug2024 14:54:32.965] [Server thread/INFO] [dan200.computercraft.impl.UpgradeManager/]: Loaded 3 pocket computer upgrades
[12Aug2024 14:54:33.236] [Server thread/INFO] [minecolonies/]: Finished discovering Ores 56 57
[12Aug2024 14:54:33.237] [Server thread/INFO] [minecolonies/]: Finished discovering saplings 37
[12Aug2024 14:54:33.237] [Server thread/INFO] [minecolonies/]: Finished discovering plantables 19
[12Aug2024 14:54:33.237] [Server thread/INFO] [minecolonies/]: Finished discovering food 100 125
[12Aug2024 14:54:33.237] [Server thread/INFO] [minecolonies/]: Finished discovering fuel 440
[12Aug2024 14:54:33.237] [Server thread/INFO] [minecolonies/]: Finished discovering flowers 113
[12Aug2024 14:54:33.237] [Server thread/INFO] [minecolonies/]: Finished discovering items 8424
[12Aug2024 14:54:33.237] [Server thread/INFO] [minecolonies/]: Finished discovering lucky oreBlocks 6
[12Aug2024 14:54:33.237] [Server thread/INFO] [minecolonies/]: Finished discovering recruitment costs
[12Aug2024 14:54:33.237] [Server thread/INFO] [minecolonies/]: Finished discovering diseases
[12Aug2024 14:54:33.237] [Server thread/INFO] [minecolonies/]: Finished discovering compostables 324
[12Aug2024 14:54:33.298] [Server thread/INFO] [immersiveengineering/]: Couldn't fully analyze 1 radiator, missing knowledge for {1 water_bucket=0.25}
[12Aug2024 14:54:33.298] [Server thread/INFO] [immersiveengineering/]: Couldn't fully analyze 1 compressed_iron_boots, missing knowledge for {1 leather_boots=1.0}
[12Aug2024 14:54:33.298] [Server thread/INFO] [immersiveengineering/]: Couldn't fully analyze 1 free_runners_armored, missing knowledge for {1 free_runners=1.0}
[12Aug2024 14:54:33.298] [Server thread/INFO] [immersiveengineering/]: Couldn't fully analyze 1 jet_suit_boots, missing knowledge for {1 netherite_space_boots=1.0}
[12Aug2024 14:54:33.298] [Server thread/INFO] [immersiveengineering/]: Couldn't fully analyze 1 compressed_iron_helmet, missing knowledge for {1 leather_helmet=1.0}
[12Aug2024 14:54:33.298] [Server thread/INFO] [immersiveengineering/]: Couldn't fully analyze 1 compressed_iron_chestplate, missing knowledge for {1 leather_chestplate=1.0}
[12Aug2024 14:54:33.298] [Server thread/INFO] [immersiveengineering/]: Couldn't fully analyze 1 netherite_space_pants, missing knowledge for {1 netherite_leggings=1.0}
[12Aug2024 14:54:33.298] [Server thread/INFO] [immersiveengineering/]: Couldn't fully analyze 1 netherite_space_suit, missing knowledge for {1 netherite_chestplate=1.0}
[12Aug2024 14:54:33.299] [Server thread/INFO] [immersiveengineering/]: Couldn't fully analyze 1 jet_suit_pants, missing knowledge for {1 netherite_space_pants=1.0}
[12Aug2024 14:54:33.299] [Server thread/INFO] [immersiveengineering/]: Couldn't fully analyze 1 compressed_iron_leggings, missing knowledge for {1 leather_leggings=1.0}
[12Aug2024 14:54:33.299] [Server thread/INFO] [immersiveengineering/]: Couldn't fully analyze 1 jet_suit_helmet, missing knowledge for {1 netherite_space_helmet=1.0}
[12Aug2024 14:54:33.299] [Server thread/INFO] [immersiveengineering/]: Couldn't fully analyze 1 netherite_space_boots, missing knowledge for {1 netherite_boots=1.0}
[12Aug2024 14:54:33.299] [Server thread/INFO] [immersiveengineering/]: Couldn't fully analyze 1 pneumatic_leggings, missing knowledge for {1 compressed_iron_leggings=1.0}
[12Aug2024 14:54:33.299] [Server thread/INFO] [immersiveengineering/]: Couldn't fully analyze 1 netherite_space_helmet, missing knowledge for {1 netherite_helmet=1.0}
[12Aug2024 14:54:33.299] [Server thread/INFO] [immersiveengineering/]: Couldn't fully analyze 1 jet_suit, missing knowledge for {1 netherite_space_suit=1.0}
[12Aug2024 14:54:33.299] [Server thread/INFO] [immersiveengineering/]: Finished recipe profiler for Arc Recycling, took 29 milliseconds
[12Aug2024 14:54:33.321] [REI-ReloadPlugins/INFO] [REI/]: [REI] ~~~~~~~~~~~~~~~~~~~~~~~~~~~~~~~~~~~~~~~~
[12Aug2024 14:54:33.321] [REI-ReloadPlugins/INFO] [REI/]: [REI] REIPlugin starting main-reload for START.
[12Aug2024 14:54:33.321] [REI-ReloadPlugins/INFO] [REI/]: [REI] Plugins (38):
[12Aug2024 14:54:33.321] [REI-ReloadPlugins/INFO] [REI/]: [REI]  - (-100.00) DefaultClientPluginImpl of DefaultClientPluginImpl [roughlyenoughitems]
[12Aug2024 14:54:33.321] [REI-ReloadPlugins/INFO] [REI/]: [REI]  - (-100.00) DefaultPluginImpl of DefaultPluginImpl [roughlyenoughitems]
[12Aug2024 14:54:33.321] [REI-ReloadPlugins/INFO] [REI/]: [REI]  - (0.00) HideIngredientsFromTagsPlugin of HideIngredientsFromTagsPlugin [roughlyenoughitems]
[12Aug2024 14:54:33.321] [REI-ReloadPlugins/INFO] [REI/]: [REI]  - (0.00) DefaultClientRuntimePlugin of DefaultClientRuntimePlugin [roughlyenoughitems]
[12Aug2024 14:54:33.321] [REI-ReloadPlugins/INFO] [REI/]: [REI]  - (0.00) DefaultRuntimePlugin of DefaultRuntimePlugin [roughlyenoughitems]
[12Aug2024 14:54:33.321] [REI-ReloadPlugins/INFO] [REI/]: [REI]  - (0.00) JEI Plugin [AdAstraJeiPlugin:ad_astra:jei] of REI Plugin Compatibilities Adapter [rei_plugin_compatibilities, jei]
[12Aug2024 14:54:33.322] [REI-ReloadPlugins/INFO] [REI/]: [REI]  - (0.00) JEI Plugin [CreateAdditionJEI:createaddition:jei_plugin] of REI Plugin Compatibilities Adapter [rei_plugin_compatibilities, jei]
[12Aug2024 14:54:33.322] [REI-ReloadPlugins/INFO] [REI/]: [REI]  - (0.00) JEI Plugin [DEJEIPlugin:draconicevolution:jei_plugin] of REI Plugin Compatibilities Adapter [rei_plugin_compatibilities, jei]
[12Aug2024 14:54:33.322] [REI-ReloadPlugins/INFO] [REI/]: [REI]  - (0.00) JEI Plugin [BCJEIPlugin:brandonscore:jei_plugin] of REI Plugin Compatibilities Adapter [rei_plugin_compatibilities, jei]
[12Aug2024 14:54:33.322] [REI-ReloadPlugins/INFO] [REI/]: [REI]  - (0.00) JEI Plugin [JEIPlugin:codechickenlib:jei_plugin] of REI Plugin Compatibilities Adapter [rei_plugin_compatibilities, jei]
[12Aug2024 14:54:33.322] [REI-ReloadPlugins/INFO] [REI/]: [REI]  - (0.00) JEI Plugin [Plugin:refurbished_furniture:plugin] of REI Plugin Compatibilities Adapter [rei_plugin_compatibilities, jei]
[12Aug2024 14:54:33.322] [REI-ReloadPlugins/INFO] [REI/]: [REI]  - (0.00) JEI Plugin [JEIPlugin:functionalstorage:main] of REI Plugin Compatibilities Adapter [rei_plugin_compatibilities, jei]
[12Aug2024 14:54:33.322] [REI-ReloadPlugins/INFO] [REI/]: [REI]  - (0.00) JEI Plugin [JEIComputerCraft:computercraft:jei] of REI Plugin Compatibilities Adapter [rei_plugin_compatibilities, jei]
[12Aug2024 14:54:33.322] [REI-ReloadPlugins/INFO] [REI/]: [REI]  - (0.00) JEI Plugin [JEIPlugin:kubejs:jei] of REI Plugin Compatibilities Adapter [rei_plugin_compatibilities, jei]
[12Aug2024 14:54:33.322] [REI-ReloadPlugins/INFO] [REI/]: [REI]  - (0.00) JEI Plugin [JEIPlugin:minecraft:minecolonies] of REI Plugin Compatibilities Adapter [rei_plugin_compatibilities, jei]
[12Aug2024 14:54:33.322] [REI-ReloadPlugins/INFO] [REI/]: [REI]  - (0.00) JEI Plugin [ABJEIPlugin:appbot:main] of REI Plugin Compatibilities Adapter [rei_plugin_compatibilities, jei]
[12Aug2024 14:54:33.322] [REI-ReloadPlugins/INFO] [REI/]: [REI]  - (0.00) JEI Plugin [PatchouliJeiPlugin:patchouli:patchouli] of REI Plugin Compatibilities Adapter [rei_plugin_compatibilities, jei]
[12Aug2024 14:54:33.322] [REI-ReloadPlugins/INFO] [REI/]: [REI]  - (0.00) JEI Plugin [CreateJEI:create:jei_plugin] of REI Plugin Compatibilities Adapter [rei_plugin_compatibilities, jei]
[12Aug2024 14:54:33.323] [REI-ReloadPlugins/INFO] [REI/]: [REI]  - (0.00) JEI Plugin [GeneratorsJEI:mekanismgenerators:jei_plugin] of REI Plugin Compatibilities Adapter [rei_plugin_compatibilities, jei]
[12Aug2024 14:54:33.323] [REI-ReloadPlugins/INFO] [REI/]: [REI]  - (0.00) JEI Plugin [MekanismJEI:mekanism:jei_plugin] of REI Plugin Compatibilities Adapter [rei_plugin_compatibilities, jei]
[12Aug2024 14:54:33.323] [REI-ReloadPlugins/INFO] [REI/]: [REI]  - (0.00) JEI Plugin [CuriosJeiPlugin:curios:curios] of REI Plugin Compatibilities Adapter [rei_plugin_compatibilities, jei]
[12Aug2024 14:54:33.323] [REI-ReloadPlugins/INFO] [REI/]: [REI]  - (0.00) JEI Plugin [JEIPlugin:minecraft:domum_ornamentum] of REI Plugin Compatibilities Adapter [rei_plugin_compatibilities, jei]
[12Aug2024 14:54:33.323] [REI-ReloadPlugins/INFO] [REI/]: [REI]  - (0.00) JEI Plugin [JEIBotaniaPlugin:botania:main] of REI Plugin Compatibilities Adapter [rei_plugin_compatibilities, jei]
[12Aug2024 14:54:33.323] [REI-ReloadPlugins/INFO] [REI/]: [REI]  - (0.00) JEI Plugin [JEIPlugin:ae2:core] of REI Plugin Compatibilities Adapter [rei_plugin_compatibilities, jei]
[12Aug2024 14:54:33.323] [REI-ReloadPlugins/INFO] [REI/]: [REI]  - (0.00) JEI Plugin [JEICompat:jade:main] of REI Plugin Compatibilities Adapter [rei_plugin_compatibilities, jei]
[12Aug2024 14:54:33.323] [REI-ReloadPlugins/INFO] [REI/]: [REI]  - (0.00) JEI Plugin [JEIHelper:immersiveengineering:main] of REI Plugin Compatibilities Adapter [rei_plugin_compatibilities, jei]
[12Aug2024 14:54:33.323] [REI-ReloadPlugins/INFO] [REI/]: [REI]  - (0.00) JEI Plugin [TitaniumJEIPlugin:titanium:default] of REI Plugin Compatibilities Adapter [rei_plugin_compatibilities, jei]
[12Aug2024 14:54:33.323] [REI-ReloadPlugins/INFO] [REI/]: [REI]  - (0.00) JEI Plugin [AlexsCavesPlugin:alexscaves:alexscaves] of REI Plugin Compatibilities Adapter [rei_plugin_compatibilities, jei]
[12Aug2024 14:54:33.323] [REI-ReloadPlugins/INFO] [REI/]: [REI]  - (0.00) JEI Plugin [JeiModPlugin:jeimultiblocks:plugin] of REI Plugin Compatibilities Adapter [rei_plugin_compatibilities, jei]
[12Aug2024 14:54:33.323] [REI-ReloadPlugins/INFO] [REI/]: [REI]  - (0.00) JEI Plugin [BloodMagicJEIPlugin:bloodmagic:jei_plugin] of REI Plugin Compatibilities Adapter [rei_plugin_compatibilities, jei]
[12Aug2024 14:54:33.323] [REI-ReloadPlugins/INFO] [REI/]: [REI]  - (0.00) JEI Plugin [BfrJEI:bfr:jei_plugin] of REI Plugin Compatibilities Adapter [rei_plugin_compatibilities, jei]
[12Aug2024 14:54:33.323] [REI-ReloadPlugins/INFO] [REI/]: [REI]  - (0.00) JEI Plugin [JEIPlugin:pneumaticcraft:default] of REI Plugin Compatibilities Adapter [rei_plugin_compatibilities, jei]
[12Aug2024 14:54:33.324] [REI-ReloadPlugins/INFO] [REI/]: [REI]  - (0.00) JEI Plugin [JEIRuntimeCapturer:modernfix:capturer] of REI Plugin Compatibilities Adapter [rei_plugin_compatibilities, jei]
[12Aug2024 14:54:33.324] [REI-ReloadPlugins/INFO] [REI/]: [REI]  - (0.00) JEI Plugin [CBCJEI:createbigcannons:jei_plugin] of REI Plugin Compatibilities Adapter [rei_plugin_compatibilities, jei]
[12Aug2024 14:54:33.324] [REI-ReloadPlugins/INFO] [REI/]: [REI]  - (0.00) ReiIsDumbClientPlugin of ReiIsDumbClientPlugin [ad_astra]
[12Aug2024 14:54:33.324] [REI-ReloadPlugins/INFO] [REI/]: [REI]  - (0.00) REI Plugin Compatibilities Client Handler of REI Plugin Compatibilities Client Handler [rei_plugin_compatibilities, jei]
[12Aug2024 14:54:33.324] [REI-ReloadPlugins/INFO] [REI/]: [REI]  - (0.00) AE2 of AE2 [ae2]
[12Aug2024 14:54:33.324] [REI-ReloadPlugins/INFO] [REI/]: [REI]  - (10000000.00) REIForgePluginStub of REIForgePluginStub [kubejs]
[12Aug2024 14:54:33.324] [REI-ReloadPlugins/INFO] [REI/]: [REI] ~~~~~~~~~~~~~~~~~~~~~~~~~~~~~~~~~~~~~~~~
[12Aug2024 14:54:33.328] [Server thread/WARN] [net.minecraft.server.MinecraftServer/]: Can't keep up! Is the server overloaded? Running 2015ms or 40 ticks behind
[12Aug2024 14:54:33.347] [REI-ReloadPlugins/INFO] [REI/]: [REI] ****************************************
[12Aug2024 14:54:33.347] [REI-ReloadPlugins/INFO] [REI/]: [REI] REIClientPlugin starting main-reload for START.
[12Aug2024 14:54:33.348] [REI-ReloadPlugins/INFO] [REI/]: [REI] Plugins (36):
[12Aug2024 14:54:33.348] [REI-ReloadPlugins/INFO] [REI/]: [REI]  - (-100.00) DefaultClientPluginImpl of DefaultClientPluginImpl [roughlyenoughitems]
[12Aug2024 14:54:33.348] [REI-ReloadPlugins/INFO] [REI/]: [REI]  - (0.00) JEI Plugin [AdAstraJeiPlugin:ad_astra:jei] of REI Plugin Compatibilities Adapter [rei_plugin_compatibilities, jei]
[12Aug2024 14:54:33.349] [REI-ReloadPlugins/INFO] [REI/]: [REI]  - (0.00) JEI Plugin [CreateAdditionJEI:createaddition:jei_plugin] of REI Plugin Compatibilities Adapter [rei_plugin_compatibilities, jei]
[12Aug2024 14:54:33.349] [REI-ReloadPlugins/INFO] [REI/]: [REI]  - (0.00) JEI Plugin [DEJEIPlugin:draconicevolution:jei_plugin] of REI Plugin Compatibilities Adapter [rei_plugin_compatibilities, jei]
[12Aug2024 14:54:33.349] [REI-ReloadPlugins/INFO] [REI/]: [REI]  - (0.00) JEI Plugin [BCJEIPlugin:brandonscore:jei_plugin] of REI Plugin Compatibilities Adapter [rei_plugin_compatibilities, jei]
[12Aug2024 14:54:33.349] [REI-ReloadPlugins/INFO] [REI/]: [REI]  - (0.00) JEI Plugin [JEIPlugin:codechickenlib:jei_plugin] of REI Plugin Compatibilities Adapter [rei_plugin_compatibilities, jei]
[12Aug2024 14:54:33.349] [REI-ReloadPlugins/INFO] [REI/]: [REI]  - (0.00) JEI Plugin [Plugin:refurbished_furniture:plugin] of REI Plugin Compatibilities Adapter [rei_plugin_compatibilities, jei]
[12Aug2024 14:54:33.349] [REI-ReloadPlugins/INFO] [REI/]: [REI]  - (0.00) JEI Plugin [JEIPlugin:functionalstorage:main] of REI Plugin Compatibilities Adapter [rei_plugin_compatibilities, jei]
[12Aug2024 14:54:33.349] [REI-ReloadPlugins/INFO] [REI/]: [REI]  - (0.00) JEI Plugin [JEIComputerCraft:computercraft:jei] of REI Plugin Compatibilities Adapter [rei_plugin_compatibilities, jei]
[12Aug2024 14:54:33.349] [REI-ReloadPlugins/INFO] [REI/]: [REI]  - (0.00) JEI Plugin [JEIPlugin:kubejs:jei] of REI Plugin Compatibilities Adapter [rei_plugin_compatibilities, jei]
[12Aug2024 14:54:33.349] [REI-ReloadPlugins/INFO] [REI/]: [REI]  - (0.00) JEI Plugin [JEIPlugin:minecraft:minecolonies] of REI Plugin Compatibilities Adapter [rei_plugin_compatibilities, jei]
[12Aug2024 14:54:33.349] [REI-ReloadPlugins/INFO] [REI/]: [REI]  - (0.00) JEI Plugin [ABJEIPlugin:appbot:main] of REI Plugin Compatibilities Adapter [rei_plugin_compatibilities, jei]
[12Aug2024 14:54:33.350] [REI-ReloadPlugins/INFO] [REI/]: [REI]  - (0.00) JEI Plugin [PatchouliJeiPlugin:patchouli:patchouli] of REI Plugin Compatibilities Adapter [rei_plugin_compatibilities, jei]
[12Aug2024 14:54:33.350] [REI-ReloadPlugins/INFO] [REI/]: [REI]  - (0.00) JEI Plugin [CreateJEI:create:jei_plugin] of REI Plugin Compatibilities Adapter [rei_plugin_compatibilities, jei]
[12Aug2024 14:54:33.350] [REI-ReloadPlugins/INFO] [REI/]: [REI]  - (0.00) JEI Plugin [GeneratorsJEI:mekanismgenerators:jei_plugin] of REI Plugin Compatibilities Adapter [rei_plugin_compatibilities, jei]
[12Aug2024 14:54:33.350] [REI-ReloadPlugins/INFO] [REI/]: [REI]  - (0.00) JEI Plugin [MekanismJEI:mekanism:jei_plugin] of REI Plugin Compatibilities Adapter [rei_plugin_compatibilities, jei]
[12Aug2024 14:54:33.350] [REI-ReloadPlugins/INFO] [REI/]: [REI]  - (0.00) JEI Plugin [CuriosJeiPlugin:curios:curios] of REI Plugin Compatibilities Adapter [rei_plugin_compatibilities, jei]
[12Aug2024 14:54:33.350] [REI-ReloadPlugins/INFO] [REI/]: [REI]  - (0.00) JEI Plugin [JEIPlugin:minecraft:domum_ornamentum] of REI Plugin Compatibilities Adapter [rei_plugin_compatibilities, jei]
[12Aug2024 14:54:33.350] [REI-ReloadPlugins/INFO] [REI/]: [REI]  - (0.00) JEI Plugin [JEIBotaniaPlugin:botania:main] of REI Plugin Compatibilities Adapter [rei_plugin_compatibilities, jei]
[12Aug2024 14:54:33.350] [REI-ReloadPlugins/INFO] [REI/]: [REI]  - (0.00) JEI Plugin [JEIPlugin:ae2:core] of REI Plugin Compatibilities Adapter [rei_plugin_compatibilities, jei]
[12Aug2024 14:54:33.350] [REI-ReloadPlugins/INFO] [REI/]: [REI]  - (0.00) JEI Plugin [JEICompat:jade:main] of REI Plugin Compatibilities Adapter [rei_plugin_compatibilities, jei]
[12Aug2024 14:54:33.350] [REI-ReloadPlugins/INFO] [REI/]: [REI]  - (0.00) JEI Plugin [JEIHelper:immersiveengineering:main] of REI Plugin Compatibilities Adapter [rei_plugin_compatibilities, jei]
[12Aug2024 14:54:33.351] [REI-ReloadPlugins/INFO] [REI/]: [REI]  - (0.00) JEI Plugin [TitaniumJEIPlugin:titanium:default] of REI Plugin Compatibilities Adapter [rei_plugin_compatibilities, jei]
[12Aug2024 14:54:33.351] [REI-ReloadPlugins/INFO] [REI/]: [REI]  - (0.00) JEI Plugin [AlexsCavesPlugin:alexscaves:alexscaves] of REI Plugin Compatibilities Adapter [rei_plugin_compatibilities, jei]
[12Aug2024 14:54:33.351] [REI-ReloadPlugins/INFO] [REI/]: [REI]  - (0.00) JEI Plugin [JeiModPlugin:jeimultiblocks:plugin] of REI Plugin Compatibilities Adapter [rei_plugin_compatibilities, jei]
[12Aug2024 14:54:33.351] [REI-ReloadPlugins/INFO] [REI/]: [REI]  - (0.00) JEI Plugin [BloodMagicJEIPlugin:bloodmagic:jei_plugin] of REI Plugin Compatibilities Adapter [rei_plugin_compatibilities, jei]
[12Aug2024 14:54:33.351] [REI-ReloadPlugins/INFO] [REI/]: [REI]  - (0.00) JEI Plugin [BfrJEI:bfr:jei_plugin] of REI Plugin Compatibilities Adapter [rei_plugin_compatibilities, jei]
[12Aug2024 14:54:33.351] [REI-ReloadPlugins/INFO] [REI/]: [REI]  - (0.00) JEI Plugin [JEIPlugin:pneumaticcraft:default] of REI Plugin Compatibilities Adapter [rei_plugin_compatibilities, jei]
[12Aug2024 14:54:33.351] [REI-ReloadPlugins/INFO] [REI/]: [REI]  - (0.00) JEI Plugin [JEIRuntimeCapturer:modernfix:capturer] of REI Plugin Compatibilities Adapter [rei_plugin_compatibilities, jei]
[12Aug2024 14:54:33.351] [REI-ReloadPlugins/INFO] [REI/]: [REI]  - (0.00) JEI Plugin [CBCJEI:createbigcannons:jei_plugin] of REI Plugin Compatibilities Adapter [rei_plugin_compatibilities, jei]
[12Aug2024 14:54:33.351] [REI-ReloadPlugins/INFO] [REI/]: [REI]  - (0.00) ReiIsDumbClientPlugin of ReiIsDumbClientPlugin [ad_astra]
[12Aug2024 14:54:33.351] [REI-ReloadPlugins/INFO] [REI/]: [REI]  - (0.00) REI Plugin Compatibilities Client Handler of REI Plugin Compatibilities Client Handler [rei_plugin_compatibilities, jei]
[12Aug2024 14:54:33.351] [REI-ReloadPlugins/INFO] [REI/]: [REI]  - (0.00) AE2 of AE2 [ae2]
[12Aug2024 14:54:33.351] [REI-ReloadPlugins/INFO] [REI/]: [REI]  - (0.00) HideIngredientsFromTagsPlugin of HideIngredientsFromTagsPlugin [roughlyenoughitems]
[12Aug2024 14:54:33.351] [REI-ReloadPlugins/INFO] [REI/]: [REI]  - (0.00) DefaultClientRuntimePlugin of DefaultClientRuntimePlugin [roughlyenoughitems]
[12Aug2024 14:54:33.352] [REI-ReloadPlugins/INFO] [REI/]: [REI]  - (10000000.00) REIForgePluginStub of REIForgePluginStub [kubejs]
[12Aug2024 14:54:33.352] [REI-ReloadPlugins/INFO] [REI/]: [REI] ****************************************
[12Aug2024 14:54:33.360] [Server thread/INFO] [net.minecraft.server.MinecraftServer/]: Reloaded with no KubeJS errors!
[12Aug2024 14:54:33.360] [Server thread/INFO] [KubeJS Server/]: Server resource reload complete!
[12Aug2024 14:54:33.380] [Render thread/WARN] [REI/]: [REI] Suppressing Reload Plugins of stage START
[12Aug2024 14:54:33.394] [Render thread/WARN] [net.minecraft.client.ClientRecipeBook/]: Unknown recipe category: ae2:charger/ae2:charger/guide
[12Aug2024 14:54:33.414] [Render thread/WARN] [net.minecraft.client.ClientRecipeBook/]: Unknown recipe category: ae2:charger/ae2:charger/charged_certus_quartz_crystal
[12Aug2024 14:54:33.441] [Render thread/WARN] [net.minecraft.client.ClientRecipeBook/]: Unknown recipe category: ae2:charger/ae2:charger/meteorite_compass
[12Aug2024 14:54:33.456] [Render thread/INFO] [net.minecraft.advancements.AdvancementList/]: Loaded 27 advancements
[12Aug2024 14:54:33.457] [Render thread/INFO] [net.minecraft.client.gui.components.ChatComponent/]: [System] [CHAT] Reloaded with no KubeJS errors!
[12Aug2024 14:54:34.463] [REI-ReloadPlugins/INFO] [REI/]: [REI] %%%%%%%%%%%%%%%%%%%%%%%%%%%%%%%%%%%%%%%%
[12Aug2024 14:54:34.463] [REI-ReloadPlugins/INFO] [REI/]: [REI] REIServerPlugin starting main-reload for START.
[12Aug2024 14:54:34.463] [REI-ReloadPlugins/INFO] [REI/]: [REI] Plugins (2):
[12Aug2024 14:54:34.463] [REI-ReloadPlugins/INFO] [REI/]: [REI]  - (-100.00) DefaultPluginImpl of DefaultPluginImpl [roughlyenoughitems]
[12Aug2024 14:54:34.463] [REI-ReloadPlugins/INFO] [REI/]: [REI]  - (0.00) DefaultRuntimePlugin of DefaultRuntimePlugin [roughlyenoughitems]
[12Aug2024 14:54:34.464] [REI-ReloadPlugins/INFO] [REI/]: [REI] %%%%%%%%%%%%%%%%%%%%%%%%%%%%%%%%%%%%%%%%
[12Aug2024 14:54:34.467] [REI-ReloadPlugins/INFO] [REI/]: [REI] REIPlugin finished post-reload for START in 1.420 ms, totaling 29.96 ms.
[12Aug2024 14:54:34.471] [REI-ReloadPlugins/INFO] [REI/]: [REI] REIClientPlugin finished post-reload for START in 1.623 ms, totaling 1.120 s.
[12Aug2024 14:54:34.471] [REI-ReloadPlugins/INFO] [REI/]: [REI] REIServerPlugin finished post-reload for START in 236.2 ?s, totaling 1.710 ms.
[12Aug2024 14:54:34.478] [REI-ReloadPlugins/INFO] [REI/]: [REI] ########################################
[12Aug2024 14:54:34.478] [REI-ReloadPlugins/INFO] [REI/]: [REI] REIPlugin starting main-reload for END.
[12Aug2024 14:54:34.479] [REI-ReloadPlugins/INFO] [REI/]: [REI] Plugins (38):
[12Aug2024 14:54:34.479] [REI-ReloadPlugins/INFO] [REI/]: [REI]  - (-100.00) DefaultClientPluginImpl of DefaultClientPluginImpl [roughlyenoughitems]
[12Aug2024 14:54:34.479] [REI-ReloadPlugins/INFO] [REI/]: [REI]  - (-100.00) DefaultPluginImpl of DefaultPluginImpl [roughlyenoughitems]
[12Aug2024 14:54:34.479] [REI-ReloadPlugins/INFO] [REI/]: [REI]  - (0.00) HideIngredientsFromTagsPlugin of HideIngredientsFromTagsPlugin [roughlyenoughitems]
[12Aug2024 14:54:34.479] [REI-ReloadPlugins/INFO] [REI/]: [REI]  - (0.00) DefaultClientRuntimePlugin of DefaultClientRuntimePlugin [roughlyenoughitems]
[12Aug2024 14:54:34.479] [REI-ReloadPlugins/INFO] [REI/]: [REI]  - (0.00) DefaultRuntimePlugin of DefaultRuntimePlugin [roughlyenoughitems]
[12Aug2024 14:54:34.479] [REI-ReloadPlugins/INFO] [REI/]: [REI]  - (0.00) JEI Plugin [AdAstraJeiPlugin:ad_astra:jei] of REI Plugin Compatibilities Adapter [rei_plugin_compatibilities, jei]
[12Aug2024 14:54:34.479] [REI-ReloadPlugins/INFO] [REI/]: [REI]  - (0.00) JEI Plugin [CreateAdditionJEI:createaddition:jei_plugin] of REI Plugin Compatibilities Adapter [rei_plugin_compatibilities, jei]
[12Aug2024 14:54:34.479] [REI-ReloadPlugins/INFO] [REI/]: [REI]  - (0.00) JEI Plugin [DEJEIPlugin:draconicevolution:jei_plugin] of REI Plugin Compatibilities Adapter [rei_plugin_compatibilities, jei]
[12Aug2024 14:54:34.479] [REI-ReloadPlugins/INFO] [REI/]: [REI]  - (0.00) JEI Plugin [BCJEIPlugin:brandonscore:jei_plugin] of REI Plugin Compatibilities Adapter [rei_plugin_compatibilities, jei]
[12Aug2024 14:54:34.479] [REI-ReloadPlugins/INFO] [REI/]: [REI]  - (0.00) JEI Plugin [JEIPlugin:codechickenlib:jei_plugin] of REI Plugin Compatibilities Adapter [rei_plugin_compatibilities, jei]
[12Aug2024 14:54:34.479] [REI-ReloadPlugins/INFO] [REI/]: [REI]  - (0.00) JEI Plugin [Plugin:refurbished_furniture:plugin] of REI Plugin Compatibilities Adapter [rei_plugin_compatibilities, jei]
[12Aug2024 14:54:34.479] [REI-ReloadPlugins/INFO] [REI/]: [REI]  - (0.00) JEI Plugin [JEIPlugin:functionalstorage:main] of REI Plugin Compatibilities Adapter [rei_plugin_compatibilities, jei]
[12Aug2024 14:54:34.479] [REI-ReloadPlugins/INFO] [REI/]: [REI]  - (0.00) JEI Plugin [JEIComputerCraft:computercraft:jei] of REI Plugin Compatibilities Adapter [rei_plugin_compatibilities, jei]
[12Aug2024 14:54:34.479] [REI-ReloadPlugins/INFO] [REI/]: [REI]  - (0.00) JEI Plugin [JEIPlugin:kubejs:jei] of REI Plugin Compatibilities Adapter [rei_plugin_compatibilities, jei]
[12Aug2024 14:54:34.479] [REI-ReloadPlugins/INFO] [REI/]: [REI]  - (0.00) JEI Plugin [JEIPlugin:minecraft:minecolonies] of REI Plugin Compatibilities Adapter [rei_plugin_compatibilities, jei]
[12Aug2024 14:54:34.479] [REI-ReloadPlugins/INFO] [REI/]: [REI]  - (0.00) JEI Plugin [ABJEIPlugin:appbot:main] of REI Plugin Compatibilities Adapter [rei_plugin_compatibilities, jei]
[12Aug2024 14:54:34.479] [REI-ReloadPlugins/INFO] [REI/]: [REI]  - (0.00) JEI Plugin [PatchouliJeiPlugin:patchouli:patchouli] of REI Plugin Compatibilities Adapter [rei_plugin_compatibilities, jei]
[12Aug2024 14:54:34.479] [REI-ReloadPlugins/INFO] [REI/]: [REI]  - (0.00) JEI Plugin [CreateJEI:create:jei_plugin] of REI Plugin Compatibilities Adapter [rei_plugin_compatibilities, jei]
[12Aug2024 14:54:34.479] [REI-ReloadPlugins/INFO] [REI/]: [REI]  - (0.00) JEI Plugin [GeneratorsJEI:mekanismgenerators:jei_plugin] of REI Plugin Compatibilities Adapter [rei_plugin_compatibilities, jei]
[12Aug2024 14:54:34.479] [REI-ReloadPlugins/INFO] [REI/]: [REI]  - (0.00) JEI Plugin [MekanismJEI:mekanism:jei_plugin] of REI Plugin Compatibilities Adapter [rei_plugin_compatibilities, jei]
[12Aug2024 14:54:34.480] [REI-ReloadPlugins/INFO] [REI/]: [REI]  - (0.00) JEI Plugin [CuriosJeiPlugin:curios:curios] of REI Plugin Compatibilities Adapter [rei_plugin_compatibilities, jei]
[12Aug2024 14:54:34.480] [REI-ReloadPlugins/INFO] [REI/]: [REI]  - (0.00) JEI Plugin [JEIPlugin:minecraft:domum_ornamentum] of REI Plugin Compatibilities Adapter [rei_plugin_compatibilities, jei]
[12Aug2024 14:54:34.480] [REI-ReloadPlugins/INFO] [REI/]: [REI]  - (0.00) JEI Plugin [JEIBotaniaPlugin:botania:main] of REI Plugin Compatibilities Adapter [rei_plugin_compatibilities, jei]
[12Aug2024 14:54:34.480] [REI-ReloadPlugins/INFO] [REI/]: [REI]  - (0.00) JEI Plugin [JEIPlugin:ae2:core] of REI Plugin Compatibilities Adapter [rei_plugin_compatibilities, jei]
[12Aug2024 14:54:34.480] [REI-ReloadPlugins/INFO] [REI/]: [REI]  - (0.00) JEI Plugin [JEICompat:jade:main] of REI Plugin Compatibilities Adapter [rei_plugin_compatibilities, jei]
[12Aug2024 14:54:34.480] [REI-ReloadPlugins/INFO] [REI/]: [REI]  - (0.00) JEI Plugin [JEIHelper:immersiveengineering:main] of REI Plugin Compatibilities Adapter [rei_plugin_compatibilities, jei]
[12Aug2024 14:54:34.480] [REI-ReloadPlugins/INFO] [REI/]: [REI]  - (0.00) JEI Plugin [TitaniumJEIPlugin:titanium:default] of REI Plugin Compatibilities Adapter [rei_plugin_compatibilities, jei]
[12Aug2024 14:54:34.480] [REI-ReloadPlugins/INFO] [REI/]: [REI]  - (0.00) JEI Plugin [AlexsCavesPlugin:alexscaves:alexscaves] of REI Plugin Compatibilities Adapter [rei_plugin_compatibilities, jei]
[12Aug2024 14:54:34.480] [REI-ReloadPlugins/INFO] [REI/]: [REI]  - (0.00) JEI Plugin [JeiModPlugin:jeimultiblocks:plugin] of REI Plugin Compatibilities Adapter [rei_plugin_compatibilities, jei]
[12Aug2024 14:54:34.480] [REI-ReloadPlugins/INFO] [REI/]: [REI]  - (0.00) JEI Plugin [BloodMagicJEIPlugin:bloodmagic:jei_plugin] of REI Plugin Compatibilities Adapter [rei_plugin_compatibilities, jei]
[12Aug2024 14:54:34.480] [REI-ReloadPlugins/INFO] [REI/]: [REI]  - (0.00) JEI Plugin [BfrJEI:bfr:jei_plugin] of REI Plugin Compatibilities Adapter [rei_plugin_compatibilities, jei]
[12Aug2024 14:54:34.480] [REI-ReloadPlugins/INFO] [REI/]: [REI]  - (0.00) JEI Plugin [JEIPlugin:pneumaticcraft:default] of REI Plugin Compatibilities Adapter [rei_plugin_compatibilities, jei]
[12Aug2024 14:54:34.480] [REI-ReloadPlugins/INFO] [REI/]: [REI]  - (0.00) JEI Plugin [JEIRuntimeCapturer:modernfix:capturer] of REI Plugin Compatibilities Adapter [rei_plugin_compatibilities, jei]
[12Aug2024 14:54:34.480] [REI-ReloadPlugins/INFO] [REI/]: [REI]  - (0.00) JEI Plugin [CBCJEI:createbigcannons:jei_plugin] of REI Plugin Compatibilities Adapter [rei_plugin_compatibilities, jei]
[12Aug2024 14:54:34.480] [REI-ReloadPlugins/INFO] [REI/]: [REI]  - (0.00) ReiIsDumbClientPlugin of ReiIsDumbClientPlugin [ad_astra]
[12Aug2024 14:54:34.480] [REI-ReloadPlugins/INFO] [REI/]: [REI]  - (0.00) REI Plugin Compatibilities Client Handler of REI Plugin Compatibilities Client Handler [rei_plugin_compatibilities, jei]
[12Aug2024 14:54:34.480] [REI-ReloadPlugins/INFO] [REI/]: [REI]  - (0.00) AE2 of AE2 [ae2]
[12Aug2024 14:54:34.480] [REI-ReloadPlugins/INFO] [REI/]: [REI]  - (10000000.00) REIForgePluginStub of REIForgePluginStub [kubejs]
[12Aug2024 14:54:34.480] [REI-ReloadPlugins/INFO] [REI/]: [REI] ########################################
[12Aug2024 14:54:34.491] [REI-ReloadPlugins/INFO] [REI/]: [REI] %%%%%%%%%%%%%%%%%%%%%%%%%%%%%%%%%%%%%%%%
[12Aug2024 14:54:34.491] [REI-ReloadPlugins/INFO] [REI/]: [REI] REIClientPlugin starting main-reload for END.
[12Aug2024 14:54:34.491] [REI-ReloadPlugins/INFO] [REI/]: [REI] Plugins (36):
[12Aug2024 14:54:34.491] [REI-ReloadPlugins/INFO] [REI/]: [REI]  - (-100.00) DefaultClientPluginImpl of DefaultClientPluginImpl [roughlyenoughitems]
[12Aug2024 14:54:34.491] [REI-ReloadPlugins/INFO] [REI/]: [REI]  - (0.00) JEI Plugin [AdAstraJeiPlugin:ad_astra:jei] of REI Plugin Compatibilities Adapter [rei_plugin_compatibilities, jei]
[12Aug2024 14:54:34.491] [REI-ReloadPlugins/INFO] [REI/]: [REI]  - (0.00) JEI Plugin [CreateAdditionJEI:createaddition:jei_plugin] of REI Plugin Compatibilities Adapter [rei_plugin_compatibilities, jei]
[12Aug2024 14:54:34.491] [REI-ReloadPlugins/INFO] [REI/]: [REI]  - (0.00) JEI Plugin [DEJEIPlugin:draconicevolution:jei_plugin] of REI Plugin Compatibilities Adapter [rei_plugin_compatibilities, jei]
[12Aug2024 14:54:34.491] [REI-ReloadPlugins/INFO] [REI/]: [REI]  - (0.00) JEI Plugin [BCJEIPlugin:brandonscore:jei_plugin] of REI Plugin Compatibilities Adapter [rei_plugin_compatibilities, jei]
[12Aug2024 14:54:34.491] [REI-ReloadPlugins/INFO] [REI/]: [REI]  - (0.00) JEI Plugin [JEIPlugin:codechickenlib:jei_plugin] of REI Plugin Compatibilities Adapter [rei_plugin_compatibilities, jei]
[12Aug2024 14:54:34.491] [REI-ReloadPlugins/INFO] [REI/]: [REI]  - (0.00) JEI Plugin [Plugin:refurbished_furniture:plugin] of REI Plugin Compatibilities Adapter [rei_plugin_compatibilities, jei]
[12Aug2024 14:54:34.491] [REI-ReloadPlugins/INFO] [REI/]: [REI]  - (0.00) JEI Plugin [JEIPlugin:functionalstorage:main] of REI Plugin Compatibilities Adapter [rei_plugin_compatibilities, jei]
[12Aug2024 14:54:34.492] [REI-ReloadPlugins/INFO] [REI/]: [REI]  - (0.00) JEI Plugin [JEIComputerCraft:computercraft:jei] of REI Plugin Compatibilities Adapter [rei_plugin_compatibilities, jei]
[12Aug2024 14:54:34.492] [REI-ReloadPlugins/INFO] [REI/]: [REI]  - (0.00) JEI Plugin [JEIPlugin:kubejs:jei] of REI Plugin Compatibilities Adapter [rei_plugin_compatibilities, jei]
[12Aug2024 14:54:34.492] [REI-ReloadPlugins/INFO] [REI/]: [REI]  - (0.00) JEI Plugin [JEIPlugin:minecraft:minecolonies] of REI Plugin Compatibilities Adapter [rei_plugin_compatibilities, jei]
[12Aug2024 14:54:34.492] [REI-ReloadPlugins/INFO] [REI/]: [REI]  - (0.00) JEI Plugin [ABJEIPlugin:appbot:main] of REI Plugin Compatibilities Adapter [rei_plugin_compatibilities, jei]
[12Aug2024 14:54:34.492] [REI-ReloadPlugins/INFO] [REI/]: [REI]  - (0.00) JEI Plugin [PatchouliJeiPlugin:patchouli:patchouli] of REI Plugin Compatibilities Adapter [rei_plugin_compatibilities, jei]
[12Aug2024 14:54:34.492] [REI-ReloadPlugins/INFO] [REI/]: [REI]  - (0.00) JEI Plugin [CreateJEI:create:jei_plugin] of REI Plugin Compatibilities Adapter [rei_plugin_compatibilities, jei]
[12Aug2024 14:54:34.492] [REI-ReloadPlugins/INFO] [REI/]: [REI]  - (0.00) JEI Plugin [GeneratorsJEI:mekanismgenerators:jei_plugin] of REI Plugin Compatibilities Adapter [rei_plugin_compatibilities, jei]
[12Aug2024 14:54:34.492] [REI-ReloadPlugins/INFO] [REI/]: [REI]  - (0.00) JEI Plugin [MekanismJEI:mekanism:jei_plugin] of REI Plugin Compatibilities Adapter [rei_plugin_compatibilities, jei]
[12Aug2024 14:54:34.492] [REI-ReloadPlugins/INFO] [REI/]: [REI]  - (0.00) JEI Plugin [CuriosJeiPlugin:curios:curios] of REI Plugin Compatibilities Adapter [rei_plugin_compatibilities, jei]
[12Aug2024 14:54:34.492] [REI-ReloadPlugins/INFO] [REI/]: [REI]  - (0.00) JEI Plugin [JEIPlugin:minecraft:domum_ornamentum] of REI Plugin Compatibilities Adapter [rei_plugin_compatibilities, jei]
[12Aug2024 14:54:34.492] [REI-ReloadPlugins/INFO] [REI/]: [REI]  - (0.00) JEI Plugin [JEIBotaniaPlugin:botania:main] of REI Plugin Compatibilities Adapter [rei_plugin_compatibilities, jei]
[12Aug2024 14:54:34.492] [REI-ReloadPlugins/INFO] [REI/]: [REI]  - (0.00) JEI Plugin [JEIPlugin:ae2:core] of REI Plugin Compatibilities Adapter [rei_plugin_compatibilities, jei]
[12Aug2024 14:54:34.492] [REI-ReloadPlugins/INFO] [REI/]: [REI]  - (0.00) JEI Plugin [JEICompat:jade:main] of REI Plugin Compatibilities Adapter [rei_plugin_compatibilities, jei]
[12Aug2024 14:54:34.492] [REI-ReloadPlugins/INFO] [REI/]: [REI]  - (0.00) JEI Plugin [JEIHelper:immersiveengineering:main] of REI Plugin Compatibilities Adapter [rei_plugin_compatibilities, jei]
[12Aug2024 14:54:34.492] [REI-ReloadPlugins/INFO] [REI/]: [REI]  - (0.00) JEI Plugin [TitaniumJEIPlugin:titanium:default] of REI Plugin Compatibilities Adapter [rei_plugin_compatibilities, jei]
[12Aug2024 14:54:34.492] [REI-ReloadPlugins/INFO] [REI/]: [REI]  - (0.00) JEI Plugin [AlexsCavesPlugin:alexscaves:alexscaves] of REI Plugin Compatibilities Adapter [rei_plugin_compatibilities, jei]
[12Aug2024 14:54:34.493] [REI-ReloadPlugins/INFO] [REI/]: [REI]  - (0.00) JEI Plugin [JeiModPlugin:jeimultiblocks:plugin] of REI Plugin Compatibilities Adapter [rei_plugin_compatibilities, jei]
[12Aug2024 14:54:34.493] [REI-ReloadPlugins/INFO] [REI/]: [REI]  - (0.00) JEI Plugin [BloodMagicJEIPlugin:bloodmagic:jei_plugin] of REI Plugin Compatibilities Adapter [rei_plugin_compatibilities, jei]
[12Aug2024 14:54:34.493] [REI-ReloadPlugins/INFO] [REI/]: [REI]  - (0.00) JEI Plugin [BfrJEI:bfr:jei_plugin] of REI Plugin Compatibilities Adapter [rei_plugin_compatibilities, jei]
[12Aug2024 14:54:34.493] [REI-ReloadPlugins/INFO] [REI/]: [REI]  - (0.00) JEI Plugin [JEIPlugin:pneumaticcraft:default] of REI Plugin Compatibilities Adapter [rei_plugin_compatibilities, jei]
[12Aug2024 14:54:34.493] [REI-ReloadPlugins/INFO] [REI/]: [REI]  - (0.00) JEI Plugin [JEIRuntimeCapturer:modernfix:capturer] of REI Plugin Compatibilities Adapter [rei_plugin_compatibilities, jei]
[12Aug2024 14:54:34.493] [REI-ReloadPlugins/INFO] [REI/]: [REI]  - (0.00) JEI Plugin [CBCJEI:createbigcannons:jei_plugin] of REI Plugin Compatibilities Adapter [rei_plugin_compatibilities, jei]
[12Aug2024 14:54:34.493] [REI-ReloadPlugins/INFO] [REI/]: [REI]  - (0.00) ReiIsDumbClientPlugin of ReiIsDumbClientPlugin [ad_astra]
[12Aug2024 14:54:34.493] [REI-ReloadPlugins/INFO] [REI/]: [REI]  - (0.00) REI Plugin Compatibilities Client Handler of REI Plugin Compatibilities Client Handler [rei_plugin_compatibilities, jei]
[12Aug2024 14:54:34.493] [REI-ReloadPlugins/INFO] [REI/]: [REI]  - (0.00) AE2 of AE2 [ae2]
[12Aug2024 14:54:34.493] [REI-ReloadPlugins/INFO] [REI/]: [REI]  - (0.00) HideIngredientsFromTagsPlugin of HideIngredientsFromTagsPlugin [roughlyenoughitems]
[12Aug2024 14:54:34.493] [REI-ReloadPlugins/INFO] [REI/]: [REI]  - (0.00) DefaultClientRuntimePlugin of DefaultClientRuntimePlugin [roughlyenoughitems]
[12Aug2024 14:54:34.493] [REI-ReloadPlugins/INFO] [REI/]: [REI]  - (10000000.00) REIForgePluginStub of REIForgePluginStub [kubejs]
[12Aug2024 14:54:34.493] [REI-ReloadPlugins/INFO] [REI/]: [REI] %%%%%%%%%%%%%%%%%%%%%%%%%%%%%%%%%%%%%%%%
[12Aug2024 14:54:35.804] [REI-ReloadPlugins/INFO] [immersiveengineering/]: Adding recipes to JEI!!
[12Aug2024 14:54:35.849] [REI-ReloadPlugins/INFO] [immersiveengineering/]: Recipes for potions: minecraft:turtle_master, minecraft:poison, alexscaves:glowing, minecraft:long_weakness, minecraft:long_fire_resistance, alexscaves:strong_haste, minecraft:slow_falling, minecraft:long_poison, alexscaves:long_magnetizing, biomemakeover:nocturnal_pot, minecraft:strong_regeneration, minecraft:leaping, minecraft:long_water_breathing, minecraft:long_night_vision, minecraft:strong_slowness, minecraft:long_slowness, minecraft:healing, minecraft:strength, minecraft:slowness, minecraft:long_slow_falling, minecraft:night_vision, biomemakeover:long_nocturnal_pot, minecraft:strong_harming, minecraft:water_breathing, alexscaves:magnetizing, minecraft:strong_healing, minecraft:strong_turtle_master, minecraft:weakness, alexscaves:long_haste, minecraft:fire_resistance, minecraft:regeneration, minecraft:water, minecraft:long_strength, minecraft:harming, alexscaves:long_glowing, minecraft:strong_poison, minecraft:strong_strength, minecraft:strong_swiftness, alexscaves:long_deepsight, minecraft:strong_leaping, minecraft:awkward, minecraft:long_invisibility, minecraft:long_turtle_master, alexscaves:deepsight, minecraft:long_swiftness, minecraft:long_leaping, biomemakeover:actidote_pot, minecraft:swiftness, minecraft:invisibility, alexscaves:haste, minecraft:long_regeneration
[12Aug2024 14:54:36.703] [REI-ReloadPlugins/INFO] [REI/]: [REI] ########################################
[12Aug2024 14:54:36.703] [REI-ReloadPlugins/INFO] [REI/]: [REI] REIServerPlugin starting main-reload for END.
[12Aug2024 14:54:36.703] [REI-ReloadPlugins/INFO] [REI/]: [REI] Plugins (2):
[12Aug2024 14:54:36.703] [REI-ReloadPlugins/INFO] [REI/]: [REI]  - (-100.00) DefaultPluginImpl of DefaultPluginImpl [roughlyenoughitems]
[12Aug2024 14:54:36.703] [REI-ReloadPlugins/INFO] [REI/]: [REI]  - (0.00) DefaultRuntimePlugin of DefaultRuntimePlugin [roughlyenoughitems]
[12Aug2024 14:54:36.703] [REI-ReloadPlugins/INFO] [REI/]: [REI] ########################################
[12Aug2024 14:54:36.706] [REI-ReloadPlugins/INFO] [REI/]: [REI] REIPlugin finished post-reload for END in 1.290 ms, totaling 15.59 ms.
[12Aug2024 14:54:36.708] [REI-ReloadPlugins/ERROR] [REI/]: [REI] Display [ad_astra:compressing/calorite_plate_from_compressing_calorite_blocks] me.shedaniel.rei.jeicompat.wrap.JEIWrappedDisplay@748a238a failed validation check for category [ad_astra:compressing] earth.terrarium.adastra.common.compat.rei.categories.CompressingCategory@5816e64d
[12Aug2024 14:54:36.709] [REI-ReloadPlugins/ERROR] [REI/]: [REI] Display [ad_astra:compressing/iron_plate_from_compressing_iron_ingot] me.shedaniel.rei.jeicompat.wrap.JEIWrappedDisplay@4b59aded failed validation check for category [ad_astra:compressing] earth.terrarium.adastra.common.compat.rei.categories.CompressingCategory@5816e64d
[12Aug2024 14:54:36.709] [REI-ReloadPlugins/ERROR] [REI/]: [REI] Display [ad_astra:compressing/ostrum_plate_from_compressing_ostrum_blocks] me.shedaniel.rei.jeicompat.wrap.JEIWrappedDisplay@79d07de7 failed validation check for category [ad_astra:compressing] earth.terrarium.adastra.common.compat.rei.categories.CompressingCategory@5816e64d
[12Aug2024 14:54:36.709] [REI-ReloadPlugins/ERROR] [REI/]: [REI] Display [ad_astra:compressing/steel_plate_from_compressing_steel_blocks] me.shedaniel.rei.jeicompat.wrap.JEIWrappedDisplay@4f780586 failed validation check for category [ad_astra:compressing] earth.terrarium.adastra.common.compat.rei.categories.CompressingCategory@5816e64d
[12Aug2024 14:54:36.709] [REI-ReloadPlugins/ERROR] [REI/]: [REI] Display [ad_astra:compressing/desh_plate_from_compressing_desh_blocks] me.shedaniel.rei.jeicompat.wrap.JEIWrappedDisplay@27375087 failed validation check for category [ad_astra:compressing] earth.terrarium.adastra.common.compat.rei.categories.CompressingCategory@5816e64d
[12Aug2024 14:54:36.709] [REI-ReloadPlugins/ERROR] [REI/]: [REI] Display [ad_astra:compressing/desh_plate_from_compressing_desh_ingots] me.shedaniel.rei.jeicompat.wrap.JEIWrappedDisplay@7526a1fb failed validation check for category [ad_astra:compressing] earth.terrarium.adastra.common.compat.rei.categories.CompressingCategory@5816e64d
[12Aug2024 14:54:36.709] [REI-ReloadPlugins/ERROR] [REI/]: [REI] Display [ad_astra:compressing/calorite_plate_from_compressing_calorite_ingots] me.shedaniel.rei.jeicompat.wrap.JEIWrappedDisplay@1ba95f19 failed validation check for category [ad_astra:compressing] earth.terrarium.adastra.common.compat.rei.categories.CompressingCategory@5816e64d
[12Aug2024 14:54:36.709] [REI-ReloadPlugins/ERROR] [REI/]: [REI] Display [ad_astra:compressing/steel_plate_from_compressing_steel_ingots] me.shedaniel.rei.jeicompat.wrap.JEIWrappedDisplay@498a0b22 failed validation check for category [ad_astra:compressing] earth.terrarium.adastra.common.compat.rei.categories.CompressingCategory@5816e64d
[12Aug2024 14:54:36.710] [REI-ReloadPlugins/ERROR] [REI/]: [REI] Display [ad_astra:compressing/ostrum_plate_from_compressing_ostrum_ingots] me.shedaniel.rei.jeicompat.wrap.JEIWrappedDisplay@1847a7c failed validation check for category [ad_astra:compressing] earth.terrarium.adastra.common.compat.rei.categories.CompressingCategory@5816e64d
[12Aug2024 14:54:36.710] [REI-ReloadPlugins/ERROR] [REI/]: [REI] Display [ad_astra:compressing/iron_plate_from_compressing_iron_block] me.shedaniel.rei.jeicompat.wrap.JEIWrappedDisplay@25cb53ea failed validation check for category [ad_astra:compressing] earth.terrarium.adastra.common.compat.rei.categories.CompressingCategory@5816e64d
[12Aug2024 14:54:36.710] [REI-ReloadPlugins/ERROR] [REI/]: [REI] Display [ad_astra:alloying/steel_ingot_from_alloying_iron_ingot_and_coals] me.shedaniel.rei.jeicompat.wrap.JEIWrappedDisplay@499dab7a failed validation check for category [ad_astra:alloying] earth.terrarium.adastra.common.compat.rei.categories.AlloyingCategory@3636f5a0
[12Aug2024 14:54:36.710] [REI-ReloadPlugins/ERROR] [REI/]: [REI] Display [ad_astra:oxygen_loading/oxygen_from_oxygen_loading_oxygen] me.shedaniel.rei.jeicompat.wrap.JEIWrappedDisplay@79b356e7 failed validation check for category [ad_astra:oxygen_loading] earth.terrarium.adastra.common.compat.rei.categories.OxygenLoadingCategory@78292784
[12Aug2024 14:54:36.710] [REI-ReloadPlugins/ERROR] [REI/]: [REI] Display [ad_astra:oxygen_loading/oxygen_from_oxygen_loading_water] me.shedaniel.rei.jeicompat.wrap.JEIWrappedDisplay@7d02c047 failed validation check for category [ad_astra:oxygen_loading] earth.terrarium.adastra.common.compat.rei.categories.OxygenLoadingCategory@78292784
[12Aug2024 14:54:36.710] [REI-ReloadPlugins/ERROR] [REI/]: [REI] Display [ad_astra:cryo_freezing/cryo_fuel_from_cryo_freezing_packed_ice] me.shedaniel.rei.jeicompat.wrap.JEIWrappedDisplay@1f18847 failed validation check for category [ad_astra:cryo_freezing] earth.terrarium.adastra.common.compat.rei.categories.CryoFreezingCategory@3895906d
[12Aug2024 14:54:36.710] [REI-ReloadPlugins/ERROR] [REI/]: [REI] Display [ad_astra:cryo_freezing/cryo_fuel_from_cryo_freezing_blue_ice] me.shedaniel.rei.jeicompat.wrap.JEIWrappedDisplay@1a1895e failed validation check for category [ad_astra:cryo_freezing] earth.terrarium.adastra.common.compat.rei.categories.CryoFreezingCategory@3895906d
[12Aug2024 14:54:36.710] [REI-ReloadPlugins/ERROR] [REI/]: [REI] Display [ad_astra:cryo_freezing/cryo_fuel_from_cryo_freezing_ice_shard] me.shedaniel.rei.jeicompat.wrap.JEIWrappedDisplay@7454a767 failed validation check for category [ad_astra:cryo_freezing] earth.terrarium.adastra.common.compat.rei.categories.CryoFreezingCategory@3895906d
[12Aug2024 14:54:36.711] [REI-ReloadPlugins/ERROR] [REI/]: [REI] Display [ad_astra:cryo_freezing/cryo_fuel_from_cryo_freezing_ice] me.shedaniel.rei.jeicompat.wrap.JEIWrappedDisplay@6203f598 failed validation check for category [ad_astra:cryo_freezing] earth.terrarium.adastra.common.compat.rei.categories.CryoFreezingCategory@3895906d
[12Aug2024 14:54:36.711] [REI-ReloadPlugins/ERROR] [REI/]: [REI] Display [ad_astra:nasa_workbench/tier_1_rocket_from_nasa_workbench] me.shedaniel.rei.jeicompat.wrap.JEIWrappedDisplay@2957d85a failed validation check for category [ad_astra:nasa_workbench] earth.terrarium.adastra.common.compat.rei.categories.NasaWorkbenchCategory@540547dd
[12Aug2024 14:54:36.711] [REI-ReloadPlugins/ERROR] [REI/]: [REI] Display [ad_astra:nasa_workbench/tier_3_rocket_from_nasa_workbench] me.shedaniel.rei.jeicompat.wrap.JEIWrappedDisplay@fc16905 failed validation check for category [ad_astra:nasa_workbench] earth.terrarium.adastra.common.compat.rei.categories.NasaWorkbenchCategory@540547dd
[12Aug2024 14:54:36.711] [REI-ReloadPlugins/ERROR] [REI/]: [REI] Display [ad_astra:nasa_workbench/tier_4_rocket_from_nasa_workbench] me.shedaniel.rei.jeicompat.wrap.JEIWrappedDisplay@280da8e5 failed validation check for category [ad_astra:nasa_workbench] earth.terrarium.adastra.common.compat.rei.categories.NasaWorkbenchCategory@540547dd
[12Aug2024 14:54:36.711] [REI-ReloadPlugins/ERROR] [REI/]: [REI] Display [ad_astra:nasa_workbench/tier_2_rocket_from_nasa_workbench] me.shedaniel.rei.jeicompat.wrap.JEIWrappedDisplay@4b2ab5b5 failed validation check for category [ad_astra:nasa_workbench] earth.terrarium.adastra.common.compat.rei.categories.NasaWorkbenchCategory@540547dd
[12Aug2024 14:54:36.795] [REI-ReloadPlugins/INFO] [REI/]: [REI] Cancelled Views buildMap since plugins have not finished reloading.
[12Aug2024 14:54:37.076] [REI-ReloadPlugins/WARN] [REI/]: [REI] createFocusLink is not supported in REI yet!
[12Aug2024 14:54:37.076] [REI-ReloadPlugins/WARN] [REI/]: [REI] createFocusLink is not supported in REI yet!
[12Aug2024 14:54:37.114] [REI-ReloadPlugins/INFO] [REI/]: [REI] REIClientPlugin finished post-reload for END in 405.4 ms, totaling 2.619 s.
[12Aug2024 14:54:37.114] [REI-ReloadPlugins/INFO] [REI/]: [REI] REIServerPlugin finished post-reload for END in 209.7 ?s, totaling 1.562 ms.
[12Aug2024 14:55:16.994] [Server thread/WARN] [net.minecraft.server.MinecraftServer/]: Can't keep up! Is the server overloaded? Running 4482ms or 89 ticks behind
[12Aug2024 14:56:15.020] [Server thread/WARN] [net.minecraft.server.MinecraftServer/]: Can't keep up! Is the server overloaded? Running 2858ms or 57 ticks behind
[12Aug2024 14:56:36.758] [Server thread/INFO] [net.minecraft.server.MinecraftServer/]: [NemEzanevem: Reloading!]
[12Aug2024 14:56:36.760] [Render thread/INFO] [net.minecraft.client.gui.components.ChatComponent/]: [System] [CHAT] Reloading!
[12Aug2024 14:56:36.811] [Server thread/INFO] [KubeJS Server/]: Loaded script server_scripts:bloodmagic/meteors.js in 0.002 s
[12Aug2024 14:56:36.812] [Server thread/INFO] [KubeJS Server/]: Loaded script server_scripts:bloodmagic/more_gating.js in 0.0 s
[12Aug2024 14:56:36.813] [Server thread/INFO] [KubeJS Server/]: Loaded script server_scripts:botania/gating_stuff.js in 0.001 s
[12Aug2024 14:56:36.820] [Server thread/INFO] [KubeJS Server/]: Loaded script server_scripts:integration/create/create_integration_gate.js in 0.007 s
[12Aug2024 14:56:36.821] [Server thread/INFO] [KubeJS Server/]: Loaded script server_scripts:integration/create/other_create_integration.js in 0.001 s
[12Aug2024 14:56:36.821] [Server thread/INFO] [KubeJS Server/]: Loaded 5/5 KubeJS server scripts in 0.02 s with 0 errors and 0 warnings
[12Aug2024 14:56:36.824] [Server thread/INFO] [KubeJS Server/]: Scripts loaded
[12Aug2024 14:56:36.825] [Server thread/INFO] [KubeJS Server/]: Initializing recipe event...
[12Aug2024 14:56:37.345] [Worker-ResourceReload-3/INFO] [KubeJS Server/]: [minecraft:item] Found 1199 tags, added 0 objects, removed 2 objects
[12Aug2024 14:56:37.923] [Server thread/INFO] [KubeJS Server/]: Processing recipes...
[12Aug2024 14:56:37.929] [Server thread/WARN] [KubeJS Server/]: Failed to parse recipe 'botania:brew/fire_resistance[botania:brew]'! Falling back to vanilla: Cannot invoke "net.minecraft.core.Registry.m_7745_(net.minecraft.resources.ResourceLocation)" because "com.prunoideae.custom.brew.BotaniaRegistryObjectBuilderTypes.BREW_REGISTRY" is null
[12Aug2024 14:56:37.936] [Server thread/WARN] [KubeJS Server/]: Failed to parse recipe 'botania:brew/invisibility[botania:brew]'! Falling back to vanilla: Cannot invoke "net.minecraft.core.Registry.m_7745_(net.minecraft.resources.ResourceLocation)" because "com.prunoideae.custom.brew.BotaniaRegistryObjectBuilderTypes.BREW_REGISTRY" is null
[12Aug2024 14:56:37.938] [Server thread/WARN] [KubeJS Server/]: Failed to parse recipe 'botania:brew/clear[botania:brew]'! Falling back to vanilla: Cannot invoke "net.minecraft.core.Registry.m_7745_(net.minecraft.resources.ResourceLocation)" because "com.prunoideae.custom.brew.BotaniaRegistryObjectBuilderTypes.BREW_REGISTRY" is null
[12Aug2024 14:56:37.953] [Server thread/WARN] [KubeJS Server/]: Failed to parse recipe 'botania:brew/feather_feet[botania:brew]'! Falling back to vanilla: Cannot invoke "net.minecraft.core.Registry.m_7745_(net.minecraft.resources.ResourceLocation)" because "com.prunoideae.custom.brew.BotaniaRegistryObjectBuilderTypes.BREW_REGISTRY" is null
[12Aug2024 14:56:37.959] [Server thread/WARN] [KubeJS Server/]: Failed to parse recipe 'botania:brew/bloodthirst[botania:brew]'! Falling back to vanilla: Cannot invoke "net.minecraft.core.Registry.m_7745_(net.minecraft.resources.ResourceLocation)" because "com.prunoideae.custom.brew.BotaniaRegistryObjectBuilderTypes.BREW_REGISTRY" is null
[12Aug2024 14:56:37.966] [Server thread/WARN] [KubeJS Server/]: Failed to parse recipe 'botania:brew/emptiness[botania:brew]'! Falling back to vanilla: Cannot invoke "net.minecraft.core.Registry.m_7745_(net.minecraft.resources.ResourceLocation)" because "com.prunoideae.custom.brew.BotaniaRegistryObjectBuilderTypes.BREW_REGISTRY" is null
[12Aug2024 14:56:37.970] [Server thread/WARN] [KubeJS Server/]: Failed to parse recipe 'botania:brew/absorption[botania:brew]'! Falling back to vanilla: Cannot invoke "net.minecraft.core.Registry.m_7745_(net.minecraft.resources.ResourceLocation)" because "com.prunoideae.custom.brew.BotaniaRegistryObjectBuilderTypes.BREW_REGISTRY" is null
[12Aug2024 14:56:37.971] [Server thread/WARN] [KubeJS Server/]: Failed to parse recipe 'botania:brew/jump_boost[botania:brew]'! Falling back to vanilla: Cannot invoke "net.minecraft.core.Registry.m_7745_(net.minecraft.resources.ResourceLocation)" because "com.prunoideae.custom.brew.BotaniaRegistryObjectBuilderTypes.BREW_REGISTRY" is null
[12Aug2024 14:56:37.972] [Server thread/WARN] [KubeJS Server/]: Failed to parse recipe 'botania:brew/weak_regeneration[botania:brew]'! Falling back to vanilla: Cannot invoke "net.minecraft.core.Registry.m_7745_(net.minecraft.resources.ResourceLocation)" because "com.prunoideae.custom.brew.BotaniaRegistryObjectBuilderTypes.BREW_REGISTRY" is null
[12Aug2024 14:56:37.973] [Server thread/WARN] [KubeJS Server/]: Failed to parse recipe 'botania:brew/regeneration[botania:brew]'! Falling back to vanilla: Cannot invoke "net.minecraft.core.Registry.m_7745_(net.minecraft.resources.ResourceLocation)" because "com.prunoideae.custom.brew.BotaniaRegistryObjectBuilderTypes.BREW_REGISTRY" is null
[12Aug2024 14:56:37.975] [Server thread/WARN] [KubeJS Server/]: Failed to parse recipe 'botania:brew/speed[botania:brew]'! Falling back to vanilla: Cannot invoke "net.minecraft.core.Registry.m_7745_(net.minecraft.resources.ResourceLocation)" because "com.prunoideae.custom.brew.BotaniaRegistryObjectBuilderTypes.BREW_REGISTRY" is null
[12Aug2024 14:56:37.978] [Server thread/WARN] [KubeJS Server/]: Failed to parse recipe 'botania:brew/night_vision[botania:brew]'! Falling back to vanilla: Cannot invoke "net.minecraft.core.Registry.m_7745_(net.minecraft.resources.ResourceLocation)" because "com.prunoideae.custom.brew.BotaniaRegistryObjectBuilderTypes.BREW_REGISTRY" is null
[12Aug2024 14:56:37.987] [Server thread/WARN] [KubeJS Server/]: Failed to parse recipe 'botania:brew/overload[botania:brew]'! Falling back to vanilla: Cannot invoke "net.minecraft.core.Registry.m_7745_(net.minecraft.resources.ResourceLocation)" because "com.prunoideae.custom.brew.BotaniaRegistryObjectBuilderTypes.BREW_REGISTRY" is null
[12Aug2024 14:56:37.988] [Server thread/WARN] [KubeJS Server/]: Failed to parse recipe 'botania:brew/allure[botania:brew]'! Falling back to vanilla: Cannot invoke "net.minecraft.core.Registry.m_7745_(net.minecraft.resources.ResourceLocation)" because "com.prunoideae.custom.brew.BotaniaRegistryObjectBuilderTypes.BREW_REGISTRY" is null
[12Aug2024 14:56:37.994] [Server thread/WARN] [KubeJS Server/]: Failed to parse recipe 'botania:brew/healing[botania:brew]'! Falling back to vanilla: Cannot invoke "net.minecraft.core.Registry.m_7745_(net.minecraft.resources.ResourceLocation)" because "com.prunoideae.custom.brew.BotaniaRegistryObjectBuilderTypes.BREW_REGISTRY" is null
[12Aug2024 14:56:38.007] [Server thread/WARN] [KubeJS Server/]: Failed to parse recipe 'botania:brew/strength[botania:brew]'! Falling back to vanilla: Cannot invoke "net.minecraft.core.Registry.m_7745_(net.minecraft.resources.ResourceLocation)" because "com.prunoideae.custom.brew.BotaniaRegistryObjectBuilderTypes.BREW_REGISTRY" is null
[12Aug2024 14:56:38.009] [Server thread/WARN] [KubeJS Server/]: Failed to parse recipe 'botania:brew/haste[botania:brew]'! Falling back to vanilla: Cannot invoke "net.minecraft.core.Registry.m_7745_(net.minecraft.resources.ResourceLocation)" because "com.prunoideae.custom.brew.BotaniaRegistryObjectBuilderTypes.BREW_REGISTRY" is null
[12Aug2024 14:56:38.012] [Server thread/WARN] [KubeJS Server/]: Failed to parse recipe 'botania:brew/soul_cross[botania:brew]'! Falling back to vanilla: Cannot invoke "net.minecraft.core.Registry.m_7745_(net.minecraft.resources.ResourceLocation)" because "com.prunoideae.custom.brew.BotaniaRegistryObjectBuilderTypes.BREW_REGISTRY" is null
[12Aug2024 14:56:38.034] [Server thread/WARN] [KubeJS Server/]: Failed to parse recipe 'botania:brew/water_breathing[botania:brew]'! Falling back to vanilla: Cannot invoke "net.minecraft.core.Registry.m_7745_(net.minecraft.resources.ResourceLocation)" because "com.prunoideae.custom.brew.BotaniaRegistryObjectBuilderTypes.BREW_REGISTRY" is null
[12Aug2024 14:56:38.036] [Server thread/WARN] [KubeJS Server/]: Failed to parse recipe 'botania:brew/resistance[botania:brew]'! Falling back to vanilla: Cannot invoke "net.minecraft.core.Registry.m_7745_(net.minecraft.resources.ResourceLocation)" because "com.prunoideae.custom.brew.BotaniaRegistryObjectBuilderTypes.BREW_REGISTRY" is null
[12Aug2024 14:56:38.056] [Server thread/INFO] [KubeJS Server/]: Found 11357 recipes in 131.6 ms
[12Aug2024 14:56:38.069] [Server thread/INFO] [KubeJS Server/]: Posted recipe events in 11.85 ms
[12Aug2024 14:56:38.071] [KubeJS Recipe Event Worker 0/INFO] [pneumaticcraft/]: ignoring heat properties for block decorative_blocks:soul_brazier: mod not loaded
[12Aug2024 14:56:38.071] [KubeJS Recipe Event Worker 0/WARN] [com.simibubi.create.Create/]: Your custom createaddition:rolling/copper_ingot recipe (createaddition:rolling/copper_ingot) specified a duration. Durations have no impact on this type of recipe.
[12Aug2024 14:56:38.071] [KubeJS Recipe Event Worker 0/INFO] [pneumaticcraft/]: ignoring heat properties for block byg:magmatic_stone: mod not loaded
[12Aug2024 14:56:38.072] [KubeJS Recipe Event Worker 0/INFO] [pneumaticcraft/]: ignoring heat properties for block betterendforge:dense_emerald_ice: mod not loaded
[12Aug2024 14:56:38.074] [KubeJS Recipe Event Worker 0/WARN] [com.simibubi.create.Create/]: Your custom createaddition:rolling/electrum_ingot recipe (createaddition:rolling/electrum_ingot) specified a duration. Durations have no impact on this type of recipe.
[12Aug2024 14:56:38.077] [KubeJS Recipe Event Worker 0/WARN] [com.simibubi.create.Create/]: Your custom createaddition:rolling/straw recipe (createaddition:rolling/straw) specified a duration. Durations have no impact on this type of recipe.
[12Aug2024 14:56:38.077] [KubeJS Recipe Event Worker 0/INFO] [pneumaticcraft/]: ignoring heat properties for block occultism:spirit_fire: mod not loaded
[12Aug2024 14:56:38.077] [KubeJS Recipe Event Worker 0/INFO] [pneumaticcraft/]: ignoring heat properties for block powah:dry_ice: mod not loaded
[12Aug2024 14:56:38.078] [KubeJS Recipe Event Worker 0/WARN] [com.simibubi.create.Create/]: Your custom createaddition:rolling/aluminum_plate recipe (createaddition:rolling/aluminum_plate) specified a duration. Durations have no impact on this type of recipe.
[12Aug2024 14:56:38.078] [KubeJS Recipe Event Worker 0/WARN] [com.simibubi.create.Create/]: Your custom createaddition:rolling/gold_ingot recipe (createaddition:rolling/gold_ingot) specified a duration. Durations have no impact on this type of recipe.
[12Aug2024 14:56:38.079] [KubeJS Recipe Event Worker 0/INFO] [pneumaticcraft/]: ignoring heat properties for block decorative_blocks:brazier: mod not loaded
[12Aug2024 14:56:38.079] [KubeJS Recipe Event Worker 0/WARN] [com.simibubi.create.Create/]: Your custom createaddition:rolling/steel_plate recipe (createaddition:rolling/steel_plate) specified a duration. Durations have no impact on this type of recipe.
[12Aug2024 14:56:38.080] [KubeJS Recipe Event Worker 0/INFO] [pneumaticcraft/]: ignoring heat properties for block byg:cryptic_campfire: mod not loaded
[12Aug2024 14:56:38.081] [KubeJS Recipe Event Worker 0/INFO] [pneumaticcraft/]: ignoring heat properties for block betterendforge:ancient_emerald_ice: mod not loaded
[12Aug2024 14:56:38.082] [KubeJS Recipe Event Worker 0/INFO] [pneumaticcraft/]: ignoring heat properties for block byg:boric_campfire: mod not loaded
[12Aug2024 14:56:38.082] [KubeJS Recipe Event Worker 0/WARN] [com.simibubi.create.Create/]: Your custom createaddition:rolling/brass_ingot recipe (createaddition:rolling/brass_ingot) specified a duration. Durations have no impact on this type of recipe.
[12Aug2024 14:56:38.083] [KubeJS Recipe Event Worker 0/WARN] [com.simibubi.create.Create/]: Your custom createaddition:rolling/iron_plate recipe (createaddition:rolling/iron_plate) specified a duration. Durations have no impact on this type of recipe.
[12Aug2024 14:56:38.084] [KubeJS Recipe Event Worker 0/WARN] [com.simibubi.create.Create/]: Your custom createaddition:rolling/iron_ingot recipe (createaddition:rolling/iron_ingot) specified a duration. Durations have no impact on this type of recipe.
[12Aug2024 14:56:38.084] [KubeJS Recipe Event Worker 0/WARN] [com.simibubi.create.Create/]: Your custom createaddition:rolling/lead_plate recipe (createaddition:rolling/lead_plate) specified a duration. Durations have no impact on this type of recipe.
[12Aug2024 14:56:38.085] [KubeJS Recipe Event Worker 0/INFO] [pneumaticcraft/]: ignoring heat properties for block byg:cryptic_magma_block: mod not loaded
[12Aug2024 14:56:38.086] [KubeJS Recipe Event Worker 0/WARN] [com.simibubi.create.Create/]: Your custom createaddition:rolling/gold_plate recipe (createaddition:rolling/gold_plate) specified a duration. Durations have no impact on this type of recipe.
[12Aug2024 14:56:38.088] [KubeJS Recipe Event Worker 0/INFO] [pneumaticcraft/]: ignoring heat properties for block betterendforge:emerald_ice: mod not loaded
[12Aug2024 14:56:38.088] [KubeJS Recipe Event Worker 0/WARN] [com.simibubi.create.Create/]: Your custom createaddition:rolling/aluminum_ingot recipe (createaddition:rolling/aluminum_ingot) specified a duration. Durations have no impact on this type of recipe.
[12Aug2024 14:56:38.089] [KubeJS Recipe Event Worker 0/WARN] [com.simibubi.create.Create/]: Your custom createaddition:rolling/copper_plate recipe (createaddition:rolling/copper_plate) specified a duration. Durations have no impact on this type of recipe.
[12Aug2024 14:56:38.089] [KubeJS Recipe Event Worker 0/INFO] [pneumaticcraft/]: ignoring heat properties for block natura:nether_heat_sand: mod not loaded
[12Aug2024 14:56:38.091] [KubeJS Recipe Event Worker 0/WARN] [com.simibubi.create.Create/]: Your custom createaddition:rolling/electrum_plate recipe (createaddition:rolling/electrum_plate) specified a duration. Durations have no impact on this type of recipe.
[12Aug2024 14:56:38.092] [KubeJS Recipe Event Worker 0/INFO] [pneumaticcraft/]: ignoring heat properties for block valhelsia_structures:brazier: mod not loaded
[12Aug2024 14:56:38.092] [KubeJS Recipe Event Worker 0/WARN] [com.simibubi.create.Create/]: Your custom createaddition:rolling/steel_ingot recipe (createaddition:rolling/steel_ingot) specified a duration. Durations have no impact on this type of recipe.
[12Aug2024 14:56:38.093] [KubeJS Recipe Event Worker 0/INFO] [pneumaticcraft/]: ignoring heat properties for block quark:permafrost: mod not loaded
[12Aug2024 14:56:38.093] [KubeJS Recipe Event Worker 0/INFO] [pneumaticcraft/]: ignoring heat properties for block quark:blaze_lantern: mod not loaded
[12Aug2024 14:56:38.093] [KubeJS Recipe Event Worker 0/WARN] [KubeJS Server/]: Error parsing recipe immersiveengineering:arcfurnace/gunmetal_ingot[immersiveengineering:arc_furnace]: {"type":"immersiveengineering:arc_furnace","additives":[{"tag":"forge:dusts/redstone"}],"energy":141200,"input":{"item":"pointblank:gunmetal_mesh"},"results":[{"base_ingredient":{"item":"kubejs:hot_gunmetal_ingot"},"count":1}],"time":200}: Unknown item 'kubejs:hot_gunmetal_ingot'
[12Aug2024 14:56:38.101] [KubeJS Recipe Event Worker 0/WARN] [KubeJS Server/]: Error parsing recipe minecraft:kjs/immersiveengineering_wirecutter[kubejs:shaped]: {"type":"minecraft:crafting_shaped","result":{"item":"immersiveengineering:wirecutter","count":1,"nbt":"{Damage:0}"},"pattern":["AB","A"],"key":{"A":{"item":"immersiveengineering:stick_treated"},"B":{"item":"ad_astra:steel_ingot"}}}: Invalid pattern: each row must be the same width
[12Aug2024 14:56:38.101] [KubeJS Recipe Event Worker 0/WARN] [com.simibubi.create.Create/]: Your custom create:mixing recipe (create:kjs/4j2gj9nqhdmwvh04haxbx077k) has more item inputs (25) than supported (9).
[12Aug2024 14:56:38.102] [KubeJS Recipe Event Worker 0/WARN] [com.simibubi.create.Create/]: Your custom create:mixing recipe (create:kjs/bfmqi74tyt1t6ozglg6mefalw) has more item inputs (10) than supported (9).
[12Aug2024 14:56:38.109] [Server thread/INFO] [KubeJS Server/]: Added 32 recipes, removed 25 recipes, modified 5 recipes, with 2 failed recipes in 40.43 ms
[12Aug2024 14:56:38.110] [Server thread/INFO] [ModernFix/]: Clearing KubeJS recipe lists...
[12Aug2024 14:56:38.230] [Server thread/INFO] [net.minecraft.advancements.AdvancementList/]: Loaded 7185 advancements
[12Aug2024 14:56:38.252] [Server thread/INFO] [top.theillusivec4.curios.Curios/]: Loaded 11 curio slots
[12Aug2024 14:56:38.353] [Server thread/INFO] [top.theillusivec4.curios.Curios/]: Loaded 1 curio entities
[12Aug2024 14:56:38.355] [Server thread/INFO] [minecolonies/]: Beginning load of custom recipes for colony workers
[12Aug2024 14:56:38.356] [Server thread/INFO] [minecolonies/]: Loaded 165 recipes for 16 crafters
[12Aug2024 14:56:38.356] [Server thread/INFO] [minecolonies/]: Beginning load of research for University.
[12Aug2024 14:56:38.388] [Server thread/INFO] [minecolonies/]: Loaded 201 recipes for 4 research branches
[12Aug2024 14:56:38.390] [Server thread/INFO] [minecolonies/]: Loading quests from data
[12Aug2024 14:56:38.393] [Server thread/INFO] [minecolonies/]: Finished loading quests from data
[12Aug2024 14:56:38.396] [Server thread/WARN] [minecolonies/]: Read 1499 items with their nbt keys for compatibility.
[12Aug2024 14:56:38.397] [Server thread/INFO] [dan200.computercraft.impl.UpgradeManager/]: Loaded 9 turtle upgrades
[12Aug2024 14:56:38.398] [Server thread/INFO] [dan200.computercraft.impl.UpgradeManager/]: Loaded 3 pocket computer upgrades
[12Aug2024 14:56:38.644] [Server thread/INFO] [minecolonies/]: Finished discovering Ores 56 57
[12Aug2024 14:56:38.644] [Server thread/INFO] [minecolonies/]: Finished discovering saplings 37
[12Aug2024 14:56:38.644] [Server thread/INFO] [minecolonies/]: Finished discovering plantables 19
[12Aug2024 14:56:38.644] [Server thread/INFO] [minecolonies/]: Finished discovering food 100 125
[12Aug2024 14:56:38.644] [Server thread/INFO] [minecolonies/]: Finished discovering fuel 440
[12Aug2024 14:56:38.644] [Server thread/INFO] [minecolonies/]: Finished discovering flowers 113
[12Aug2024 14:56:38.644] [Server thread/INFO] [minecolonies/]: Finished discovering items 8424
[12Aug2024 14:56:38.644] [Server thread/INFO] [minecolonies/]: Finished discovering lucky oreBlocks 6
[12Aug2024 14:56:38.644] [Server thread/INFO] [minecolonies/]: Finished discovering recruitment costs
[12Aug2024 14:56:38.645] [Server thread/INFO] [minecolonies/]: Finished discovering diseases
[12Aug2024 14:56:38.645] [Server thread/INFO] [minecolonies/]: Finished discovering compostables 324
[12Aug2024 14:56:38.704] [Server thread/INFO] [immersiveengineering/]: Couldn't fully analyze 1 jet_suit_pants, missing knowledge for {1 netherite_space_pants=1.0}
[12Aug2024 14:56:38.704] [Server thread/INFO] [immersiveengineering/]: Couldn't fully analyze 1 radiator, missing knowledge for {1 water_bucket=0.25}
[12Aug2024 14:56:38.704] [Server thread/INFO] [immersiveengineering/]: Couldn't fully analyze 1 netherite_space_suit, missing knowledge for {1 netherite_chestplate=1.0}
[12Aug2024 14:56:38.704] [Server thread/INFO] [immersiveengineering/]: Couldn't fully analyze 1 netherite_space_boots, missing knowledge for {1 netherite_boots=1.0}
[12Aug2024 14:56:38.704] [Server thread/INFO] [immersiveengineering/]: Couldn't fully analyze 1 compressed_iron_chestplate, missing knowledge for {1 leather_chestplate=1.0}
[12Aug2024 14:56:38.704] [Server thread/INFO] [immersiveengineering/]: Couldn't fully analyze 1 pneumatic_leggings, missing knowledge for {1 compressed_iron_leggings=1.0}
[12Aug2024 14:56:38.704] [Server thread/INFO] [immersiveengineering/]: Couldn't fully analyze 1 jet_suit_helmet, missing knowledge for {1 netherite_space_helmet=1.0}
[12Aug2024 14:56:38.704] [Server thread/INFO] [immersiveengineering/]: Couldn't fully analyze 1 compressed_iron_leggings, missing knowledge for {1 leather_leggings=1.0}
[12Aug2024 14:56:38.704] [Server thread/INFO] [immersiveengineering/]: Couldn't fully analyze 1 jet_suit, missing knowledge for {1 netherite_space_suit=1.0}
[12Aug2024 14:56:38.704] [Server thread/INFO] [immersiveengineering/]: Couldn't fully analyze 1 free_runners_armored, missing knowledge for {1 free_runners=1.0}
[12Aug2024 14:56:38.705] [Server thread/INFO] [immersiveengineering/]: Couldn't fully analyze 1 netherite_space_pants, missing knowledge for {1 netherite_leggings=1.0}
[12Aug2024 14:56:38.705] [Server thread/INFO] [immersiveengineering/]: Couldn't fully analyze 1 compressed_iron_boots, missing knowledge for {1 leather_boots=1.0}
[12Aug2024 14:56:38.705] [Server thread/INFO] [immersiveengineering/]: Couldn't fully analyze 1 jet_suit_boots, missing knowledge for {1 netherite_space_boots=1.0}
[12Aug2024 14:56:38.705] [Server thread/INFO] [immersiveengineering/]: Couldn't fully analyze 1 netherite_space_helmet, missing knowledge for {1 netherite_helmet=1.0}
[12Aug2024 14:56:38.705] [Server thread/INFO] [immersiveengineering/]: Couldn't fully analyze 1 compressed_iron_helmet, missing knowledge for {1 leather_helmet=1.0}
[12Aug2024 14:56:38.705] [Server thread/INFO] [immersiveengineering/]: Finished recipe profiler for Arc Recycling, took 25 milliseconds
[12Aug2024 14:56:38.729] [REI-ReloadPlugins/INFO] [REI/]: [REI] ########################################
[12Aug2024 14:56:38.729] [REI-ReloadPlugins/INFO] [REI/]: [REI] REIPlugin starting main-reload for START.
[12Aug2024 14:56:38.729] [REI-ReloadPlugins/INFO] [REI/]: [REI] Plugins (38):
[12Aug2024 14:56:38.729] [REI-ReloadPlugins/INFO] [REI/]: [REI]  - (-100.00) DefaultClientPluginImpl of DefaultClientPluginImpl [roughlyenoughitems]
[12Aug2024 14:56:38.730] [REI-ReloadPlugins/INFO] [REI/]: [REI]  - (-100.00) DefaultPluginImpl of DefaultPluginImpl [roughlyenoughitems]
[12Aug2024 14:56:38.730] [REI-ReloadPlugins/INFO] [REI/]: [REI]  - (0.00) HideIngredientsFromTagsPlugin of HideIngredientsFromTagsPlugin [roughlyenoughitems]
[12Aug2024 14:56:38.730] [REI-ReloadPlugins/INFO] [REI/]: [REI]  - (0.00) DefaultClientRuntimePlugin of DefaultClientRuntimePlugin [roughlyenoughitems]
[12Aug2024 14:56:38.730] [REI-ReloadPlugins/INFO] [REI/]: [REI]  - (0.00) DefaultRuntimePlugin of DefaultRuntimePlugin [roughlyenoughitems]
[12Aug2024 14:56:38.730] [REI-ReloadPlugins/INFO] [REI/]: [REI]  - (0.00) JEI Plugin [AdAstraJeiPlugin:ad_astra:jei] of REI Plugin Compatibilities Adapter [rei_plugin_compatibilities, jei]
[12Aug2024 14:56:38.730] [REI-ReloadPlugins/INFO] [REI/]: [REI]  - (0.00) JEI Plugin [CreateAdditionJEI:createaddition:jei_plugin] of REI Plugin Compatibilities Adapter [rei_plugin_compatibilities, jei]
[12Aug2024 14:56:38.730] [REI-ReloadPlugins/INFO] [REI/]: [REI]  - (0.00) JEI Plugin [DEJEIPlugin:draconicevolution:jei_plugin] of REI Plugin Compatibilities Adapter [rei_plugin_compatibilities, jei]
[12Aug2024 14:56:38.730] [REI-ReloadPlugins/INFO] [REI/]: [REI]  - (0.00) JEI Plugin [BCJEIPlugin:brandonscore:jei_plugin] of REI Plugin Compatibilities Adapter [rei_plugin_compatibilities, jei]
[12Aug2024 14:56:38.730] [REI-ReloadPlugins/INFO] [REI/]: [REI]  - (0.00) JEI Plugin [JEIPlugin:codechickenlib:jei_plugin] of REI Plugin Compatibilities Adapter [rei_plugin_compatibilities, jei]
[12Aug2024 14:56:38.730] [REI-ReloadPlugins/INFO] [REI/]: [REI]  - (0.00) JEI Plugin [Plugin:refurbished_furniture:plugin] of REI Plugin Compatibilities Adapter [rei_plugin_compatibilities, jei]
[12Aug2024 14:56:38.730] [REI-ReloadPlugins/INFO] [REI/]: [REI]  - (0.00) JEI Plugin [JEIPlugin:functionalstorage:main] of REI Plugin Compatibilities Adapter [rei_plugin_compatibilities, jei]
[12Aug2024 14:56:38.730] [REI-ReloadPlugins/INFO] [REI/]: [REI]  - (0.00) JEI Plugin [JEIComputerCraft:computercraft:jei] of REI Plugin Compatibilities Adapter [rei_plugin_compatibilities, jei]
[12Aug2024 14:56:38.731] [REI-ReloadPlugins/INFO] [REI/]: [REI]  - (0.00) JEI Plugin [JEIPlugin:kubejs:jei] of REI Plugin Compatibilities Adapter [rei_plugin_compatibilities, jei]
[12Aug2024 14:56:38.731] [REI-ReloadPlugins/INFO] [REI/]: [REI]  - (0.00) JEI Plugin [JEIPlugin:minecraft:minecolonies] of REI Plugin Compatibilities Adapter [rei_plugin_compatibilities, jei]
[12Aug2024 14:56:38.731] [REI-ReloadPlugins/INFO] [REI/]: [REI]  - (0.00) JEI Plugin [ABJEIPlugin:appbot:main] of REI Plugin Compatibilities Adapter [rei_plugin_compatibilities, jei]
[12Aug2024 14:56:38.731] [REI-ReloadPlugins/INFO] [REI/]: [REI]  - (0.00) JEI Plugin [PatchouliJeiPlugin:patchouli:patchouli] of REI Plugin Compatibilities Adapter [rei_plugin_compatibilities, jei]
[12Aug2024 14:56:38.731] [REI-ReloadPlugins/INFO] [REI/]: [REI]  - (0.00) JEI Plugin [CreateJEI:create:jei_plugin] of REI Plugin Compatibilities Adapter [rei_plugin_compatibilities, jei]
[12Aug2024 14:56:38.731] [REI-ReloadPlugins/INFO] [REI/]: [REI]  - (0.00) JEI Plugin [GeneratorsJEI:mekanismgenerators:jei_plugin] of REI Plugin Compatibilities Adapter [rei_plugin_compatibilities, jei]
[12Aug2024 14:56:38.731] [REI-ReloadPlugins/INFO] [REI/]: [REI]  - (0.00) JEI Plugin [MekanismJEI:mekanism:jei_plugin] of REI Plugin Compatibilities Adapter [rei_plugin_compatibilities, jei]
[12Aug2024 14:56:38.731] [REI-ReloadPlugins/INFO] [REI/]: [REI]  - (0.00) JEI Plugin [CuriosJeiPlugin:curios:curios] of REI Plugin Compatibilities Adapter [rei_plugin_compatibilities, jei]
[12Aug2024 14:56:38.731] [REI-ReloadPlugins/INFO] [REI/]: [REI]  - (0.00) JEI Plugin [JEIPlugin:minecraft:domum_ornamentum] of REI Plugin Compatibilities Adapter [rei_plugin_compatibilities, jei]
[12Aug2024 14:56:38.731] [REI-ReloadPlugins/INFO] [REI/]: [REI]  - (0.00) JEI Plugin [JEIBotaniaPlugin:botania:main] of REI Plugin Compatibilities Adapter [rei_plugin_compatibilities, jei]
[12Aug2024 14:56:38.731] [REI-ReloadPlugins/INFO] [REI/]: [REI]  - (0.00) JEI Plugin [JEIPlugin:ae2:core] of REI Plugin Compatibilities Adapter [rei_plugin_compatibilities, jei]
[12Aug2024 14:56:38.731] [REI-ReloadPlugins/INFO] [REI/]: [REI]  - (0.00) JEI Plugin [JEICompat:jade:main] of REI Plugin Compatibilities Adapter [rei_plugin_compatibilities, jei]
[12Aug2024 14:56:38.732] [REI-ReloadPlugins/INFO] [REI/]: [REI]  - (0.00) JEI Plugin [JEIHelper:immersiveengineering:main] of REI Plugin Compatibilities Adapter [rei_plugin_compatibilities, jei]
[12Aug2024 14:56:38.732] [REI-ReloadPlugins/INFO] [REI/]: [REI]  - (0.00) JEI Plugin [TitaniumJEIPlugin:titanium:default] of REI Plugin Compatibilities Adapter [rei_plugin_compatibilities, jei]
[12Aug2024 14:56:38.732] [REI-ReloadPlugins/INFO] [REI/]: [REI]  - (0.00) JEI Plugin [AlexsCavesPlugin:alexscaves:alexscaves] of REI Plugin Compatibilities Adapter [rei_plugin_compatibilities, jei]
[12Aug2024 14:56:38.732] [REI-ReloadPlugins/INFO] [REI/]: [REI]  - (0.00) JEI Plugin [JeiModPlugin:jeimultiblocks:plugin] of REI Plugin Compatibilities Adapter [rei_plugin_compatibilities, jei]
[12Aug2024 14:56:38.732] [REI-ReloadPlugins/INFO] [REI/]: [REI]  - (0.00) JEI Plugin [BloodMagicJEIPlugin:bloodmagic:jei_plugin] of REI Plugin Compatibilities Adapter [rei_plugin_compatibilities, jei]
[12Aug2024 14:56:38.732] [REI-ReloadPlugins/INFO] [REI/]: [REI]  - (0.00) JEI Plugin [BfrJEI:bfr:jei_plugin] of REI Plugin Compatibilities Adapter [rei_plugin_compatibilities, jei]
[12Aug2024 14:56:38.732] [REI-ReloadPlugins/INFO] [REI/]: [REI]  - (0.00) JEI Plugin [JEIPlugin:pneumaticcraft:default] of REI Plugin Compatibilities Adapter [rei_plugin_compatibilities, jei]
[12Aug2024 14:56:38.732] [REI-ReloadPlugins/INFO] [REI/]: [REI]  - (0.00) JEI Plugin [JEIRuntimeCapturer:modernfix:capturer] of REI Plugin Compatibilities Adapter [rei_plugin_compatibilities, jei]
[12Aug2024 14:56:38.732] [REI-ReloadPlugins/INFO] [REI/]: [REI]  - (0.00) JEI Plugin [CBCJEI:createbigcannons:jei_plugin] of REI Plugin Compatibilities Adapter [rei_plugin_compatibilities, jei]
[12Aug2024 14:56:38.732] [REI-ReloadPlugins/INFO] [REI/]: [REI]  - (0.00) ReiIsDumbClientPlugin of ReiIsDumbClientPlugin [ad_astra]
[12Aug2024 14:56:38.733] [REI-ReloadPlugins/INFO] [REI/]: [REI]  - (0.00) REI Plugin Compatibilities Client Handler of REI Plugin Compatibilities Client Handler [rei_plugin_compatibilities, jei]
[12Aug2024 14:56:38.733] [REI-ReloadPlugins/INFO] [REI/]: [REI]  - (0.00) AE2 of AE2 [ae2]
[12Aug2024 14:56:38.733] [REI-ReloadPlugins/INFO] [REI/]: [REI]  - (10000000.00) REIForgePluginStub of REIForgePluginStub [kubejs]
[12Aug2024 14:56:38.733] [REI-ReloadPlugins/INFO] [REI/]: [REI] ########################################
[12Aug2024 14:56:38.750] [REI-ReloadPlugins/INFO] [REI/]: [REI] ########################################
[12Aug2024 14:56:38.750] [REI-ReloadPlugins/INFO] [REI/]: [REI] REIClientPlugin starting main-reload for START.
[12Aug2024 14:56:38.750] [REI-ReloadPlugins/INFO] [REI/]: [REI] Plugins (36):
[12Aug2024 14:56:38.751] [REI-ReloadPlugins/INFO] [REI/]: [REI]  - (-100.00) DefaultClientPluginImpl of DefaultClientPluginImpl [roughlyenoughitems]
[12Aug2024 14:56:38.751] [REI-ReloadPlugins/INFO] [REI/]: [REI]  - (0.00) JEI Plugin [AdAstraJeiPlugin:ad_astra:jei] of REI Plugin Compatibilities Adapter [rei_plugin_compatibilities, jei]
[12Aug2024 14:56:38.751] [REI-ReloadPlugins/INFO] [REI/]: [REI]  - (0.00) JEI Plugin [CreateAdditionJEI:createaddition:jei_plugin] of REI Plugin Compatibilities Adapter [rei_plugin_compatibilities, jei]
[12Aug2024 14:56:38.751] [REI-ReloadPlugins/INFO] [REI/]: [REI]  - (0.00) JEI Plugin [DEJEIPlugin:draconicevolution:jei_plugin] of REI Plugin Compatibilities Adapter [rei_plugin_compatibilities, jei]
[12Aug2024 14:56:38.751] [REI-ReloadPlugins/INFO] [REI/]: [REI]  - (0.00) JEI Plugin [BCJEIPlugin:brandonscore:jei_plugin] of REI Plugin Compatibilities Adapter [rei_plugin_compatibilities, jei]
[12Aug2024 14:56:38.751] [REI-ReloadPlugins/INFO] [REI/]: [REI]  - (0.00) JEI Plugin [JEIPlugin:codechickenlib:jei_plugin] of REI Plugin Compatibilities Adapter [rei_plugin_compatibilities, jei]
[12Aug2024 14:56:38.751] [REI-ReloadPlugins/INFO] [REI/]: [REI]  - (0.00) JEI Plugin [Plugin:refurbished_furniture:plugin] of REI Plugin Compatibilities Adapter [rei_plugin_compatibilities, jei]
[12Aug2024 14:56:38.751] [REI-ReloadPlugins/INFO] [REI/]: [REI]  - (0.00) JEI Plugin [JEIPlugin:functionalstorage:main] of REI Plugin Compatibilities Adapter [rei_plugin_compatibilities, jei]
[12Aug2024 14:56:38.751] [REI-ReloadPlugins/INFO] [REI/]: [REI]  - (0.00) JEI Plugin [JEIComputerCraft:computercraft:jei] of REI Plugin Compatibilities Adapter [rei_plugin_compatibilities, jei]
[12Aug2024 14:56:38.751] [REI-ReloadPlugins/INFO] [REI/]: [REI]  - (0.00) JEI Plugin [JEIPlugin:kubejs:jei] of REI Plugin Compatibilities Adapter [rei_plugin_compatibilities, jei]
[12Aug2024 14:56:38.751] [REI-ReloadPlugins/INFO] [REI/]: [REI]  - (0.00) JEI Plugin [JEIPlugin:minecraft:minecolonies] of REI Plugin Compatibilities Adapter [rei_plugin_compatibilities, jei]
[12Aug2024 14:56:38.751] [REI-ReloadPlugins/INFO] [REI/]: [REI]  - (0.00) JEI Plugin [ABJEIPlugin:appbot:main] of REI Plugin Compatibilities Adapter [rei_plugin_compatibilities, jei]
[12Aug2024 14:56:38.752] [REI-ReloadPlugins/INFO] [REI/]: [REI]  - (0.00) JEI Plugin [PatchouliJeiPlugin:patchouli:patchouli] of REI Plugin Compatibilities Adapter [rei_plugin_compatibilities, jei]
[12Aug2024 14:56:38.752] [REI-ReloadPlugins/INFO] [REI/]: [REI]  - (0.00) JEI Plugin [CreateJEI:create:jei_plugin] of REI Plugin Compatibilities Adapter [rei_plugin_compatibilities, jei]
[12Aug2024 14:56:38.752] [REI-ReloadPlugins/INFO] [REI/]: [REI]  - (0.00) JEI Plugin [GeneratorsJEI:mekanismgenerators:jei_plugin] of REI Plugin Compatibilities Adapter [rei_plugin_compatibilities, jei]
[12Aug2024 14:56:38.752] [REI-ReloadPlugins/INFO] [REI/]: [REI]  - (0.00) JEI Plugin [MekanismJEI:mekanism:jei_plugin] of REI Plugin Compatibilities Adapter [rei_plugin_compatibilities, jei]
[12Aug2024 14:56:38.752] [REI-ReloadPlugins/INFO] [REI/]: [REI]  - (0.00) JEI Plugin [CuriosJeiPlugin:curios:curios] of REI Plugin Compatibilities Adapter [rei_plugin_compatibilities, jei]
[12Aug2024 14:56:38.752] [REI-ReloadPlugins/INFO] [REI/]: [REI]  - (0.00) JEI Plugin [JEIPlugin:minecraft:domum_ornamentum] of REI Plugin Compatibilities Adapter [rei_plugin_compatibilities, jei]
[12Aug2024 14:56:38.752] [REI-ReloadPlugins/INFO] [REI/]: [REI]  - (0.00) JEI Plugin [JEIBotaniaPlugin:botania:main] of REI Plugin Compatibilities Adapter [rei_plugin_compatibilities, jei]
[12Aug2024 14:56:38.752] [REI-ReloadPlugins/INFO] [REI/]: [REI]  - (0.00) JEI Plugin [JEIPlugin:ae2:core] of REI Plugin Compatibilities Adapter [rei_plugin_compatibilities, jei]
[12Aug2024 14:56:38.752] [REI-ReloadPlugins/INFO] [REI/]: [REI]  - (0.00) JEI Plugin [JEICompat:jade:main] of REI Plugin Compatibilities Adapter [rei_plugin_compatibilities, jei]
[12Aug2024 14:56:38.752] [REI-ReloadPlugins/INFO] [REI/]: [REI]  - (0.00) JEI Plugin [JEIHelper:immersiveengineering:main] of REI Plugin Compatibilities Adapter [rei_plugin_compatibilities, jei]
[12Aug2024 14:56:38.753] [REI-ReloadPlugins/INFO] [REI/]: [REI]  - (0.00) JEI Plugin [TitaniumJEIPlugin:titanium:default] of REI Plugin Compatibilities Adapter [rei_plugin_compatibilities, jei]
[12Aug2024 14:56:38.753] [REI-ReloadPlugins/INFO] [REI/]: [REI]  - (0.00) JEI Plugin [AlexsCavesPlugin:alexscaves:alexscaves] of REI Plugin Compatibilities Adapter [rei_plugin_compatibilities, jei]
[12Aug2024 14:56:38.753] [REI-ReloadPlugins/INFO] [REI/]: [REI]  - (0.00) JEI Plugin [JeiModPlugin:jeimultiblocks:plugin] of REI Plugin Compatibilities Adapter [rei_plugin_compatibilities, jei]
[12Aug2024 14:56:38.753] [REI-ReloadPlugins/INFO] [REI/]: [REI]  - (0.00) JEI Plugin [BloodMagicJEIPlugin:bloodmagic:jei_plugin] of REI Plugin Compatibilities Adapter [rei_plugin_compatibilities, jei]
[12Aug2024 14:56:38.753] [REI-ReloadPlugins/INFO] [REI/]: [REI]  - (0.00) JEI Plugin [BfrJEI:bfr:jei_plugin] of REI Plugin Compatibilities Adapter [rei_plugin_compatibilities, jei]
[12Aug2024 14:56:38.753] [REI-ReloadPlugins/INFO] [REI/]: [REI]  - (0.00) JEI Plugin [JEIPlugin:pneumaticcraft:default] of REI Plugin Compatibilities Adapter [rei_plugin_compatibilities, jei]
[12Aug2024 14:56:38.753] [REI-ReloadPlugins/INFO] [REI/]: [REI]  - (0.00) JEI Plugin [JEIRuntimeCapturer:modernfix:capturer] of REI Plugin Compatibilities Adapter [rei_plugin_compatibilities, jei]
[12Aug2024 14:56:38.753] [REI-ReloadPlugins/INFO] [REI/]: [REI]  - (0.00) JEI Plugin [CBCJEI:createbigcannons:jei_plugin] of REI Plugin Compatibilities Adapter [rei_plugin_compatibilities, jei]
[12Aug2024 14:56:38.753] [REI-ReloadPlugins/INFO] [REI/]: [REI]  - (0.00) ReiIsDumbClientPlugin of ReiIsDumbClientPlugin [ad_astra]
[12Aug2024 14:56:38.753] [REI-ReloadPlugins/INFO] [REI/]: [REI]  - (0.00) REI Plugin Compatibilities Client Handler of REI Plugin Compatibilities Client Handler [rei_plugin_compatibilities, jei]
[12Aug2024 14:56:38.753] [REI-ReloadPlugins/INFO] [REI/]: [REI]  - (0.00) AE2 of AE2 [ae2]
[12Aug2024 14:56:38.753] [REI-ReloadPlugins/INFO] [REI/]: [REI]  - (0.00) HideIngredientsFromTagsPlugin of HideIngredientsFromTagsPlugin [roughlyenoughitems]
[12Aug2024 14:56:38.753] [REI-ReloadPlugins/INFO] [REI/]: [REI]  - (0.00) DefaultClientRuntimePlugin of DefaultClientRuntimePlugin [roughlyenoughitems]
[12Aug2024 14:56:38.754] [REI-ReloadPlugins/INFO] [REI/]: [REI]  - (10000000.00) REIForgePluginStub of REIForgePluginStub [kubejs]
[12Aug2024 14:56:38.754] [REI-ReloadPlugins/INFO] [REI/]: [REI] ########################################
[12Aug2024 14:56:38.756] [Server thread/INFO] [net.minecraft.server.MinecraftServer/]: Reloaded with no KubeJS errors!
[12Aug2024 14:56:38.756] [Server thread/INFO] [KubeJS Server/]: Server resource reload complete!
[12Aug2024 14:56:38.782] [Render thread/WARN] [REI/]: [REI] Suppressing Reload Plugins of stage START
[12Aug2024 14:56:38.796] [Render thread/WARN] [net.minecraft.client.ClientRecipeBook/]: Unknown recipe category: ae2:charger/ae2:charger/charged_certus_quartz_crystal
[12Aug2024 14:56:38.818] [Render thread/WARN] [net.minecraft.client.ClientRecipeBook/]: Unknown recipe category: ae2:charger/ae2:charger/guide
[12Aug2024 14:56:38.824] [Render thread/WARN] [net.minecraft.client.ClientRecipeBook/]: Unknown recipe category: ae2:charger/ae2:charger/meteorite_compass
[12Aug2024 14:56:38.853] [Render thread/INFO] [net.minecraft.advancements.AdvancementList/]: Loaded 27 advancements
[12Aug2024 14:56:38.855] [Render thread/INFO] [net.minecraft.client.gui.components.ChatComponent/]: [System] [CHAT] Reloaded with no KubeJS errors!
[12Aug2024 14:56:39.513] [Server thread/WARN] [net.minecraft.server.MinecraftServer/]: Can't keep up! Is the server overloaded? Running 2451ms or 49 ticks behind
[12Aug2024 14:56:40.012] [REI-ReloadPlugins/INFO] [REI/]: [REI] OOOOOOOOOOOOOOOOOOOOOOOOOOOOOOOOOOOOOOOO
[12Aug2024 14:56:40.012] [REI-ReloadPlugins/INFO] [REI/]: [REI] REIServerPlugin starting main-reload for START.
[12Aug2024 14:56:40.012] [REI-ReloadPlugins/INFO] [REI/]: [REI] Plugins (2):
[12Aug2024 14:56:40.012] [REI-ReloadPlugins/INFO] [REI/]: [REI]  - (-100.00) DefaultPluginImpl of DefaultPluginImpl [roughlyenoughitems]
[12Aug2024 14:56:40.012] [REI-ReloadPlugins/INFO] [REI/]: [REI]  - (0.00) DefaultRuntimePlugin of DefaultRuntimePlugin [roughlyenoughitems]
[12Aug2024 14:56:40.012] [REI-ReloadPlugins/INFO] [REI/]: [REI] OOOOOOOOOOOOOOOOOOOOOOOOOOOOOOOOOOOOOOOO
[12Aug2024 14:56:40.017] [REI-ReloadPlugins/INFO] [REI/]: [REI] REIPlugin finished post-reload for START in 2.266 ms, totaling 24.99 ms.
[12Aug2024 14:56:40.021] [REI-ReloadPlugins/INFO] [REI/]: [REI] REIClientPlugin finished post-reload for START in 1.789 ms, totaling 1.267 s.
[12Aug2024 14:56:40.022] [REI-ReloadPlugins/INFO] [REI/]: [REI] REIServerPlugin finished post-reload for START in 222.7 ?s, totaling 1.859 ms.
[12Aug2024 14:56:40.031] [REI-ReloadPlugins/INFO] [REI/]: [REI] ++++++++++++++++++++++++++++++++++++++++
[12Aug2024 14:56:40.032] [REI-ReloadPlugins/INFO] [REI/]: [REI] REIPlugin starting main-reload for END.
[12Aug2024 14:56:40.032] [REI-ReloadPlugins/INFO] [REI/]: [REI] Plugins (38):
[12Aug2024 14:56:40.032] [REI-ReloadPlugins/INFO] [REI/]: [REI]  - (-100.00) DefaultClientPluginImpl of DefaultClientPluginImpl [roughlyenoughitems]
[12Aug2024 14:56:40.032] [REI-ReloadPlugins/INFO] [REI/]: [REI]  - (-100.00) DefaultPluginImpl of DefaultPluginImpl [roughlyenoughitems]
[12Aug2024 14:56:40.032] [REI-ReloadPlugins/INFO] [REI/]: [REI]  - (0.00) HideIngredientsFromTagsPlugin of HideIngredientsFromTagsPlugin [roughlyenoughitems]
[12Aug2024 14:56:40.032] [REI-ReloadPlugins/INFO] [REI/]: [REI]  - (0.00) DefaultClientRuntimePlugin of DefaultClientRuntimePlugin [roughlyenoughitems]
[12Aug2024 14:56:40.032] [REI-ReloadPlugins/INFO] [REI/]: [REI]  - (0.00) DefaultRuntimePlugin of DefaultRuntimePlugin [roughlyenoughitems]
[12Aug2024 14:56:40.032] [REI-ReloadPlugins/INFO] [REI/]: [REI]  - (0.00) JEI Plugin [AdAstraJeiPlugin:ad_astra:jei] of REI Plugin Compatibilities Adapter [rei_plugin_compatibilities, jei]
[12Aug2024 14:56:40.032] [REI-ReloadPlugins/INFO] [REI/]: [REI]  - (0.00) JEI Plugin [CreateAdditionJEI:createaddition:jei_plugin] of REI Plugin Compatibilities Adapter [rei_plugin_compatibilities, jei]
[12Aug2024 14:56:40.033] [REI-ReloadPlugins/INFO] [REI/]: [REI]  - (0.00) JEI Plugin [DEJEIPlugin:draconicevolution:jei_plugin] of REI Plugin Compatibilities Adapter [rei_plugin_compatibilities, jei]
[12Aug2024 14:56:40.033] [REI-ReloadPlugins/INFO] [REI/]: [REI]  - (0.00) JEI Plugin [BCJEIPlugin:brandonscore:jei_plugin] of REI Plugin Compatibilities Adapter [rei_plugin_compatibilities, jei]
[12Aug2024 14:56:40.033] [REI-ReloadPlugins/INFO] [REI/]: [REI]  - (0.00) JEI Plugin [JEIPlugin:codechickenlib:jei_plugin] of REI Plugin Compatibilities Adapter [rei_plugin_compatibilities, jei]
[12Aug2024 14:56:40.033] [REI-ReloadPlugins/INFO] [REI/]: [REI]  - (0.00) JEI Plugin [Plugin:refurbished_furniture:plugin] of REI Plugin Compatibilities Adapter [rei_plugin_compatibilities, jei]
[12Aug2024 14:56:40.033] [REI-ReloadPlugins/INFO] [REI/]: [REI]  - (0.00) JEI Plugin [JEIPlugin:functionalstorage:main] of REI Plugin Compatibilities Adapter [rei_plugin_compatibilities, jei]
[12Aug2024 14:56:40.033] [REI-ReloadPlugins/INFO] [REI/]: [REI]  - (0.00) JEI Plugin [JEIComputerCraft:computercraft:jei] of REI Plugin Compatibilities Adapter [rei_plugin_compatibilities, jei]
[12Aug2024 14:56:40.033] [REI-ReloadPlugins/INFO] [REI/]: [REI]  - (0.00) JEI Plugin [JEIPlugin:kubejs:jei] of REI Plugin Compatibilities Adapter [rei_plugin_compatibilities, jei]
[12Aug2024 14:56:40.033] [REI-ReloadPlugins/INFO] [REI/]: [REI]  - (0.00) JEI Plugin [JEIPlugin:minecraft:minecolonies] of REI Plugin Compatibilities Adapter [rei_plugin_compatibilities, jei]
[12Aug2024 14:56:40.033] [REI-ReloadPlugins/INFO] [REI/]: [REI]  - (0.00) JEI Plugin [ABJEIPlugin:appbot:main] of REI Plugin Compatibilities Adapter [rei_plugin_compatibilities, jei]
[12Aug2024 14:56:40.033] [REI-ReloadPlugins/INFO] [REI/]: [REI]  - (0.00) JEI Plugin [PatchouliJeiPlugin:patchouli:patchouli] of REI Plugin Compatibilities Adapter [rei_plugin_compatibilities, jei]
[12Aug2024 14:56:40.033] [REI-ReloadPlugins/INFO] [REI/]: [REI]  - (0.00) JEI Plugin [CreateJEI:create:jei_plugin] of REI Plugin Compatibilities Adapter [rei_plugin_compatibilities, jei]
[12Aug2024 14:56:40.033] [REI-ReloadPlugins/INFO] [REI/]: [REI]  - (0.00) JEI Plugin [GeneratorsJEI:mekanismgenerators:jei_plugin] of REI Plugin Compatibilities Adapter [rei_plugin_compatibilities, jei]
[12Aug2024 14:56:40.033] [REI-ReloadPlugins/INFO] [REI/]: [REI]  - (0.00) JEI Plugin [MekanismJEI:mekanism:jei_plugin] of REI Plugin Compatibilities Adapter [rei_plugin_compatibilities, jei]
[12Aug2024 14:56:40.033] [REI-ReloadPlugins/INFO] [REI/]: [REI]  - (0.00) JEI Plugin [CuriosJeiPlugin:curios:curios] of REI Plugin Compatibilities Adapter [rei_plugin_compatibilities, jei]
[12Aug2024 14:56:40.033] [REI-ReloadPlugins/INFO] [REI/]: [REI]  - (0.00) JEI Plugin [JEIPlugin:minecraft:domum_ornamentum] of REI Plugin Compatibilities Adapter [rei_plugin_compatibilities, jei]
[12Aug2024 14:56:40.033] [REI-ReloadPlugins/INFO] [REI/]: [REI]  - (0.00) JEI Plugin [JEIBotaniaPlugin:botania:main] of REI Plugin Compatibilities Adapter [rei_plugin_compatibilities, jei]
[12Aug2024 14:56:40.033] [REI-ReloadPlugins/INFO] [REI/]: [REI]  - (0.00) JEI Plugin [JEIPlugin:ae2:core] of REI Plugin Compatibilities Adapter [rei_plugin_compatibilities, jei]
[12Aug2024 14:56:40.033] [REI-ReloadPlugins/INFO] [REI/]: [REI]  - (0.00) JEI Plugin [JEICompat:jade:main] of REI Plugin Compatibilities Adapter [rei_plugin_compatibilities, jei]
[12Aug2024 14:56:40.034] [REI-ReloadPlugins/INFO] [REI/]: [REI]  - (0.00) JEI Plugin [JEIHelper:immersiveengineering:main] of REI Plugin Compatibilities Adapter [rei_plugin_compatibilities, jei]
[12Aug2024 14:56:40.034] [REI-ReloadPlugins/INFO] [REI/]: [REI]  - (0.00) JEI Plugin [TitaniumJEIPlugin:titanium:default] of REI Plugin Compatibilities Adapter [rei_plugin_compatibilities, jei]
[12Aug2024 14:56:40.034] [REI-ReloadPlugins/INFO] [REI/]: [REI]  - (0.00) JEI Plugin [AlexsCavesPlugin:alexscaves:alexscaves] of REI Plugin Compatibilities Adapter [rei_plugin_compatibilities, jei]
[12Aug2024 14:56:40.034] [REI-ReloadPlugins/INFO] [REI/]: [REI]  - (0.00) JEI Plugin [JeiModPlugin:jeimultiblocks:plugin] of REI Plugin Compatibilities Adapter [rei_plugin_compatibilities, jei]
[12Aug2024 14:56:40.034] [REI-ReloadPlugins/INFO] [REI/]: [REI]  - (0.00) JEI Plugin [BloodMagicJEIPlugin:bloodmagic:jei_plugin] of REI Plugin Compatibilities Adapter [rei_plugin_compatibilities, jei]
[12Aug2024 14:56:40.034] [REI-ReloadPlugins/INFO] [REI/]: [REI]  - (0.00) JEI Plugin [BfrJEI:bfr:jei_plugin] of REI Plugin Compatibilities Adapter [rei_plugin_compatibilities, jei]
[12Aug2024 14:56:40.034] [REI-ReloadPlugins/INFO] [REI/]: [REI]  - (0.00) JEI Plugin [JEIPlugin:pneumaticcraft:default] of REI Plugin Compatibilities Adapter [rei_plugin_compatibilities, jei]
[12Aug2024 14:56:40.034] [REI-ReloadPlugins/INFO] [REI/]: [REI]  - (0.00) JEI Plugin [JEIRuntimeCapturer:modernfix:capturer] of REI Plugin Compatibilities Adapter [rei_plugin_compatibilities, jei]
[12Aug2024 14:56:40.034] [REI-ReloadPlugins/INFO] [REI/]: [REI]  - (0.00) JEI Plugin [CBCJEI:createbigcannons:jei_plugin] of REI Plugin Compatibilities Adapter [rei_plugin_compatibilities, jei]
[12Aug2024 14:56:40.034] [REI-ReloadPlugins/INFO] [REI/]: [REI]  - (0.00) ReiIsDumbClientPlugin of ReiIsDumbClientPlugin [ad_astra]
[12Aug2024 14:56:40.034] [REI-ReloadPlugins/INFO] [REI/]: [REI]  - (0.00) REI Plugin Compatibilities Client Handler of REI Plugin Compatibilities Client Handler [rei_plugin_compatibilities, jei]
[12Aug2024 14:56:40.034] [REI-ReloadPlugins/INFO] [REI/]: [REI]  - (0.00) AE2 of AE2 [ae2]
[12Aug2024 14:56:40.034] [REI-ReloadPlugins/INFO] [REI/]: [REI]  - (10000000.00) REIForgePluginStub of REIForgePluginStub [kubejs]
[12Aug2024 14:56:40.034] [REI-ReloadPlugins/INFO] [REI/]: [REI] ++++++++++++++++++++++++++++++++++++++++
[12Aug2024 14:56:40.045] [REI-ReloadPlugins/INFO] [REI/]: [REI] ----------------------------------------
[12Aug2024 14:56:40.046] [REI-ReloadPlugins/INFO] [REI/]: [REI] REIClientPlugin starting main-reload for END.
[12Aug2024 14:56:40.046] [REI-ReloadPlugins/INFO] [REI/]: [REI] Plugins (36):
[12Aug2024 14:56:40.046] [REI-ReloadPlugins/INFO] [REI/]: [REI]  - (-100.00) DefaultClientPluginImpl of DefaultClientPluginImpl [roughlyenoughitems]
[12Aug2024 14:56:40.046] [REI-ReloadPlugins/INFO] [REI/]: [REI]  - (0.00) JEI Plugin [AdAstraJeiPlugin:ad_astra:jei] of REI Plugin Compatibilities Adapter [rei_plugin_compatibilities, jei]
[12Aug2024 14:56:40.046] [REI-ReloadPlugins/INFO] [REI/]: [REI]  - (0.00) JEI Plugin [CreateAdditionJEI:createaddition:jei_plugin] of REI Plugin Compatibilities Adapter [rei_plugin_compatibilities, jei]
[12Aug2024 14:56:40.046] [REI-ReloadPlugins/INFO] [REI/]: [REI]  - (0.00) JEI Plugin [DEJEIPlugin:draconicevolution:jei_plugin] of REI Plugin Compatibilities Adapter [rei_plugin_compatibilities, jei]
[12Aug2024 14:56:40.046] [REI-ReloadPlugins/INFO] [REI/]: [REI]  - (0.00) JEI Plugin [BCJEIPlugin:brandonscore:jei_plugin] of REI Plugin Compatibilities Adapter [rei_plugin_compatibilities, jei]
[12Aug2024 14:56:40.046] [REI-ReloadPlugins/INFO] [REI/]: [REI]  - (0.00) JEI Plugin [JEIPlugin:codechickenlib:jei_plugin] of REI Plugin Compatibilities Adapter [rei_plugin_compatibilities, jei]
[12Aug2024 14:56:40.046] [REI-ReloadPlugins/INFO] [REI/]: [REI]  - (0.00) JEI Plugin [Plugin:refurbished_furniture:plugin] of REI Plugin Compatibilities Adapter [rei_plugin_compatibilities, jei]
[12Aug2024 14:56:40.046] [REI-ReloadPlugins/INFO] [REI/]: [REI]  - (0.00) JEI Plugin [JEIPlugin:functionalstorage:main] of REI Plugin Compatibilities Adapter [rei_plugin_compatibilities, jei]
[12Aug2024 14:56:40.046] [REI-ReloadPlugins/INFO] [REI/]: [REI]  - (0.00) JEI Plugin [JEIComputerCraft:computercraft:jei] of REI Plugin Compatibilities Adapter [rei_plugin_compatibilities, jei]
[12Aug2024 14:56:40.047] [REI-ReloadPlugins/INFO] [REI/]: [REI]  - (0.00) JEI Plugin [JEIPlugin:kubejs:jei] of REI Plugin Compatibilities Adapter [rei_plugin_compatibilities, jei]
[12Aug2024 14:56:40.047] [REI-ReloadPlugins/INFO] [REI/]: [REI]  - (0.00) JEI Plugin [JEIPlugin:minecraft:minecolonies] of REI Plugin Compatibilities Adapter [rei_plugin_compatibilities, jei]
[12Aug2024 14:56:40.047] [REI-ReloadPlugins/INFO] [REI/]: [REI]  - (0.00) JEI Plugin [ABJEIPlugin:appbot:main] of REI Plugin Compatibilities Adapter [rei_plugin_compatibilities, jei]
[12Aug2024 14:56:40.047] [REI-ReloadPlugins/INFO] [REI/]: [REI]  - (0.00) JEI Plugin [PatchouliJeiPlugin:patchouli:patchouli] of REI Plugin Compatibilities Adapter [rei_plugin_compatibilities, jei]
[12Aug2024 14:56:40.047] [REI-ReloadPlugins/INFO] [REI/]: [REI]  - (0.00) JEI Plugin [CreateJEI:create:jei_plugin] of REI Plugin Compatibilities Adapter [rei_plugin_compatibilities, jei]
[12Aug2024 14:56:40.047] [REI-ReloadPlugins/INFO] [REI/]: [REI]  - (0.00) JEI Plugin [GeneratorsJEI:mekanismgenerators:jei_plugin] of REI Plugin Compatibilities Adapter [rei_plugin_compatibilities, jei]
[12Aug2024 14:56:40.047] [REI-ReloadPlugins/INFO] [REI/]: [REI]  - (0.00) JEI Plugin [MekanismJEI:mekanism:jei_plugin] of REI Plugin Compatibilities Adapter [rei_plugin_compatibilities, jei]
[12Aug2024 14:56:40.047] [REI-ReloadPlugins/INFO] [REI/]: [REI]  - (0.00) JEI Plugin [CuriosJeiPlugin:curios:curios] of REI Plugin Compatibilities Adapter [rei_plugin_compatibilities, jei]
[12Aug2024 14:56:40.047] [REI-ReloadPlugins/INFO] [REI/]: [REI]  - (0.00) JEI Plugin [JEIPlugin:minecraft:domum_ornamentum] of REI Plugin Compatibilities Adapter [rei_plugin_compatibilities, jei]
[12Aug2024 14:56:40.047] [REI-ReloadPlugins/INFO] [REI/]: [REI]  - (0.00) JEI Plugin [JEIBotaniaPlugin:botania:main] of REI Plugin Compatibilities Adapter [rei_plugin_compatibilities, jei]
[12Aug2024 14:56:40.047] [REI-ReloadPlugins/INFO] [REI/]: [REI]  - (0.00) JEI Plugin [JEIPlugin:ae2:core] of REI Plugin Compatibilities Adapter [rei_plugin_compatibilities, jei]
[12Aug2024 14:56:40.047] [REI-ReloadPlugins/INFO] [REI/]: [REI]  - (0.00) JEI Plugin [JEICompat:jade:main] of REI Plugin Compatibilities Adapter [rei_plugin_compatibilities, jei]
[12Aug2024 14:56:40.047] [REI-ReloadPlugins/INFO] [REI/]: [REI]  - (0.00) JEI Plugin [JEIHelper:immersiveengineering:main] of REI Plugin Compatibilities Adapter [rei_plugin_compatibilities, jei]
[12Aug2024 14:56:40.047] [REI-ReloadPlugins/INFO] [REI/]: [REI]  - (0.00) JEI Plugin [TitaniumJEIPlugin:titanium:default] of REI Plugin Compatibilities Adapter [rei_plugin_compatibilities, jei]
[12Aug2024 14:56:40.047] [REI-ReloadPlugins/INFO] [REI/]: [REI]  - (0.00) JEI Plugin [AlexsCavesPlugin:alexscaves:alexscaves] of REI Plugin Compatibilities Adapter [rei_plugin_compatibilities, jei]
[12Aug2024 14:56:40.047] [REI-ReloadPlugins/INFO] [REI/]: [REI]  - (0.00) JEI Plugin [JeiModPlugin:jeimultiblocks:plugin] of REI Plugin Compatibilities Adapter [rei_plugin_compatibilities, jei]
[12Aug2024 14:56:40.047] [REI-ReloadPlugins/INFO] [REI/]: [REI]  - (0.00) JEI Plugin [BloodMagicJEIPlugin:bloodmagic:jei_plugin] of REI Plugin Compatibilities Adapter [rei_plugin_compatibilities, jei]
[12Aug2024 14:56:40.048] [REI-ReloadPlugins/INFO] [REI/]: [REI]  - (0.00) JEI Plugin [BfrJEI:bfr:jei_plugin] of REI Plugin Compatibilities Adapter [rei_plugin_compatibilities, jei]
[12Aug2024 14:56:40.048] [REI-ReloadPlugins/INFO] [REI/]: [REI]  - (0.00) JEI Plugin [JEIPlugin:pneumaticcraft:default] of REI Plugin Compatibilities Adapter [rei_plugin_compatibilities, jei]
[12Aug2024 14:56:40.048] [REI-ReloadPlugins/INFO] [REI/]: [REI]  - (0.00) JEI Plugin [JEIRuntimeCapturer:modernfix:capturer] of REI Plugin Compatibilities Adapter [rei_plugin_compatibilities, jei]
[12Aug2024 14:56:40.048] [REI-ReloadPlugins/INFO] [REI/]: [REI]  - (0.00) JEI Plugin [CBCJEI:createbigcannons:jei_plugin] of REI Plugin Compatibilities Adapter [rei_plugin_compatibilities, jei]
[12Aug2024 14:56:40.048] [REI-ReloadPlugins/INFO] [REI/]: [REI]  - (0.00) ReiIsDumbClientPlugin of ReiIsDumbClientPlugin [ad_astra]
[12Aug2024 14:56:40.048] [REI-ReloadPlugins/INFO] [REI/]: [REI]  - (0.00) REI Plugin Compatibilities Client Handler of REI Plugin Compatibilities Client Handler [rei_plugin_compatibilities, jei]
[12Aug2024 14:56:40.048] [REI-ReloadPlugins/INFO] [REI/]: [REI]  - (0.00) AE2 of AE2 [ae2]
[12Aug2024 14:56:40.048] [REI-ReloadPlugins/INFO] [REI/]: [REI]  - (0.00) HideIngredientsFromTagsPlugin of HideIngredientsFromTagsPlugin [roughlyenoughitems]
[12Aug2024 14:56:40.048] [REI-ReloadPlugins/INFO] [REI/]: [REI]  - (0.00) DefaultClientRuntimePlugin of DefaultClientRuntimePlugin [roughlyenoughitems]
[12Aug2024 14:56:40.048] [REI-ReloadPlugins/INFO] [REI/]: [REI]  - (10000000.00) REIForgePluginStub of REIForgePluginStub [kubejs]
[12Aug2024 14:56:40.048] [REI-ReloadPlugins/INFO] [REI/]: [REI] ----------------------------------------
[12Aug2024 14:56:41.442] [Render thread/INFO] [REI/]: [REI] Cancelled Views buildMap since plugins have not finished reloading.
[12Aug2024 14:56:41.546] [REI-ReloadPlugins/INFO] [immersiveengineering/]: Adding recipes to JEI!!
[12Aug2024 14:56:41.609] [REI-ReloadPlugins/INFO] [immersiveengineering/]: Recipes for potions: minecraft:turtle_master, minecraft:poison, alexscaves:glowing, minecraft:long_weakness, minecraft:long_fire_resistance, alexscaves:strong_haste, minecraft:slow_falling, minecraft:long_poison, alexscaves:long_magnetizing, biomemakeover:nocturnal_pot, minecraft:strong_regeneration, minecraft:leaping, minecraft:long_water_breathing, minecraft:long_night_vision, minecraft:strong_slowness, minecraft:long_slowness, minecraft:healing, minecraft:strength, minecraft:slowness, minecraft:long_slow_falling, minecraft:night_vision, biomemakeover:long_nocturnal_pot, minecraft:strong_harming, minecraft:water_breathing, alexscaves:magnetizing, minecraft:strong_healing, minecraft:strong_turtle_master, minecraft:weakness, alexscaves:long_haste, minecraft:fire_resistance, minecraft:regeneration, minecraft:water, minecraft:long_strength, minecraft:harming, alexscaves:long_glowing, minecraft:strong_poison, minecraft:strong_strength, minecraft:strong_swiftness, alexscaves:long_deepsight, minecraft:strong_leaping, minecraft:awkward, minecraft:long_invisibility, minecraft:long_turtle_master, alexscaves:deepsight, minecraft:long_swiftness, minecraft:long_leaping, biomemakeover:actidote_pot, minecraft:swiftness, minecraft:invisibility, alexscaves:haste, minecraft:long_regeneration
[12Aug2024 14:56:42.451] [REI-ReloadPlugins/INFO] [REI/]: [REI] ****************************************
[12Aug2024 14:56:42.451] [REI-ReloadPlugins/INFO] [REI/]: [REI] REIServerPlugin starting main-reload for END.
[12Aug2024 14:56:42.451] [REI-ReloadPlugins/INFO] [REI/]: [REI] Plugins (2):
[12Aug2024 14:56:42.451] [REI-ReloadPlugins/INFO] [REI/]: [REI]  - (-100.00) DefaultPluginImpl of DefaultPluginImpl [roughlyenoughitems]
[12Aug2024 14:56:42.451] [REI-ReloadPlugins/INFO] [REI/]: [REI]  - (0.00) DefaultRuntimePlugin of DefaultRuntimePlugin [roughlyenoughitems]
[12Aug2024 14:56:42.451] [REI-ReloadPlugins/INFO] [REI/]: [REI] ****************************************
[12Aug2024 14:56:42.456] [REI-ReloadPlugins/INFO] [REI/]: [REI] REIPlugin finished post-reload for END in 1.553 ms, totaling 18.24 ms.
[12Aug2024 14:56:42.458] [REI-ReloadPlugins/ERROR] [REI/]: [REI] Display [ad_astra:compressing/iron_plate_from_compressing_iron_ingot] me.shedaniel.rei.jeicompat.wrap.JEIWrappedDisplay@c3fc493 failed validation check for category [ad_astra:compressing] earth.terrarium.adastra.common.compat.rei.categories.CompressingCategory@63889f98
[12Aug2024 14:56:42.458] [REI-ReloadPlugins/ERROR] [REI/]: [REI] Display [ad_astra:compressing/calorite_plate_from_compressing_calorite_blocks] me.shedaniel.rei.jeicompat.wrap.JEIWrappedDisplay@270ed748 failed validation check for category [ad_astra:compressing] earth.terrarium.adastra.common.compat.rei.categories.CompressingCategory@63889f98
[12Aug2024 14:56:42.458] [REI-ReloadPlugins/ERROR] [REI/]: [REI] Display [ad_astra:compressing/steel_plate_from_compressing_steel_blocks] me.shedaniel.rei.jeicompat.wrap.JEIWrappedDisplay@48e16d48 failed validation check for category [ad_astra:compressing] earth.terrarium.adastra.common.compat.rei.categories.CompressingCategory@63889f98
[12Aug2024 14:56:42.458] [REI-ReloadPlugins/ERROR] [REI/]: [REI] Display [ad_astra:compressing/ostrum_plate_from_compressing_ostrum_blocks] me.shedaniel.rei.jeicompat.wrap.JEIWrappedDisplay@2772a7a8 failed validation check for category [ad_astra:compressing] earth.terrarium.adastra.common.compat.rei.categories.CompressingCategory@63889f98
[12Aug2024 14:56:42.458] [REI-ReloadPlugins/ERROR] [REI/]: [REI] Display [ad_astra:compressing/desh_plate_from_compressing_desh_blocks] me.shedaniel.rei.jeicompat.wrap.JEIWrappedDisplay@30278b0 failed validation check for category [ad_astra:compressing] earth.terrarium.adastra.common.compat.rei.categories.CompressingCategory@63889f98
[12Aug2024 14:56:42.458] [REI-ReloadPlugins/ERROR] [REI/]: [REI] Display [ad_astra:compressing/calorite_plate_from_compressing_calorite_ingots] me.shedaniel.rei.jeicompat.wrap.JEIWrappedDisplay@13863e3b failed validation check for category [ad_astra:compressing] earth.terrarium.adastra.common.compat.rei.categories.CompressingCategory@63889f98
[12Aug2024 14:56:42.458] [REI-ReloadPlugins/ERROR] [REI/]: [REI] Display [ad_astra:compressing/desh_plate_from_compressing_desh_ingots] me.shedaniel.rei.jeicompat.wrap.JEIWrappedDisplay@b3e6d74 failed validation check for category [ad_astra:compressing] earth.terrarium.adastra.common.compat.rei.categories.CompressingCategory@63889f98
[12Aug2024 14:56:42.459] [REI-ReloadPlugins/ERROR] [REI/]: [REI] Display [ad_astra:compressing/steel_plate_from_compressing_steel_ingots] me.shedaniel.rei.jeicompat.wrap.JEIWrappedDisplay@40a86d50 failed validation check for category [ad_astra:compressing] earth.terrarium.adastra.common.compat.rei.categories.CompressingCategory@63889f98
[12Aug2024 14:56:42.459] [REI-ReloadPlugins/ERROR] [REI/]: [REI] Display [ad_astra:compressing/ostrum_plate_from_compressing_ostrum_ingots] me.shedaniel.rei.jeicompat.wrap.JEIWrappedDisplay@21e7e7f8 failed validation check for category [ad_astra:compressing] earth.terrarium.adastra.common.compat.rei.categories.CompressingCategory@63889f98
[12Aug2024 14:56:42.459] [REI-ReloadPlugins/ERROR] [REI/]: [REI] Display [ad_astra:compressing/iron_plate_from_compressing_iron_block] me.shedaniel.rei.jeicompat.wrap.JEIWrappedDisplay@4845c042 failed validation check for category [ad_astra:compressing] earth.terrarium.adastra.common.compat.rei.categories.CompressingCategory@63889f98
[12Aug2024 14:56:42.459] [REI-ReloadPlugins/ERROR] [REI/]: [REI] Display [ad_astra:alloying/steel_ingot_from_alloying_iron_ingot_and_coals] me.shedaniel.rei.jeicompat.wrap.JEIWrappedDisplay@2e1b0f61 failed validation check for category [ad_astra:alloying] earth.terrarium.adastra.common.compat.rei.categories.AlloyingCategory@48ba8d30
[12Aug2024 14:56:42.459] [REI-ReloadPlugins/ERROR] [REI/]: [REI] Display [ad_astra:oxygen_loading/oxygen_from_oxygen_loading_oxygen] me.shedaniel.rei.jeicompat.wrap.JEIWrappedDisplay@243ac6e2 failed validation check for category [ad_astra:oxygen_loading] earth.terrarium.adastra.common.compat.rei.categories.OxygenLoadingCategory@38751c58
[12Aug2024 14:56:42.459] [REI-ReloadPlugins/ERROR] [REI/]: [REI] Display [ad_astra:oxygen_loading/oxygen_from_oxygen_loading_water] me.shedaniel.rei.jeicompat.wrap.JEIWrappedDisplay@6f767189 failed validation check for category [ad_astra:oxygen_loading] earth.terrarium.adastra.common.compat.rei.categories.OxygenLoadingCategory@38751c58
[12Aug2024 14:56:42.459] [REI-ReloadPlugins/ERROR] [REI/]: [REI] Display [ad_astra:cryo_freezing/cryo_fuel_from_cryo_freezing_packed_ice] me.shedaniel.rei.jeicompat.wrap.JEIWrappedDisplay@4c12ff01 failed validation check for category [ad_astra:cryo_freezing] earth.terrarium.adastra.common.compat.rei.categories.CryoFreezingCategory@14101ccc
[12Aug2024 14:56:42.460] [REI-ReloadPlugins/ERROR] [REI/]: [REI] Display [ad_astra:cryo_freezing/cryo_fuel_from_cryo_freezing_blue_ice] me.shedaniel.rei.jeicompat.wrap.JEIWrappedDisplay@259604cf failed validation check for category [ad_astra:cryo_freezing] earth.terrarium.adastra.common.compat.rei.categories.CryoFreezingCategory@14101ccc
[12Aug2024 14:56:42.460] [REI-ReloadPlugins/ERROR] [REI/]: [REI] Display [ad_astra:cryo_freezing/cryo_fuel_from_cryo_freezing_ice_shard] me.shedaniel.rei.jeicompat.wrap.JEIWrappedDisplay@3a99e833 failed validation check for category [ad_astra:cryo_freezing] earth.terrarium.adastra.common.compat.rei.categories.CryoFreezingCategory@14101ccc
[12Aug2024 14:56:42.460] [REI-ReloadPlugins/ERROR] [REI/]: [REI] Display [ad_astra:cryo_freezing/cryo_fuel_from_cryo_freezing_ice] me.shedaniel.rei.jeicompat.wrap.JEIWrappedDisplay@3e0d32b2 failed validation check for category [ad_astra:cryo_freezing] earth.terrarium.adastra.common.compat.rei.categories.CryoFreezingCategory@14101ccc
[12Aug2024 14:56:42.460] [REI-ReloadPlugins/ERROR] [REI/]: [REI] Display [ad_astra:nasa_workbench/tier_1_rocket_from_nasa_workbench] me.shedaniel.rei.jeicompat.wrap.JEIWrappedDisplay@649618a0 failed validation check for category [ad_astra:nasa_workbench] earth.terrarium.adastra.common.compat.rei.categories.NasaWorkbenchCategory@33d93e22
[12Aug2024 14:56:42.460] [REI-ReloadPlugins/ERROR] [REI/]: [REI] Display [ad_astra:nasa_workbench/tier_3_rocket_from_nasa_workbench] me.shedaniel.rei.jeicompat.wrap.JEIWrappedDisplay@4d18f3a5 failed validation check for category [ad_astra:nasa_workbench] earth.terrarium.adastra.common.compat.rei.categories.NasaWorkbenchCategory@33d93e22
[12Aug2024 14:56:42.460] [REI-ReloadPlugins/ERROR] [REI/]: [REI] Display [ad_astra:nasa_workbench/tier_4_rocket_from_nasa_workbench] me.shedaniel.rei.jeicompat.wrap.JEIWrappedDisplay@545381a0 failed validation check for category [ad_astra:nasa_workbench] earth.terrarium.adastra.common.compat.rei.categories.NasaWorkbenchCategory@33d93e22
[12Aug2024 14:56:42.460] [REI-ReloadPlugins/ERROR] [REI/]: [REI] Display [ad_astra:nasa_workbench/tier_2_rocket_from_nasa_workbench] me.shedaniel.rei.jeicompat.wrap.JEIWrappedDisplay@20d2ae2 failed validation check for category [ad_astra:nasa_workbench] earth.terrarium.adastra.common.compat.rei.categories.NasaWorkbenchCategory@33d93e22
[12Aug2024 14:56:42.473] [REI-ReloadPlugins/INFO] [REI/]: [REI] Cancelled Views buildMap since plugins have not finished reloading.
[12Aug2024 14:56:42.818] [Render thread/INFO] [REI/]: [REI] Cancelled Views buildMap since plugins have not finished reloading.
[12Aug2024 14:56:42.885] [REI-ReloadPlugins/WARN] [REI/]: [REI] createFocusLink is not supported in REI yet!
[12Aug2024 14:56:42.885] [REI-ReloadPlugins/WARN] [REI/]: [REI] createFocusLink is not supported in REI yet!
[12Aug2024 14:56:42.918] [REI-ReloadPlugins/INFO] [REI/]: [REI] REIClientPlugin finished post-reload for END in 460.5 ms, totaling 2.868 s.
[12Aug2024 14:56:42.918] [REI-ReloadPlugins/INFO] [REI/]: [REI] REIServerPlugin finished post-reload for END in 167.7 ?s, totaling 1.731 ms.
[12Aug2024 14:56:56.563] [Server thread/INFO] [net.minecraft.client.server.IntegratedServer/]: Saving and pausing game...
[12Aug2024 14:56:56.572] [Server thread/INFO] [net.minecraft.server.MinecraftServer/]: Saving chunks for level 'ServerLevel[New World]'/minecraft:overworld
[12Aug2024 14:56:56.582] [Server thread/INFO] [net.minecraft.server.MinecraftServer/]: Saving chunks for level 'ServerLevel[New World]'/ad_astra:glacio_orbit
[12Aug2024 14:56:56.583] [Server thread/INFO] [net.minecraft.server.MinecraftServer/]: Saving chunks for level 'ServerLevel[New World]'/bloodmagic:dungeon
[12Aug2024 14:56:56.586] [Server thread/INFO] [net.minecraft.server.MinecraftServer/]: Saving chunks for level 'ServerLevel[New World]'/ad_astra:venus_orbit
[12Aug2024 14:56:56.589] [Server thread/INFO] [net.minecraft.server.MinecraftServer/]: Saving chunks for level 'ServerLevel[New World]'/minecraft:the_nether
[12Aug2024 14:56:56.591] [Server thread/INFO] [net.minecraft.server.MinecraftServer/]: Saving chunks for level 'ServerLevel[New World]'/ad_astra:earth_orbit
[12Aug2024 14:56:56.593] [Server thread/INFO] [net.minecraft.server.MinecraftServer/]: Saving chunks for level 'ServerLevel[New World]'/ad_astra:venus
[12Aug2024 14:56:56.595] [Server thread/INFO] [net.minecraft.server.MinecraftServer/]: Saving chunks for level 'ServerLevel[New World]'/ad_astra:mercury_orbit
[12Aug2024 14:56:56.598] [Server thread/INFO] [net.minecraft.server.MinecraftServer/]: Saving chunks for level 'ServerLevel[New World]'/ad_astra:moon
[12Aug2024 14:56:56.602] [Server thread/INFO] [net.minecraft.server.MinecraftServer/]: Saving chunks for level 'ServerLevel[New World]'/ad_astra:mercury
[12Aug2024 14:56:56.603] [Server thread/INFO] [net.minecraft.server.MinecraftServer/]: Saving chunks for level 'ServerLevel[New World]'/minecraft:the_end
[12Aug2024 14:56:56.608] [Server thread/INFO] [net.minecraft.server.MinecraftServer/]: Saving chunks for level 'ServerLevel[New World]'/ad_astra:mars_orbit
[12Aug2024 14:56:56.611] [Server thread/INFO] [net.minecraft.server.MinecraftServer/]: Saving chunks for level 'ServerLevel[New World]'/ad_astra:moon_orbit
[12Aug2024 14:56:56.615] [Server thread/INFO] [net.minecraft.server.MinecraftServer/]: Saving chunks for level 'ServerLevel[New World]'/ad_astra:glacio
[12Aug2024 14:56:56.617] [Server thread/INFO] [net.minecraft.server.MinecraftServer/]: Saving chunks for level 'ServerLevel[New World]'/ad_astra:mars
[12Aug2024 14:56:56.620] [Server thread/INFO] [net.minecraft.server.MinecraftServer/]: Saving chunks for level 'ServerLevel[New World]'/ae2:spatial_storage
[12Aug2024 14:56:57.043] [Render thread/INFO] [minecolonies/]: Removed all colony views
[12Aug2024 14:56:57.076] [Server thread/INFO] [net.minecraft.server.network.ServerGamePacketListenerImpl/]: NemEzanevem lost connection: Disconnected
[12Aug2024 14:56:57.076] [Server thread/INFO] [net.minecraft.server.MinecraftServer/]: NemEzanevem left the game
[12Aug2024 14:56:57.090] [Server thread/INFO] [net.minecraft.server.network.ServerGamePacketListenerImpl/]: Stopping singleplayer server as player logged out
[12Aug2024 14:56:57.141] [Server thread/INFO] [net.minecraft.server.MinecraftServer/]: Stopping server
[12Aug2024 14:56:57.142] [Server thread/INFO] [net.minecraft.server.MinecraftServer/]: Saving players
[12Aug2024 14:56:57.142] [Server thread/INFO] [net.minecraft.server.MinecraftServer/]: Saving worlds
[12Aug2024 14:56:57.571] [Server thread/INFO] [net.minecraft.server.MinecraftServer/]: Saving chunks for level 'ServerLevel[New World]'/minecraft:overworld
[12Aug2024 14:56:57.756] [Server thread/INFO] [net.minecraft.server.MinecraftServer/]: Saving chunks for level 'ServerLevel[New World]'/ad_astra:glacio_orbit
[12Aug2024 14:56:57.758] [Server thread/INFO] [net.minecraft.server.MinecraftServer/]: Saving chunks for level 'ServerLevel[New World]'/bloodmagic:dungeon
[12Aug2024 14:56:57.761] [Server thread/INFO] [net.minecraft.server.MinecraftServer/]: Saving chunks for level 'ServerLevel[New World]'/ad_astra:venus_orbit
[12Aug2024 14:56:57.763] [Server thread/INFO] [net.minecraft.server.MinecraftServer/]: Saving chunks for level 'ServerLevel[New World]'/minecraft:the_nether
[12Aug2024 14:56:57.765] [Server thread/INFO] [net.minecraft.server.MinecraftServer/]: Saving chunks for level 'ServerLevel[New World]'/ad_astra:earth_orbit
[12Aug2024 14:56:57.769] [Server thread/INFO] [net.minecraft.server.MinecraftServer/]: Saving chunks for level 'ServerLevel[New World]'/ad_astra:venus
[12Aug2024 14:56:57.771] [Server thread/INFO] [net.minecraft.server.MinecraftServer/]: Saving chunks for level 'ServerLevel[New World]'/ad_astra:mercury_orbit
[12Aug2024 14:56:57.773] [Server thread/INFO] [net.minecraft.server.MinecraftServer/]: Saving chunks for level 'ServerLevel[New World]'/ad_astra:moon
[12Aug2024 14:56:57.775] [Server thread/INFO] [net.minecraft.server.MinecraftServer/]: Saving chunks for level 'ServerLevel[New World]'/ad_astra:mercury
[12Aug2024 14:56:57.777] [Server thread/INFO] [net.minecraft.server.MinecraftServer/]: Saving chunks for level 'ServerLevel[New World]'/minecraft:the_end
[12Aug2024 14:56:57.779] [Server thread/INFO] [net.minecraft.server.MinecraftServer/]: Saving chunks for level 'ServerLevel[New World]'/ad_astra:mars_orbit
[12Aug2024 14:56:57.782] [Server thread/INFO] [net.minecraft.server.MinecraftServer/]: Saving chunks for level 'ServerLevel[New World]'/ad_astra:moon_orbit
[12Aug2024 14:56:57.783] [Server thread/INFO] [net.minecraft.server.MinecraftServer/]: Saving chunks for level 'ServerLevel[New World]'/ad_astra:glacio
[12Aug2024 14:56:57.786] [Server thread/INFO] [net.minecraft.server.MinecraftServer/]: Saving chunks for level 'ServerLevel[New World]'/ad_astra:mars
[12Aug2024 14:56:57.789] [Server thread/INFO] [net.minecraft.server.MinecraftServer/]: Saving chunks for level 'ServerLevel[New World]'/ae2:spatial_storage
[12Aug2024 14:56:57.902] [Server thread/INFO] [net.minecraft.server.MinecraftServer/]: ThreadedAnvilChunkStorage (New World): All chunks are saved
[12Aug2024 14:56:57.902] [Server thread/INFO] [net.minecraft.server.MinecraftServer/]: ThreadedAnvilChunkStorage (glacio_orbit): All chunks are saved
[12Aug2024 14:56:57.902] [Server thread/INFO] [net.minecraft.server.MinecraftServer/]: ThreadedAnvilChunkStorage (dungeon): All chunks are saved
[12Aug2024 14:56:57.902] [Server thread/INFO] [net.minecraft.server.MinecraftServer/]: ThreadedAnvilChunkStorage (venus_orbit): All chunks are saved
[12Aug2024 14:56:57.902] [Server thread/INFO] [net.minecraft.server.MinecraftServer/]: ThreadedAnvilChunkStorage (DIM-1): All chunks are saved
[12Aug2024 14:56:57.902] [Server thread/INFO] [net.minecraft.server.MinecraftServer/]: ThreadedAnvilChunkStorage (earth_orbit): All chunks are saved
[12Aug2024 14:56:57.902] [Server thread/INFO] [net.minecraft.server.MinecraftServer/]: ThreadedAnvilChunkStorage (venus): All chunks are saved
[12Aug2024 14:56:57.902] [Server thread/INFO] [net.minecraft.server.MinecraftServer/]: ThreadedAnvilChunkStorage (mercury_orbit): All chunks are saved
[12Aug2024 14:56:57.902] [Server thread/INFO] [net.minecraft.server.MinecraftServer/]: ThreadedAnvilChunkStorage (moon): All chunks are saved
[12Aug2024 14:56:57.902] [Server thread/INFO] [net.minecraft.server.MinecraftServer/]: ThreadedAnvilChunkStorage (mercury): All chunks are saved
[12Aug2024 14:56:57.902] [Server thread/INFO] [net.minecraft.server.MinecraftServer/]: ThreadedAnvilChunkStorage (DIM1): All chunks are saved
[12Aug2024 14:56:57.902] [Server thread/INFO] [net.minecraft.server.MinecraftServer/]: ThreadedAnvilChunkStorage (mars_orbit): All chunks are saved
[12Aug2024 14:56:57.902] [Server thread/INFO] [net.minecraft.server.MinecraftServer/]: ThreadedAnvilChunkStorage (moon_orbit): All chunks are saved
[12Aug2024 14:56:57.902] [Server thread/INFO] [net.minecraft.server.MinecraftServer/]: ThreadedAnvilChunkStorage (glacio): All chunks are saved
[12Aug2024 14:56:57.902] [Server thread/INFO] [net.minecraft.server.MinecraftServer/]: ThreadedAnvilChunkStorage (mars): All chunks are saved
[12Aug2024 14:56:57.902] [Server thread/INFO] [net.minecraft.server.MinecraftServer/]: ThreadedAnvilChunkStorage (spatial_storage): All chunks are saved
[12Aug2024 14:56:57.902] [Server thread/INFO] [net.minecraft.server.MinecraftServer/]: ThreadedAnvilChunkStorage: All dimensions are saved
[12Aug2024 14:56:58.086] [Server thread/INFO] [Framework/]: Unloading server configs...
[12Aug2024 14:56:58.088] [Server thread/INFO] [Framework/]: Sending config unload event for refurbished_furniture.server.toml
[12Aug2024 14:56:58.116] [Render thread/INFO] [ChunkBuilder/]: Stopping worker threads
[12Aug2024 14:56:58.116] [Render thread/INFO] [com.mojang.blaze3d.platform.GlDebug/]: OpenGL debug message: id=1282, source=API, type=ERROR, severity=HIGH, message='GL_INVALID_OPERATION error generated. Buffer object is not resident for this context.'
[12Aug2024 14:56:58.117] [Render thread/INFO] [com.mojang.blaze3d.platform.GlDebug/]: OpenGL debug message: id=1282, source=API, type=ERROR, severity=HIGH, message='GL_INVALID_OPERATION error generated. Buffer object is not resident for this context.'
[12Aug2024 14:56:58.143] [Render thread/WARN] [structurize/]: Client logged off. Resetting Pack Meta and Reloading State
[12Aug2024 14:56:58.152] [Structurize IO Worker #1/INFO] [structurize/]: Registered structure pack: Warped Netherlands
[12Aug2024 14:56:58.152] [Structurize IO Worker #1/INFO] [structurize/]: Registered structure pack: Stalactite Caves
[12Aug2024 14:56:58.153] [Structurize IO Worker #1/INFO] [structurize/]: Registered structure pack: Space Wars
[12Aug2024 14:56:58.153] [Structurize IO Worker #1/INFO] [structurize/]: Registered structure pack: Shire
[12Aug2024 14:56:58.153] [Structurize IO Worker #1/INFO] [structurize/]: Registered structure pack: Desert Oasis
[12Aug2024 14:56:58.155] [Structurize IO Worker #1/INFO] [structurize/]: Registered structure pack: Pagoda
[12Aug2024 14:56:58.155] [Structurize IO Worker #1/INFO] [structurize/]: Registered structure pack: Minecolonies Original
[12Aug2024 14:56:58.155] [Structurize IO Worker #1/INFO] [structurize/]: Registered structure pack: Nordic Spruce
[12Aug2024 14:56:58.155] [Structurize IO Worker #1/INFO] [structurize/]: Registered structure pack: Medieval Spruce
[12Aug2024 14:56:58.155] [Structurize IO Worker #1/INFO] [structurize/]: Registered structure pack: Medieval Oak
[12Aug2024 14:56:58.155] [Structurize IO Worker #1/INFO] [structurize/]: Registered structure pack: Medieval Dark Oak
[12Aug2024 14:56:58.155] [Structurize IO Worker #1/INFO] [structurize/]: Registered structure pack: Medieval Birch
[12Aug2024 14:56:58.156] [Structurize IO Worker #1/INFO] [structurize/]: Registered structure pack: Lost Mesa City
[12Aug2024 14:56:58.156] [Structurize IO Worker #1/INFO] [structurize/]: Registered structure pack: Jungle Treehouse
[12Aug2024 14:56:58.156] [Structurize IO Worker #1/INFO] [structurize/]: Registered structure pack: Incan
[12Aug2024 14:56:58.156] [Structurize IO Worker #1/INFO] [structurize/]: Registered structure pack: Fortress
[12Aug2024 14:56:58.156] [Structurize IO Worker #1/INFO] [structurize/]: Registered structure pack: Dark Oak Treehouse
[12Aug2024 14:56:58.157] [Structurize IO Worker #1/INFO] [structurize/]: Registered structure pack: Colonial
[12Aug2024 14:56:58.157] [Structurize IO Worker #1/INFO] [structurize/]: Registered structure pack: Cavern
[12Aug2024 14:56:58.157] [Structurize IO Worker #1/INFO] [structurize/]: Registered structure pack: Caledonia
[12Aug2024 14:56:58.157] [Structurize IO Worker #1/INFO] [structurize/]: Registered structure pack: Urban Birch
[12Aug2024 14:56:58.157] [Structurize IO Worker #1/INFO] [structurize/]: Registered structure pack: Ancient Athens
[12Aug2024 14:56:58.157] [Structurize IO Worker #1/INFO] [structurize/]: Registered structure pack: Urban Savanna
[12Aug2024 14:56:58.159] [Structurize IO Worker #1/INFO] [structurize/]: Registered structure pack: NemEzanevem
[12Aug2024 14:56:58.160] [Structurize IO Worker #1/INFO] [structurize/]: Registered structure pack: spectator
[12Aug2024 14:56:58.160] [Structurize IO Worker #1/WARN] [structurize/]: Finished discovering Client Structure packs
[12Aug2024 14:56:59.134] [Render thread/INFO] [net.minecraft.client.Minecraft/]: Stopping!
